"GEOID","an_atac_rate","an_gtgc_rate","an_cvddiff1_rate","an_tempdiff2_rate","group","start","amount","end","id","label_loc","color_assignment"
"370850701003",5.78808325608969,13.2373668305227,3.24701058490917,4.20227298952384,"RT Summer Avg. Rate",0,5.78808325608969,5.78808325608969,1,5.78808325608969,"Average"
"370850701003",5.78808325608969,13.2373668305227,3.24701058490917,4.20227298952384,"Health Contribution",5.78808325608969,3.24701058490917,9.03509384099886,2,9.03509384099886,"Large Above"
"370850701003",5.78808325608969,13.2373668305227,3.24701058490917,4.20227298952384,"Heat Contribution",9.03509384099886,4.20227298952384,13.2373668305227,3,13.2373668305227,"Large Above"
"370850701003",5.78808325608969,13.2373668305227,3.24701058490917,4.20227298952384,"CBG Attributable Rate",0,13.2373668305227,13.2373668305227,4,13.2373668305227,"CBG"
"370850703002",5.78808325608969,15.391645910023,3.88063623779033,5.72292641614296,"RT Summer Avg. Rate",0,5.78808325608969,5.78808325608969,1,5.78808325608969,"Average"
"370850703002",5.78808325608969,15.391645910023,3.88063623779033,5.72292641614296,"Health Contribution",5.78808325608969,3.88063623779033,9.66871949388002,2,9.66871949388002,"Large Above"
"370850703002",5.78808325608969,15.391645910023,3.88063623779033,5.72292641614296,"Heat Contribution",9.66871949388002,5.72292641614296,15.391645910023,3,15.391645910023,"Large Above"
"370850703002",5.78808325608969,15.391645910023,3.88063623779033,5.72292641614296,"CBG Attributable Rate",0,15.391645910023,15.391645910023,4,15.391645910023,"CBG"
"370850702001",5.78808325608969,10.8466329544811,2.32896419823628,2.72958550015511,"RT Summer Avg. Rate",0,5.78808325608969,5.78808325608969,1,5.78808325608969,"Average"
"370850702001",5.78808325608969,10.8466329544811,2.32896419823628,2.72958550015511,"Health Contribution",5.78808325608969,2.32896419823628,8.11704745432597,2,8.11704745432597,"Large Above"
"370850702001",5.78808325608969,10.8466329544811,2.32896419823628,2.72958550015511,"Heat Contribution",8.11704745432597,2.72958550015511,10.8466329544811,3,10.8466329544811,"Large Above"
"370850702001",5.78808325608969,10.8466329544811,2.32896419823628,2.72958550015511,"CBG Attributable Rate",0,10.8466329544811,10.8466329544811,4,10.8466329544811,"CBG"
"371830534291",5.78808325608969,5.82408209300577,-0.20878859789783,0.244787434813905,"RT Summer Avg. Rate",0,5.78808325608969,5.78808325608969,1,5.78808325608969,"Average"
"371830534291",5.78808325608969,5.82408209300577,-0.20878859789783,0.244787434813905,"Health Contribution",5.78808325608969,-0.20878859789783,5.57929465819186,2,5.78808325608969,"Small Below"
"371830534291",5.78808325608969,5.82408209300577,-0.20878859789783,0.244787434813905,"Heat Contribution",5.57929465819186,0.244787434813905,5.82408209300577,3,5.82408209300577,"Small Above"
"371830534291",5.78808325608969,5.82408209300577,-0.20878859789783,0.244787434813905,"CBG Attributable Rate",0,5.82408209300577,5.82408209300577,4,5.82408209300577,"CBG"
"371830534321",5.78808325608969,4.8447730031894,-0.88781258886479,-0.0554976640355023,"RT Summer Avg. Rate",0,5.78808325608969,5.78808325608969,1,5.78808325608969,"Average"
"371830534321",5.78808325608969,4.8447730031894,-0.88781258886479,-0.0554976640355023,"Health Contribution",5.78808325608969,-0.88781258886479,4.9002706672249,2,5.78808325608969,"Small Below"
"371830534321",5.78808325608969,4.8447730031894,-0.88781258886479,-0.0554976640355023,"Heat Contribution",4.9002706672249,-0.0554976640355023,4.8447730031894,3,4.9002706672249,"Small Below"
"371830534321",5.78808325608969,4.8447730031894,-0.88781258886479,-0.0554976640355023,"CBG Attributable Rate",0,4.8447730031894,4.8447730031894,4,4.8447730031894,"CBG"
"371830534351",5.78808325608969,4.56213676054053,-1.2336308446088,0.00768434905963697,"RT Summer Avg. Rate",0,5.78808325608969,5.78808325608969,1,5.78808325608969,"Average"
"371830534351",5.78808325608969,4.56213676054053,-1.2336308446088,0.00768434905963697,"Health Contribution",5.78808325608969,-1.2336308446088,4.55445241148089,2,5.78808325608969,"Small Below"
"371830534351",5.78808325608969,4.56213676054053,-1.2336308446088,0.00768434905963697,"Heat Contribution",4.55445241148089,0.00768434905963697,4.56213676054053,3,4.56213676054053,"Small Above"
"371830534351",5.78808325608969,4.56213676054053,-1.2336308446088,0.00768434905963697,"CBG Attributable Rate",0,4.56213676054053,4.56213676054053,4,4.56213676054053,"CBG"
"371830534302",5.78808325608969,6.36799121797093,0.648617524858619,-0.0687095629773862,"RT Summer Avg. Rate",0,5.78808325608969,5.78808325608969,1,5.78808325608969,"Average"
"371830534302",5.78808325608969,6.36799121797093,0.648617524858619,-0.0687095629773862,"Health Contribution",5.78808325608969,0.648617524858619,6.43670078094831,2,6.43670078094831,"Small Above"
"371830534302",5.78808325608969,6.36799121797093,0.648617524858619,-0.0687095629773862,"Heat Contribution",6.43670078094831,-0.0687095629773862,6.36799121797092,3,6.43670078094831,"Small Below"
"371830534302",5.78808325608969,6.36799121797093,0.648617524858619,-0.0687095629773862,"CBG Attributable Rate",0,6.36799121797093,6.36799121797093,4,6.36799121797093,"CBG"
"371830542241",5.78808325608969,4.35958699068521,-1.279330892175,-0.149165373229487,"RT Summer Avg. Rate",0,5.78808325608969,5.78808325608969,1,5.78808325608969,"Average"
"371830542241",5.78808325608969,4.35958699068521,-1.279330892175,-0.149165373229487,"Health Contribution",5.78808325608969,-1.279330892175,4.50875236391469,2,5.78808325608969,"Small Below"
"371830542241",5.78808325608969,4.35958699068521,-1.279330892175,-0.149165373229487,"Heat Contribution",4.50875236391469,-0.149165373229487,4.3595869906852,3,4.50875236391469,"Small Below"
"371830542241",5.78808325608969,4.35958699068521,-1.279330892175,-0.149165373229487,"CBG Attributable Rate",0,4.35958699068521,4.35958699068521,4,4.35958699068521,"CBG"
"371830542231",5.78808325608969,5.67222161317466,0.621236853476989,-0.737098496392028,"RT Summer Avg. Rate",0,5.78808325608969,5.78808325608969,1,5.78808325608969,"Average"
"371830542231",5.78808325608969,5.67222161317466,0.621236853476989,-0.737098496392028,"Health Contribution",5.78808325608969,0.621236853476989,6.40932010956668,2,6.40932010956668,"Small Above"
"371830542231",5.78808325608969,5.67222161317466,0.621236853476989,-0.737098496392028,"Heat Contribution",6.40932010956668,-0.737098496392028,5.67222161317465,3,6.40932010956668,"Small Below"
"371830542231",5.78808325608969,5.67222161317466,0.621236853476989,-0.737098496392028,"CBG Attributable Rate",0,5.67222161317466,5.67222161317466,4,5.67222161317466,"CBG"
"371830534343",5.78808325608969,6.75440747428443,0.402269866231763,0.564054351962976,"RT Summer Avg. Rate",0,5.78808325608969,5.78808325608969,1,5.78808325608969,"Average"
"371830534343",5.78808325608969,6.75440747428443,0.402269866231763,0.564054351962976,"Health Contribution",5.78808325608969,0.402269866231763,6.19035312232145,2,6.19035312232145,"Small Above"
"371830534343",5.78808325608969,6.75440747428443,0.402269866231763,0.564054351962976,"Heat Contribution",6.19035312232145,0.564054351962976,6.75440747428443,3,6.75440747428443,"Small Above"
"371830534343",5.78808325608969,6.75440747428443,0.402269866231763,0.564054351962976,"CBG Attributable Rate",0,6.75440747428443,6.75440747428443,4,6.75440747428443,"CBG"
"371830542242",5.78808325608969,8.2749912821752,2.8946803622678,-0.407772336182291,"RT Summer Avg. Rate",0,5.78808325608969,5.78808325608969,1,5.78808325608969,"Average"
"371830542242",5.78808325608969,8.2749912821752,2.8946803622678,-0.407772336182291,"Health Contribution",5.78808325608969,2.8946803622678,8.68276361835749,2,8.68276361835749,"Large Above"
"371830542242",5.78808325608969,8.2749912821752,2.8946803622678,-0.407772336182291,"Heat Contribution",8.68276361835749,-0.407772336182291,8.2749912821752,3,8.68276361835749,"Small Below"
"371830542242",5.78808325608969,8.2749912821752,2.8946803622678,-0.407772336182291,"CBG Attributable Rate",0,8.2749912821752,8.2749912821752,4,8.2749912821752,"CBG"
"371830534312",5.78808325608969,4.48349166195783,-0.877456870819173,-0.427134723312691,"RT Summer Avg. Rate",0,5.78808325608969,5.78808325608969,1,5.78808325608969,"Average"
"371830534312",5.78808325608969,4.48349166195783,-0.877456870819173,-0.427134723312691,"Health Contribution",5.78808325608969,-0.877456870819173,4.91062638527052,2,5.78808325608969,"Small Below"
"371830534312",5.78808325608969,4.48349166195783,-0.877456870819173,-0.427134723312691,"Heat Contribution",4.91062638527052,-0.427134723312691,4.48349166195783,3,4.91062638527052,"Small Below"
"371830534312",5.78808325608969,4.48349166195783,-0.877456870819173,-0.427134723312691,"CBG Attributable Rate",0,4.48349166195783,4.48349166195783,4,4.48349166195783,"CBG"
"371830534332",5.78808325608969,5.3059293192284,-1.07548397460062,0.593330037739322,"RT Summer Avg. Rate",0,5.78808325608969,5.78808325608969,1,5.78808325608969,"Average"
"371830534332",5.78808325608969,5.3059293192284,-1.07548397460062,0.593330037739322,"Health Contribution",5.78808325608969,-1.07548397460062,4.71259928148907,2,5.78808325608969,"Small Below"
"371830534332",5.78808325608969,5.3059293192284,-1.07548397460062,0.593330037739322,"Heat Contribution",4.71259928148907,0.593330037739322,5.30592931922839,3,5.30592931922839,"Small Above"
"371830534332",5.78808325608969,5.3059293192284,-1.07548397460062,0.593330037739322,"CBG Attributable Rate",0,5.3059293192284,5.3059293192284,4,5.3059293192284,"CBG"
"371830542232",5.78808325608969,2.94305217221834,-2.35641171936523,-0.488619364506129,"RT Summer Avg. Rate",0,5.78808325608969,5.78808325608969,1,5.78808325608969,"Average"
"371830542232",5.78808325608969,2.94305217221834,-2.35641171936523,-0.488619364506129,"Health Contribution",5.78808325608969,-2.35641171936523,3.43167153672446,2,5.78808325608969,"Large Below"
"371830542232",5.78808325608969,2.94305217221834,-2.35641171936523,-0.488619364506129,"Heat Contribution",3.43167153672446,-0.488619364506129,2.94305217221833,3,3.43167153672446,"Small Below"
"371830542232",5.78808325608969,2.94305217221834,-2.35641171936523,-0.488619364506129,"CBG Attributable Rate",0,2.94305217221834,2.94305217221834,4,2.94305217221834,"CBG"
"371830534341",5.78808325608969,4.13034528309049,-1.98558193778964,0.32784396479044,"RT Summer Avg. Rate",0,5.78808325608969,5.78808325608969,1,5.78808325608969,"Average"
"371830534341",5.78808325608969,4.13034528309049,-1.98558193778964,0.32784396479044,"Health Contribution",5.78808325608969,-1.98558193778964,3.80250131830005,2,5.78808325608969,"Small Below"
"371830534341",5.78808325608969,4.13034528309049,-1.98558193778964,0.32784396479044,"Heat Contribution",3.80250131830005,0.32784396479044,4.13034528309049,3,4.13034528309049,"Small Above"
"371830534341",5.78808325608969,4.13034528309049,-1.98558193778964,0.32784396479044,"CBG Attributable Rate",0,4.13034528309049,4.13034528309049,4,4.13034528309049,"CBG"
"371830534271",5.78808325608969,5.20324443014092,-0.706947639513574,0.122108813564794,"RT Summer Avg. Rate",0,5.78808325608969,5.78808325608969,1,5.78808325608969,"Average"
"371830534271",5.78808325608969,5.20324443014092,-0.706947639513574,0.122108813564794,"Health Contribution",5.78808325608969,-0.706947639513574,5.08113561657612,2,5.78808325608969,"Small Below"
"371830534271",5.78808325608969,5.20324443014092,-0.706947639513574,0.122108813564794,"Heat Contribution",5.08113561657612,0.122108813564794,5.20324443014091,3,5.20324443014091,"Small Above"
"371830534271",5.78808325608969,5.20324443014092,-0.706947639513574,0.122108813564794,"CBG Attributable Rate",0,5.20324443014092,5.20324443014092,4,5.20324443014092,"CBG"
"371830534301",5.78808325608969,6.58248293298405,0.682219583295078,0.112180093599281,"RT Summer Avg. Rate",0,5.78808325608969,5.78808325608969,1,5.78808325608969,"Average"
"371830534301",5.78808325608969,6.58248293298405,0.682219583295078,0.112180093599281,"Health Contribution",5.78808325608969,0.682219583295078,6.47030283938477,2,6.47030283938477,"Small Above"
"371830534301",5.78808325608969,6.58248293298405,0.682219583295078,0.112180093599281,"Heat Contribution",6.47030283938477,0.112180093599281,6.58248293298405,3,6.58248293298405,"Small Above"
"371830534301",5.78808325608969,6.58248293298405,0.682219583295078,0.112180093599281,"CBG Attributable Rate",0,6.58248293298405,6.58248293298405,4,6.58248293298405,"CBG"
"371830534342",5.78808325608969,8.15335315918335,1.69735354636792,0.667916356725733,"RT Summer Avg. Rate",0,5.78808325608969,5.78808325608969,1,5.78808325608969,"Average"
"371830534342",5.78808325608969,8.15335315918335,1.69735354636792,0.667916356725733,"Health Contribution",5.78808325608969,1.69735354636792,7.48543680245761,2,7.48543680245761,"Small Above"
"371830534342",5.78808325608969,8.15335315918335,1.69735354636792,0.667916356725733,"Heat Contribution",7.48543680245761,0.667916356725733,8.15335315918334,3,8.15335315918334,"Small Above"
"371830534342",5.78808325608969,8.15335315918335,1.69735354636792,0.667916356725733,"CBG Attributable Rate",0,8.15335315918335,8.15335315918335,4,8.15335315918335,"CBG"
"371830534282",5.78808325608969,4.99126382281925,-0.945083931251411,0.148264497980966,"RT Summer Avg. Rate",0,5.78808325608969,5.78808325608969,1,5.78808325608969,"Average"
"371830534282",5.78808325608969,4.99126382281925,-0.945083931251411,0.148264497980966,"Health Contribution",5.78808325608969,-0.945083931251411,4.84299932483828,2,5.78808325608969,"Small Below"
"371830534282",5.78808325608969,4.99126382281925,-0.945083931251411,0.148264497980966,"Heat Contribution",4.84299932483828,0.148264497980966,4.99126382281925,3,4.99126382281925,"Small Above"
"371830534282",5.78808325608969,4.99126382281925,-0.945083931251411,0.148264497980966,"CBG Attributable Rate",0,4.99126382281925,4.99126382281925,4,4.99126382281925,"CBG"
"371830534362",5.78808325608969,4.77042868139857,-0.944653597052845,-0.0730009776382844,"RT Summer Avg. Rate",0,5.78808325608969,5.78808325608969,1,5.78808325608969,"Average"
"371830534362",5.78808325608969,4.77042868139857,-0.944653597052845,-0.0730009776382844,"Health Contribution",5.78808325608969,-0.944653597052845,4.84342965903685,2,5.78808325608969,"Small Below"
"371830534362",5.78808325608969,4.77042868139857,-0.944653597052845,-0.0730009776382844,"Heat Contribution",4.84342965903685,-0.0730009776382844,4.77042868139856,3,4.84342965903685,"Small Below"
"371830534362",5.78808325608969,4.77042868139857,-0.944653597052845,-0.0730009776382844,"CBG Attributable Rate",0,4.77042868139857,4.77042868139857,4,4.77042868139857,"CBG"
"371830542243",5.78808325608969,7.76125697722776,1.93157805890155,0.0415956622365212,"RT Summer Avg. Rate",0,5.78808325608969,5.78808325608969,1,5.78808325608969,"Average"
"371830542243",5.78808325608969,7.76125697722776,1.93157805890155,0.0415956622365212,"Health Contribution",5.78808325608969,1.93157805890155,7.71966131499124,2,7.71966131499124,"Small Above"
"371830542243",5.78808325608969,7.76125697722776,1.93157805890155,0.0415956622365212,"Heat Contribution",7.71966131499124,0.0415956622365212,7.76125697722776,3,7.76125697722776,"Small Above"
"371830542243",5.78808325608969,7.76125697722776,1.93157805890155,0.0415956622365212,"CBG Attributable Rate",0,7.76125697722776,7.76125697722776,4,7.76125697722776,"CBG"
"371830534272",5.78808325608969,5.04702354444297,-1.13997555035185,0.398915838705125,"RT Summer Avg. Rate",0,5.78808325608969,5.78808325608969,1,5.78808325608969,"Average"
"371830534272",5.78808325608969,5.04702354444297,-1.13997555035185,0.398915838705125,"Health Contribution",5.78808325608969,-1.13997555035185,4.64810770573784,2,5.78808325608969,"Small Below"
"371830534272",5.78808325608969,5.04702354444297,-1.13997555035185,0.398915838705125,"Heat Contribution",4.64810770573784,0.398915838705125,5.04702354444296,3,5.04702354444296,"Small Above"
"371830534272",5.78808325608969,5.04702354444297,-1.13997555035185,0.398915838705125,"CBG Attributable Rate",0,5.04702354444297,5.04702354444297,4,5.04702354444297,"CBG"
"371830534303",5.78808325608969,4.25006991552038,-1.69370844772885,0.155695107159533,"RT Summer Avg. Rate",0,5.78808325608969,5.78808325608969,1,5.78808325608969,"Average"
"371830534303",5.78808325608969,4.25006991552038,-1.69370844772885,0.155695107159533,"Health Contribution",5.78808325608969,-1.69370844772885,4.09437480836084,2,5.78808325608969,"Small Below"
"371830534303",5.78808325608969,4.25006991552038,-1.69370844772885,0.155695107159533,"Heat Contribution",4.09437480836084,0.155695107159533,4.25006991552037,3,4.25006991552037,"Small Above"
"371830534303",5.78808325608969,4.25006991552038,-1.69370844772885,0.155695107159533,"CBG Attributable Rate",0,4.25006991552038,4.25006991552038,4,4.25006991552038,"CBG"
"371350108042",5.78808325608969,3.26672195166628,0.780469569702111,-3.30183087412553,"RT Summer Avg. Rate",0,5.78808325608969,5.78808325608969,1,5.78808325608969,"Average"
"371350108042",5.78808325608969,3.26672195166628,0.780469569702111,-3.30183087412553,"Health Contribution",5.78808325608969,0.780469569702111,6.5685528257918,2,6.5685528257918,"Small Above"
"371350108042",5.78808325608969,3.26672195166628,0.780469569702111,-3.30183087412553,"Heat Contribution",6.5685528257918,-3.30183087412553,3.26672195166627,3,6.5685528257918,"Large Below"
"371350108042",5.78808325608969,3.26672195166628,0.780469569702111,-3.30183087412553,"CBG Attributable Rate",0,3.26672195166628,3.26672195166628,4,3.26672195166628,"CBG"
"371350108033",5.78808325608969,1.9941405917783,-1.85200705169667,-1.94193561261472,"RT Summer Avg. Rate",0,5.78808325608969,5.78808325608969,1,5.78808325608969,"Average"
"371350108033",5.78808325608969,1.9941405917783,-1.85200705169667,-1.94193561261472,"Health Contribution",5.78808325608969,-1.85200705169667,3.93607620439302,2,5.78808325608969,"Small Below"
"371350108033",5.78808325608969,1.9941405917783,-1.85200705169667,-1.94193561261472,"Heat Contribution",3.93607620439302,-1.94193561261472,1.9941405917783,3,3.93607620439302,"Small Below"
"371350108033",5.78808325608969,1.9941405917783,-1.85200705169667,-1.94193561261472,"CBG Attributable Rate",0,1.9941405917783,1.9941405917783,4,1.9941405917783,"CBG"
"371350110012",5.78808325608969,2.54458878625173,-1.76220249067571,-1.48129197916226,"RT Summer Avg. Rate",0,5.78808325608969,5.78808325608969,1,5.78808325608969,"Average"
"371350110012",5.78808325608969,2.54458878625173,-1.76220249067571,-1.48129197916226,"Health Contribution",5.78808325608969,-1.76220249067571,4.02588076541398,2,5.78808325608969,"Small Below"
"371350110012",5.78808325608969,2.54458878625173,-1.76220249067571,-1.48129197916226,"Heat Contribution",4.02588076541398,-1.48129197916226,2.54458878625172,3,4.02588076541398,"Small Below"
"371350110012",5.78808325608969,2.54458878625173,-1.76220249067571,-1.48129197916226,"CBG Attributable Rate",0,2.54458878625173,2.54458878625173,4,2.54458878625173,"CBG"
"371350110021",5.78808325608969,3.67732085042715,0.098657415741466,-2.20941982140401,"RT Summer Avg. Rate",0,5.78808325608969,5.78808325608969,1,5.78808325608969,"Average"
"371350110021",5.78808325608969,3.67732085042715,0.098657415741466,-2.20941982140401,"Health Contribution",5.78808325608969,0.098657415741466,5.88674067183116,2,5.88674067183116,"Small Above"
"371350110021",5.78808325608969,3.67732085042715,0.098657415741466,-2.20941982140401,"Heat Contribution",5.88674067183116,-2.20941982140401,3.67732085042715,3,5.88674067183116,"Large Below"
"371350110021",5.78808325608969,3.67732085042715,0.098657415741466,-2.20941982140401,"CBG Attributable Rate",0,3.67732085042715,3.67732085042715,4,3.67732085042715,"CBG"
"371350109043",5.78808325608969,3.83123806250214,0.586218686801549,-2.5430638803891,"RT Summer Avg. Rate",0,5.78808325608969,5.78808325608969,1,5.78808325608969,"Average"
"371350109043",5.78808325608969,3.83123806250214,0.586218686801549,-2.5430638803891,"Health Contribution",5.78808325608969,0.586218686801549,6.37430194289124,2,6.37430194289124,"Small Above"
"371350109043",5.78808325608969,3.83123806250214,0.586218686801549,-2.5430638803891,"Heat Contribution",6.37430194289124,-2.5430638803891,3.83123806250214,3,6.37430194289124,"Large Below"
"371350109043",5.78808325608969,3.83123806250214,0.586218686801549,-2.5430638803891,"CBG Attributable Rate",0,3.83123806250214,3.83123806250214,4,3.83123806250214,"CBG"
"371350109042",5.78808325608969,3.49616750979159,-0.835932880755237,-1.45598286554287,"RT Summer Avg. Rate",0,5.78808325608969,5.78808325608969,1,5.78808325608969,"Average"
"371350109042",5.78808325608969,3.49616750979159,-0.835932880755237,-1.45598286554287,"Health Contribution",5.78808325608969,-0.835932880755237,4.95215037533445,2,5.78808325608969,"Small Below"
"371350109042",5.78808325608969,3.49616750979159,-0.835932880755237,-1.45598286554287,"Heat Contribution",4.95215037533445,-1.45598286554287,3.49616750979158,3,4.95215037533445,"Small Below"
"371350109042",5.78808325608969,3.49616750979159,-0.835932880755237,-1.45598286554287,"CBG Attributable Rate",0,3.49616750979159,3.49616750979159,4,3.49616750979159,"CBG"
"371350108023",5.78808325608969,2.54394397589828,-0.872427537711054,-2.37171174248036,"RT Summer Avg. Rate",0,5.78808325608969,5.78808325608969,1,5.78808325608969,"Average"
"371350108023",5.78808325608969,2.54394397589828,-0.872427537711054,-2.37171174248036,"Health Contribution",5.78808325608969,-0.872427537711054,4.91565571837864,2,5.78808325608969,"Small Below"
"371350108023",5.78808325608969,2.54394397589828,-0.872427537711054,-2.37171174248036,"Heat Contribution",4.91565571837864,-2.37171174248036,2.54394397589828,3,4.91565571837864,"Large Below"
"371350108023",5.78808325608969,2.54394397589828,-0.872427537711054,-2.37171174248036,"CBG Attributable Rate",0,2.54394397589828,2.54394397589828,4,2.54394397589828,"CBG"
"371050307042",5.78808325608969,8.32453639908242,1.90480834315525,0.631644799837477,"RT Summer Avg. Rate",0,5.78808325608969,5.78808325608969,1,5.78808325608969,"Average"
"371050307042",5.78808325608969,8.32453639908242,1.90480834315525,0.631644799837477,"Health Contribution",5.78808325608969,1.90480834315525,7.69289159924494,2,7.69289159924494,"Small Above"
"371050307042",5.78808325608969,8.32453639908242,1.90480834315525,0.631644799837477,"Heat Contribution",7.69289159924494,0.631644799837477,8.32453639908242,3,8.32453639908242,"Small Above"
"371050307042",5.78808325608969,8.32453639908242,1.90480834315525,0.631644799837477,"CBG Attributable Rate",0,8.32453639908242,8.32453639908242,4,8.32453639908242,"CBG"
"371050307031",5.78808325608969,6.95699218236144,1.17330566532092,-0.00439673904917702,"RT Summer Avg. Rate",0,5.78808325608969,5.78808325608969,1,5.78808325608969,"Average"
"371050307031",5.78808325608969,6.95699218236144,1.17330566532092,-0.00439673904917702,"Health Contribution",5.78808325608969,1.17330566532092,6.96138892141061,2,6.96138892141061,"Small Above"
"371050307031",5.78808325608969,6.95699218236144,1.17330566532092,-0.00439673904917702,"Heat Contribution",6.96138892141061,-0.00439673904917702,6.95699218236143,3,6.96138892141061,"Small Below"
"371050307031",5.78808325608969,6.95699218236144,1.17330566532092,-0.00439673904917702,"CBG Attributable Rate",0,6.95699218236144,6.95699218236144,4,6.95699218236144,"CBG"
"371050307041",5.78808325608969,6.05373945018396,-0.214052629500674,0.47970882359494,"RT Summer Avg. Rate",0,5.78808325608969,5.78808325608969,1,5.78808325608969,"Average"
"371050307041",5.78808325608969,6.05373945018396,-0.214052629500674,0.47970882359494,"Health Contribution",5.78808325608969,-0.214052629500674,5.57403062658902,2,5.78808325608969,"Small Below"
"371050307041",5.78808325608969,6.05373945018396,-0.214052629500674,0.47970882359494,"Heat Contribution",5.57403062658902,0.47970882359494,6.05373945018396,3,6.05373945018396,"Small Above"
"371050307041",5.78808325608969,6.05373945018396,-0.214052629500674,0.47970882359494,"CBG Attributable Rate",0,6.05373945018396,6.05373945018396,4,6.05373945018396,"CBG"
"370630018013",5.78808325608969,6.36876145788284,1.4362891450908,-0.855610943297654,"RT Summer Avg. Rate",0,5.78808325608969,5.78808325608969,1,5.78808325608969,"Average"
"370630018013",5.78808325608969,6.36876145788284,1.4362891450908,-0.855610943297654,"Health Contribution",5.78808325608969,1.4362891450908,7.22437240118049,2,7.22437240118049,"Small Above"
"370630018013",5.78808325608969,6.36876145788284,1.4362891450908,-0.855610943297654,"Heat Contribution",7.22437240118049,-0.855610943297654,6.36876145788284,3,7.22437240118049,"Small Below"
"370630018013",5.78808325608969,6.36876145788284,1.4362891450908,-0.855610943297654,"CBG Attributable Rate",0,6.36876145788284,6.36876145788284,4,6.36876145788284,"CBG"
"370630017084",5.78808325608969,7.48560567650549,2.04151431521845,-0.343991894802654,"RT Summer Avg. Rate",0,5.78808325608969,5.78808325608969,1,5.78808325608969,"Average"
"370630017084",5.78808325608969,7.48560567650549,2.04151431521845,-0.343991894802654,"Health Contribution",5.78808325608969,2.04151431521845,7.82959757130814,2,7.82959757130814,"Large Above"
"370630017084",5.78808325608969,7.48560567650549,2.04151431521845,-0.343991894802654,"Heat Contribution",7.82959757130814,-0.343991894802654,7.48560567650549,3,7.82959757130814,"Small Below"
"370630017084",5.78808325608969,7.48560567650549,2.04151431521845,-0.343991894802654,"CBG Attributable Rate",0,7.48560567650549,7.48560567650549,4,7.48560567650549,"CBG"
"370630020372",5.78808325608969,4.4222925238207,-1.88006229548114,0.514271563212146,"RT Summer Avg. Rate",0,5.78808325608969,5.78808325608969,1,5.78808325608969,"Average"
"370630020372",5.78808325608969,4.4222925238207,-1.88006229548114,0.514271563212146,"Health Contribution",5.78808325608969,-1.88006229548114,3.90802096060855,2,5.78808325608969,"Small Below"
"370630020372",5.78808325608969,4.4222925238207,-1.88006229548114,0.514271563212146,"Heat Contribution",3.90802096060855,0.514271563212146,4.4222925238207,3,4.4222925238207,"Small Above"
"370630020372",5.78808325608969,4.4222925238207,-1.88006229548114,0.514271563212146,"CBG Attributable Rate",0,4.4222925238207,4.4222925238207,4,4.4222925238207,"CBG"
"370630020382",5.78808325608969,2.87648840680636,-2.97712694688994,0.0655320976066018,"RT Summer Avg. Rate",0,5.78808325608969,5.78808325608969,1,5.78808325608969,"Average"
"370630020382",5.78808325608969,2.87648840680636,-2.97712694688994,0.0655320976066018,"Health Contribution",5.78808325608969,-2.97712694688994,2.81095630919975,2,5.78808325608969,"Large Below"
"370630020382",5.78808325608969,2.87648840680636,-2.97712694688994,0.0655320976066018,"Heat Contribution",2.81095630919975,0.0655320976066018,2.87648840680635,3,2.87648840680635,"Small Above"
"370630020382",5.78808325608969,2.87648840680636,-2.97712694688994,0.0655320976066018,"CBG Attributable Rate",0,2.87648840680636,2.87648840680636,4,2.87648840680636,"CBG"
"370630018012",5.78808325608969,7.71708890591299,2.14980159059826,-0.22079594077496,"RT Summer Avg. Rate",0,5.78808325608969,5.78808325608969,1,5.78808325608969,"Average"
"370630018012",5.78808325608969,7.71708890591299,2.14980159059826,-0.22079594077496,"Health Contribution",5.78808325608969,2.14980159059826,7.93788484668795,2,7.93788484668795,"Large Above"
"370630018012",5.78808325608969,7.71708890591299,2.14980159059826,-0.22079594077496,"Heat Contribution",7.93788484668795,-0.22079594077496,7.71708890591299,3,7.93788484668795,"Small Below"
"370630018012",5.78808325608969,7.71708890591299,2.14980159059826,-0.22079594077496,"CBG Attributable Rate",0,7.71708890591299,7.71708890591299,4,7.71708890591299,"CBG"
"370630018016",5.78808325608969,8.04829234101114,3.05333065126242,-0.793121566340971,"RT Summer Avg. Rate",0,5.78808325608969,5.78808325608969,1,5.78808325608969,"Average"
"370630018016",5.78808325608969,8.04829234101114,3.05333065126242,-0.793121566340971,"Health Contribution",5.78808325608969,3.05333065126242,8.84141390735211,2,8.84141390735211,"Large Above"
"370630018016",5.78808325608969,8.04829234101114,3.05333065126242,-0.793121566340971,"Heat Contribution",8.84141390735211,-0.793121566340971,8.04829234101114,3,8.84141390735211,"Small Below"
"370630018016",5.78808325608969,8.04829234101114,3.05333065126242,-0.793121566340971,"CBG Attributable Rate",0,8.04829234101114,8.04829234101114,4,8.04829234101114,"CBG"
"370630020371",5.78808325608969,4.75131330144864,-1.41700468509668,0.380234730455621,"RT Summer Avg. Rate",0,5.78808325608969,5.78808325608969,1,5.78808325608969,"Average"
"370630020371",5.78808325608969,4.75131330144864,-1.41700468509668,0.380234730455621,"Health Contribution",5.78808325608969,-1.41700468509668,4.37107857099301,2,5.78808325608969,"Small Below"
"370630020371",5.78808325608969,4.75131330144864,-1.41700468509668,0.380234730455621,"Heat Contribution",4.37107857099301,0.380234730455621,4.75131330144863,3,4.75131330144863,"Small Above"
"370630020371",5.78808325608969,4.75131330144864,-1.41700468509668,0.380234730455621,"CBG Attributable Rate",0,4.75131330144864,4.75131330144864,4,4.75131330144864,"CBG"
"370630018015",5.78808325608969,6.24626945463653,0.806212943618295,-0.348026745071461,"RT Summer Avg. Rate",0,5.78808325608969,5.78808325608969,1,5.78808325608969,"Average"
"370630018015",5.78808325608969,6.24626945463653,0.806212943618295,-0.348026745071461,"Health Contribution",5.78808325608969,0.806212943618295,6.59429619970799,2,6.59429619970799,"Small Above"
"370630018015",5.78808325608969,6.24626945463653,0.806212943618295,-0.348026745071461,"Heat Contribution",6.59429619970799,-0.348026745071461,6.24626945463652,3,6.59429619970799,"Small Below"
"370630018015",5.78808325608969,6.24626945463653,0.806212943618295,-0.348026745071461,"CBG Attributable Rate",0,6.24626945463653,6.24626945463653,4,6.24626945463653,"CBG"
"370630020383",5.78808325608969,4.50254320726614,-1.00890362377963,-0.276636425043922,"RT Summer Avg. Rate",0,5.78808325608969,5.78808325608969,1,5.78808325608969,"Average"
"370630020383",5.78808325608969,4.50254320726614,-1.00890362377963,-0.276636425043922,"Health Contribution",5.78808325608969,-1.00890362377963,4.77917963231006,2,5.78808325608969,"Small Below"
"370630020383",5.78808325608969,4.50254320726614,-1.00890362377963,-0.276636425043922,"Heat Contribution",4.77917963231006,-0.276636425043922,4.50254320726614,3,4.77917963231006,"Small Below"
"370630020383",5.78808325608969,4.50254320726614,-1.00890362377963,-0.276636425043922,"CBG Attributable Rate",0,4.50254320726614,4.50254320726614,4,4.50254320726614,"CBG"
"370630020381",5.78808325608969,4.15675178402402,-1.40816663896818,-0.223164833097494,"RT Summer Avg. Rate",0,5.78808325608969,5.78808325608969,1,5.78808325608969,"Average"
"370630020381",5.78808325608969,4.15675178402402,-1.40816663896818,-0.223164833097494,"Health Contribution",5.78808325608969,-1.40816663896818,4.37991661712151,2,5.78808325608969,"Small Below"
"370630020381",5.78808325608969,4.15675178402402,-1.40816663896818,-0.223164833097494,"Heat Contribution",4.37991661712151,-0.223164833097494,4.15675178402402,3,4.37991661712151,"Small Below"
"370630020381",5.78808325608969,4.15675178402402,-1.40816663896818,-0.223164833097494,"CBG Attributable Rate",0,4.15675178402402,4.15675178402402,4,4.15675178402402,"CBG"
"371350112084",5.78808325608969,2.2965976744885,-2.57128441871075,-0.920201162890447,"RT Summer Avg. Rate",0,5.78808325608969,5.78808325608969,1,5.78808325608969,"Average"
"371350112084",5.78808325608969,2.2965976744885,-2.57128441871075,-0.920201162890447,"Health Contribution",5.78808325608969,-2.57128441871075,3.21679883737894,2,5.78808325608969,"Large Below"
"371350112084",5.78808325608969,2.2965976744885,-2.57128441871075,-0.920201162890447,"Heat Contribution",3.21679883737894,-0.920201162890447,2.29659767448849,3,3.21679883737894,"Small Below"
"371350112084",5.78808325608969,2.2965976744885,-2.57128441871075,-0.920201162890447,"CBG Attributable Rate",0,2.2965976744885,2.2965976744885,4,2.2965976744885,"CBG"
"371350112083",5.78808325608969,1.77296610525431,-3.28604111641859,-0.729076034416802,"RT Summer Avg. Rate",0,5.78808325608969,5.78808325608969,1,5.78808325608969,"Average"
"371350112083",5.78808325608969,1.77296610525431,-3.28604111641859,-0.729076034416802,"Health Contribution",5.78808325608969,-3.28604111641859,2.5020421396711,2,5.78808325608969,"Large Below"
"371350112083",5.78808325608969,1.77296610525431,-3.28604111641859,-0.729076034416802,"Heat Contribution",2.5020421396711,-0.729076034416802,1.7729661052543,3,2.5020421396711,"Small Below"
"371350112083",5.78808325608969,1.77296610525431,-3.28604111641859,-0.729076034416802,"CBG Attributable Rate",0,1.77296610525431,1.77296610525431,4,1.77296610525431,"CBG"
"371350110023",5.78808325608969,3.2489492048951,-0.181144989737251,-2.35798906145734,"RT Summer Avg. Rate",0,5.78808325608969,5.78808325608969,1,5.78808325608969,"Average"
"371350110023",5.78808325608969,3.2489492048951,-0.181144989737251,-2.35798906145734,"Health Contribution",5.78808325608969,-0.181144989737251,5.60693826635244,2,5.78808325608969,"Small Below"
"371350110023",5.78808325608969,3.2489492048951,-0.181144989737251,-2.35798906145734,"Heat Contribution",5.60693826635244,-2.35798906145734,3.2489492048951,3,5.60693826635244,"Large Below"
"371350110023",5.78808325608969,3.2489492048951,-0.181144989737251,-2.35798906145734,"CBG Attributable Rate",0,3.2489492048951,3.2489492048951,4,3.2489492048951,"CBG"
"371350107012",5.78808325608969,2.9250409962581,-1.89120630173689,-0.971835958094707,"RT Summer Avg. Rate",0,5.78808325608969,5.78808325608969,1,5.78808325608969,"Average"
"371350107012",5.78808325608969,2.9250409962581,-1.89120630173689,-0.971835958094707,"Health Contribution",5.78808325608969,-1.89120630173689,3.8968769543528,2,5.78808325608969,"Small Below"
"371350107012",5.78808325608969,2.9250409962581,-1.89120630173689,-0.971835958094707,"Heat Contribution",3.8968769543528,-0.971835958094707,2.92504099625809,3,3.8968769543528,"Small Below"
"371350107012",5.78808325608969,2.9250409962581,-1.89120630173689,-0.971835958094707,"CBG Attributable Rate",0,2.9250409962581,2.9250409962581,4,2.9250409962581,"CBG"
"371350107103",5.78808325608969,2.15845730550013,-2.73851635720812,-0.891109593381435,"RT Summer Avg. Rate",0,5.78808325608969,5.78808325608969,1,5.78808325608969,"Average"
"371350107103",5.78808325608969,2.15845730550013,-2.73851635720812,-0.891109593381435,"Health Contribution",5.78808325608969,-2.73851635720812,3.04956689888157,2,5.78808325608969,"Large Below"
"371350107103",5.78808325608969,2.15845730550013,-2.73851635720812,-0.891109593381435,"Heat Contribution",3.04956689888157,-0.891109593381435,2.15845730550013,3,3.04956689888157,"Small Below"
"371350107103",5.78808325608969,2.15845730550013,-2.73851635720812,-0.891109593381435,"CBG Attributable Rate",0,2.15845730550013,2.15845730550013,4,2.15845730550013,"CBG"
"371350107071",5.78808325608969,4.24819206646031,-1.21787799579232,-0.322013193837068,"RT Summer Avg. Rate",0,5.78808325608969,5.78808325608969,1,5.78808325608969,"Average"
"371350107071",5.78808325608969,4.24819206646031,-1.21787799579232,-0.322013193837068,"Health Contribution",5.78808325608969,-1.21787799579232,4.57020526029737,2,5.78808325608969,"Small Below"
"371350107071",5.78808325608969,4.24819206646031,-1.21787799579232,-0.322013193837068,"Heat Contribution",4.57020526029737,-0.322013193837068,4.2481920664603,3,4.57020526029737,"Small Below"
"371350107071",5.78808325608969,4.24819206646031,-1.21787799579232,-0.322013193837068,"CBG Attributable Rate",0,4.24819206646031,4.24819206646031,4,4.24819206646031,"CBG"
"371350121032",5.78808325608969,4.57144002351623,-1.49406442134926,0.277421188775804,"RT Summer Avg. Rate",0,5.78808325608969,5.78808325608969,1,5.78808325608969,"Average"
"371350121032",5.78808325608969,4.57144002351623,-1.49406442134926,0.277421188775804,"Health Contribution",5.78808325608969,-1.49406442134926,4.29401883474043,2,5.78808325608969,"Small Below"
"371350121032",5.78808325608969,4.57144002351623,-1.49406442134926,0.277421188775804,"Heat Contribution",4.29401883474043,0.277421188775804,4.57144002351623,3,4.57144002351623,"Small Above"
"371350121032",5.78808325608969,4.57144002351623,-1.49406442134926,0.277421188775804,"CBG Attributable Rate",0,4.57144002351623,4.57144002351623,4,4.57144002351623,"CBG"
"371350112064",5.78808325608969,4.48788932003643,-1.60930969750085,0.30911576144759,"RT Summer Avg. Rate",0,5.78808325608969,5.78808325608969,1,5.78808325608969,"Average"
"371350112064",5.78808325608969,4.48788932003643,-1.60930969750085,0.30911576144759,"Health Contribution",5.78808325608969,-1.60930969750085,4.17877355858884,2,5.78808325608969,"Small Below"
"371350112064",5.78808325608969,4.48788932003643,-1.60930969750085,0.30911576144759,"Heat Contribution",4.17877355858884,0.30911576144759,4.48788932003643,3,4.48788932003643,"Small Above"
"371350112064",5.78808325608969,4.48788932003643,-1.60930969750085,0.30911576144759,"CBG Attributable Rate",0,4.48788932003643,4.48788932003643,4,4.48788932003643,"CBG"
"371350109024",5.78808325608969,4.60777713080179,0.892760269485614,-2.07306639477352,"RT Summer Avg. Rate",0,5.78808325608969,5.78808325608969,1,5.78808325608969,"Average"
"371350109024",5.78808325608969,4.60777713080179,0.892760269485614,-2.07306639477352,"Health Contribution",5.78808325608969,0.892760269485614,6.6808435255753,2,6.6808435255753,"Small Above"
"371350109024",5.78808325608969,4.60777713080179,0.892760269485614,-2.07306639477352,"Heat Contribution",6.6808435255753,-2.07306639477352,4.60777713080178,3,6.6808435255753,"Large Below"
"371350109024",5.78808325608969,4.60777713080179,0.892760269485614,-2.07306639477352,"CBG Attributable Rate",0,4.60777713080179,4.60777713080179,4,4.60777713080179,"CBG"
"371350111074",5.78808325608969,3.08765456320987,0.0422688879739916,-2.74269758085382,"RT Summer Avg. Rate",0,5.78808325608969,5.78808325608969,1,5.78808325608969,"Average"
"371350111074",5.78808325608969,3.08765456320987,0.0422688879739916,-2.74269758085382,"Health Contribution",5.78808325608969,0.0422688879739916,5.83035214406368,2,5.83035214406368,"Small Above"
"371350111074",5.78808325608969,3.08765456320987,0.0422688879739916,-2.74269758085382,"Heat Contribution",5.83035214406368,-2.74269758085382,3.08765456320986,3,5.83035214406368,"Large Below"
"371350111074",5.78808325608969,3.08765456320987,0.0422688879739916,-2.74269758085382,"CBG Attributable Rate",0,3.08765456320987,3.08765456320987,4,3.08765456320987,"CBG"
"371350110022",5.78808325608969,2.22473373675257,-2.33869940240072,-1.2246501169364,"RT Summer Avg. Rate",0,5.78808325608969,5.78808325608969,1,5.78808325608969,"Average"
"371350110022",5.78808325608969,2.22473373675257,-2.33869940240072,-1.2246501169364,"Health Contribution",5.78808325608969,-2.33869940240072,3.44938385368897,2,5.78808325608969,"Large Below"
"371350110022",5.78808325608969,2.22473373675257,-2.33869940240072,-1.2246501169364,"Heat Contribution",3.44938385368897,-1.2246501169364,2.22473373675257,3,3.44938385368897,"Small Below"
"371350110022",5.78808325608969,2.22473373675257,-2.33869940240072,-1.2246501169364,"CBG Attributable Rate",0,2.22473373675257,2.22473373675257,4,2.22473373675257,"CBG"
"371350111033",5.78808325608969,3.38314101204745,0.51130490208819,-2.91624714613044,"RT Summer Avg. Rate",0,5.78808325608969,5.78808325608969,1,5.78808325608969,"Average"
"371350111033",5.78808325608969,3.38314101204745,0.51130490208819,-2.91624714613044,"Health Contribution",5.78808325608969,0.51130490208819,6.29938815817788,2,6.29938815817788,"Small Above"
"371350111033",5.78808325608969,3.38314101204745,0.51130490208819,-2.91624714613044,"Heat Contribution",6.29938815817788,-2.91624714613044,3.38314101204744,3,6.29938815817788,"Large Below"
"371350111033",5.78808325608969,3.38314101204745,0.51130490208819,-2.91624714613044,"CBG Attributable Rate",0,3.38314101204745,3.38314101204745,4,3.38314101204745,"CBG"
"371350109032",5.78808325608969,2.73718623346573,-0.614891874224439,-2.43600514839952,"RT Summer Avg. Rate",0,5.78808325608969,5.78808325608969,1,5.78808325608969,"Average"
"371350109032",5.78808325608969,2.73718623346573,-0.614891874224439,-2.43600514839952,"Health Contribution",5.78808325608969,-0.614891874224439,5.17319138186525,2,5.78808325608969,"Small Below"
"371350109032",5.78808325608969,2.73718623346573,-0.614891874224439,-2.43600514839952,"Heat Contribution",5.17319138186525,-2.43600514839952,2.73718623346573,3,5.17319138186525,"Large Below"
"371350109032",5.78808325608969,2.73718623346573,-0.614891874224439,-2.43600514839952,"CBG Attributable Rate",0,2.73718623346573,2.73718623346573,4,2.73718623346573,"CBG"
"371350107101",5.78808325608969,2.6456548465264,-2.27962603396744,-0.862802375595851,"RT Summer Avg. Rate",0,5.78808325608969,5.78808325608969,1,5.78808325608969,"Average"
"371350107101",5.78808325608969,2.6456548465264,-2.27962603396744,-0.862802375595851,"Health Contribution",5.78808325608969,-2.27962603396744,3.50845722212225,2,5.78808325608969,"Large Below"
"371350107101",5.78808325608969,2.6456548465264,-2.27962603396744,-0.862802375595851,"Heat Contribution",3.50845722212225,-0.862802375595851,2.6456548465264,3,3.50845722212225,"Small Below"
"371350107101",5.78808325608969,2.6456548465264,-2.27962603396744,-0.862802375595851,"CBG Attributable Rate",0,2.6456548465264,2.6456548465264,4,2.6456548465264,"CBG"
"371350107092",5.78808325608969,2.76819324497238,-2.61709956802703,-0.40279044309028,"RT Summer Avg. Rate",0,5.78808325608969,5.78808325608969,1,5.78808325608969,"Average"
"371350107092",5.78808325608969,2.76819324497238,-2.61709956802703,-0.40279044309028,"Health Contribution",5.78808325608969,-2.61709956802703,3.17098368806266,2,5.78808325608969,"Large Below"
"371350107092",5.78808325608969,2.76819324497238,-2.61709956802703,-0.40279044309028,"Heat Contribution",3.17098368806266,-0.40279044309028,2.76819324497238,3,3.17098368806266,"Small Below"
"371350107092",5.78808325608969,2.76819324497238,-2.61709956802703,-0.40279044309028,"CBG Attributable Rate",0,2.76819324497238,2.76819324497238,4,2.76819324497238,"CBG"
"371350111062",5.78808325608969,2.32615352288258,-1.75178660224982,-1.71014313095729,"RT Summer Avg. Rate",0,5.78808325608969,5.78808325608969,1,5.78808325608969,"Average"
"371350111062",5.78808325608969,2.32615352288258,-1.75178660224982,-1.71014313095729,"Health Contribution",5.78808325608969,-1.75178660224982,4.03629665383987,2,5.78808325608969,"Small Below"
"371350111062",5.78808325608969,2.32615352288258,-1.75178660224982,-1.71014313095729,"Heat Contribution",4.03629665383987,-1.71014313095729,2.32615352288258,3,4.03629665383987,"Small Below"
"371350111062",5.78808325608969,2.32615352288258,-1.75178660224982,-1.71014313095729,"CBG Attributable Rate",0,2.32615352288258,2.32615352288258,4,2.32615352288258,"CBG"
"371350111061",5.78808325608969,3.43642945536525,0.176535298639834,-2.52818909936428,"RT Summer Avg. Rate",0,5.78808325608969,5.78808325608969,1,5.78808325608969,"Average"
"371350111061",5.78808325608969,3.43642945536525,0.176535298639834,-2.52818909936428,"Health Contribution",5.78808325608969,0.176535298639834,5.96461855472952,2,5.96461855472952,"Small Above"
"371350111061",5.78808325608969,3.43642945536525,0.176535298639834,-2.52818909936428,"Heat Contribution",5.96461855472952,-2.52818909936428,3.43642945536524,3,5.96461855472952,"Large Below"
"371350111061",5.78808325608969,3.43642945536525,0.176535298639834,-2.52818909936428,"CBG Attributable Rate",0,3.43642945536525,3.43642945536525,4,3.43642945536525,"CBG"
"371350107072",5.78808325608969,3.37701568328051,-1.90587396443187,-0.505193608377316,"RT Summer Avg. Rate",0,5.78808325608969,5.78808325608969,1,5.78808325608969,"Average"
"371350107072",5.78808325608969,3.37701568328051,-1.90587396443187,-0.505193608377316,"Health Contribution",5.78808325608969,-1.90587396443187,3.88220929165782,2,5.78808325608969,"Small Below"
"371350107072",5.78808325608969,3.37701568328051,-1.90587396443187,-0.505193608377316,"Heat Contribution",3.88220929165782,-0.505193608377316,3.3770156832805,3,3.88220929165782,"Small Below"
"371350107072",5.78808325608969,3.37701568328051,-1.90587396443187,-0.505193608377316,"CBG Attributable Rate",0,3.37701568328051,3.37701568328051,4,3.37701568328051,"CBG"
"371350107053",5.78808325608969,2.9283428594024,-2.50634383927975,-0.353396557407539,"RT Summer Avg. Rate",0,5.78808325608969,5.78808325608969,1,5.78808325608969,"Average"
"371350107053",5.78808325608969,2.9283428594024,-2.50634383927975,-0.353396557407539,"Health Contribution",5.78808325608969,-2.50634383927975,3.28173941680994,2,5.78808325608969,"Large Below"
"371350107053",5.78808325608969,2.9283428594024,-2.50634383927975,-0.353396557407539,"Heat Contribution",3.28173941680994,-0.353396557407539,2.9283428594024,3,3.28173941680994,"Small Below"
"371350107053",5.78808325608969,2.9283428594024,-2.50634383927975,-0.353396557407539,"CBG Attributable Rate",0,2.9283428594024,2.9283428594024,4,2.9283428594024,"CBG"
"371350107051",5.7880832560897,3.02190961157285,-2.22529357168294,-0.5408800728339,"RT Summer Avg. Rate",0,5.7880832560897,5.7880832560897,1,5.7880832560897,"Average"
"371350107051",5.7880832560897,3.02190961157285,-2.22529357168294,-0.5408800728339,"Health Contribution",5.7880832560897,-2.22529357168294,3.56278968440676,2,5.7880832560897,"Large Below"
"371350107051",5.7880832560897,3.02190961157285,-2.22529357168294,-0.5408800728339,"Heat Contribution",3.56278968440676,-0.5408800728339,3.02190961157286,3,3.56278968440676,"Small Below"
"371350107051",5.7880832560897,3.02190961157285,-2.22529357168294,-0.5408800728339,"CBG Attributable Rate",0,3.02190961157285,3.02190961157285,4,3.02190961157285,"CBG"
"371350107081",5.78808325608969,6.36266850923961,0.453354877306768,0.121230375843144,"RT Summer Avg. Rate",0,5.78808325608969,5.78808325608969,1,5.78808325608969,"Average"
"371350107081",5.78808325608969,6.36266850923961,0.453354877306768,0.121230375843144,"Health Contribution",5.78808325608969,0.453354877306768,6.24143813339646,2,6.24143813339646,"Small Above"
"371350107081",5.78808325608969,6.36266850923961,0.453354877306768,0.121230375843144,"Heat Contribution",6.24143813339646,0.121230375843144,6.3626685092396,3,6.3626685092396,"Small Above"
"371350107081",5.78808325608969,6.36266850923961,0.453354877306768,0.121230375843144,"CBG Attributable Rate",0,6.36266850923961,6.36266850923961,4,6.36266850923961,"CBG"
"371350107082",5.78808325608969,6.86616626100587,0.781532429990172,0.296550574926003,"RT Summer Avg. Rate",0,5.78808325608969,5.78808325608969,1,5.78808325608969,"Average"
"371350107082",5.78808325608969,6.86616626100587,0.781532429990172,0.296550574926003,"Health Contribution",5.78808325608969,0.781532429990172,6.56961568607986,2,6.56961568607986,"Small Above"
"371350107082",5.78808325608969,6.86616626100587,0.781532429990172,0.296550574926003,"Heat Contribution",6.56961568607986,0.296550574926003,6.86616626100586,3,6.86616626100586,"Small Above"
"371350107082",5.78808325608969,6.86616626100587,0.781532429990172,0.296550574926003,"CBG Attributable Rate",0,6.86616626100587,6.86616626100587,4,6.86616626100587,"CBG"
"371350117003",5.78808325608969,3.6004571495925,-2.05207109908804,-0.135555007409153,"RT Summer Avg. Rate",0,5.78808325608969,5.78808325608969,1,5.78808325608969,"Average"
"371350117003",5.78808325608969,3.6004571495925,-2.05207109908804,-0.135555007409153,"Health Contribution",5.78808325608969,-2.05207109908804,3.73601215700165,2,5.78808325608969,"Large Below"
"371350117003",5.78808325608969,3.6004571495925,-2.05207109908804,-0.135555007409153,"Heat Contribution",3.73601215700165,-0.135555007409153,3.6004571495925,3,3.73601215700165,"Small Below"
"371350117003",5.78808325608969,3.6004571495925,-2.05207109908804,-0.135555007409153,"CBG Attributable Rate",0,3.6004571495925,3.6004571495925,4,3.6004571495925,"CBG"
"371350119024",5.78808325608969,4.06020474493328,-1.58933869032452,-0.138539820831891,"RT Summer Avg. Rate",0,5.78808325608969,5.78808325608969,1,5.78808325608969,"Average"
"371350119024",5.78808325608969,4.06020474493328,-1.58933869032452,-0.138539820831891,"Health Contribution",5.78808325608969,-1.58933869032452,4.19874456576517,2,5.78808325608969,"Small Below"
"371350119024",5.78808325608969,4.06020474493328,-1.58933869032452,-0.138539820831891,"Heat Contribution",4.19874456576517,-0.138539820831891,4.06020474493328,3,4.19874456576517,"Small Below"
"371350119024",5.78808325608969,4.06020474493328,-1.58933869032452,-0.138539820831891,"CBG Attributable Rate",0,4.06020474493328,4.06020474493328,4,4.06020474493328,"CBG"
"371350114003",5.78808325608969,4.82520906076872,-0.68506770972917,-0.277806485591808,"RT Summer Avg. Rate",0,5.78808325608969,5.78808325608969,1,5.78808325608969,"Average"
"371350114003",5.78808325608969,4.82520906076872,-0.68506770972917,-0.277806485591808,"Health Contribution",5.78808325608969,-0.68506770972917,5.10301554636052,2,5.78808325608969,"Small Below"
"371350114003",5.78808325608969,4.82520906076872,-0.68506770972917,-0.277806485591808,"Heat Contribution",5.10301554636052,-0.277806485591808,4.82520906076871,3,5.10301554636052,"Small Below"
"371350114003",5.78808325608969,4.82520906076872,-0.68506770972917,-0.277806485591808,"CBG Attributable Rate",0,4.82520906076872,4.82520906076872,4,4.82520906076872,"CBG"
"371350113003",5.78808325608969,5.59469561601136,0.171639066421371,-0.365026706499705,"RT Summer Avg. Rate",0,5.78808325608969,5.78808325608969,1,5.78808325608969,"Average"
"371350113003",5.78808325608969,5.59469561601136,0.171639066421371,-0.365026706499705,"Health Contribution",5.78808325608969,0.171639066421371,5.95972232251106,2,5.95972232251106,"Small Above"
"371350113003",5.78808325608969,5.59469561601136,0.171639066421371,-0.365026706499705,"Heat Contribution",5.95972232251106,-0.365026706499705,5.59469561601136,3,5.95972232251106,"Small Below"
"371350113003",5.78808325608969,5.59469561601136,0.171639066421371,-0.365026706499705,"CBG Attributable Rate",0,5.59469561601136,5.59469561601136,4,5.59469561601136,"CBG"
"371350117004",5.78808325608969,3.12096603859957,-2.59612297751303,-0.0709942399770919,"RT Summer Avg. Rate",0,5.78808325608969,5.78808325608969,1,5.78808325608969,"Average"
"371350117004",5.78808325608969,3.12096603859957,-2.59612297751303,-0.0709942399770919,"Health Contribution",5.78808325608969,-2.59612297751303,3.19196027857666,2,5.78808325608969,"Large Below"
"371350117004",5.78808325608969,3.12096603859957,-2.59612297751303,-0.0709942399770919,"Heat Contribution",3.19196027857666,-0.0709942399770919,3.12096603859957,3,3.19196027857666,"Small Below"
"371350117004",5.78808325608969,3.12096603859957,-2.59612297751303,-0.0709942399770919,"CBG Attributable Rate",0,3.12096603859957,3.12096603859957,4,3.12096603859957,"CBG"
"371350119023",5.78808325608969,3.722523529276,-2.15836148973982,0.0928017629261287,"RT Summer Avg. Rate",0,5.78808325608969,5.78808325608969,1,5.78808325608969,"Average"
"371350119023",5.78808325608969,3.722523529276,-2.15836148973982,0.0928017629261287,"Health Contribution",5.78808325608969,-2.15836148973982,3.62972176634987,2,5.78808325608969,"Large Below"
"371350119023",5.78808325608969,3.722523529276,-2.15836148973982,0.0928017629261287,"Heat Contribution",3.62972176634987,0.0928017629261287,3.722523529276,3,3.722523529276,"Small Above"
"371350119023",5.78808325608969,3.722523529276,-2.15836148973982,0.0928017629261287,"CBG Attributable Rate",0,3.722523529276,3.722523529276,4,3.722523529276,"CBG"
"371350112062",5.78808325608969,3.85071936297993,-2.19027736332005,0.252913470210294,"RT Summer Avg. Rate",0,5.78808325608969,5.78808325608969,1,5.78808325608969,"Average"
"371350112062",5.78808325608969,3.85071936297993,-2.19027736332005,0.252913470210294,"Health Contribution",5.78808325608969,-2.19027736332005,3.59780589276964,2,5.78808325608969,"Large Below"
"371350112062",5.78808325608969,3.85071936297993,-2.19027736332005,0.252913470210294,"Heat Contribution",3.59780589276964,0.252913470210294,3.85071936297993,3,3.85071936297993,"Small Above"
"371350112062",5.78808325608969,3.85071936297993,-2.19027736332005,0.252913470210294,"CBG Attributable Rate",0,3.85071936297993,3.85071936297993,4,3.85071936297993,"CBG"
"371350121022",5.78808325608969,4.4213125323469,-1.79209225965565,0.42532153591285,"RT Summer Avg. Rate",0,5.78808325608969,5.78808325608969,1,5.78808325608969,"Average"
"371350121022",5.78808325608969,4.4213125323469,-1.79209225965565,0.42532153591285,"Health Contribution",5.78808325608969,-1.79209225965565,3.99599099643404,2,5.78808325608969,"Small Below"
"371350121022",5.78808325608969,4.4213125323469,-1.79209225965565,0.42532153591285,"Heat Contribution",3.99599099643404,0.42532153591285,4.42131253234689,3,4.42131253234689,"Small Above"
"371350121022",5.78808325608969,4.4213125323469,-1.79209225965565,0.42532153591285,"CBG Attributable Rate",0,4.4213125323469,4.4213125323469,4,4.4213125323469,"CBG"
"371350107091",5.78808325608969,4.80864872030708,-0.841048508576988,-0.138386027205622,"RT Summer Avg. Rate",0,5.78808325608969,5.78808325608969,1,5.78808325608969,"Average"
"371350107091",5.78808325608969,4.80864872030708,-0.841048508576988,-0.138386027205622,"Health Contribution",5.78808325608969,-0.841048508576988,4.9470347475127,2,5.78808325608969,"Small Below"
"371350107091",5.78808325608969,4.80864872030708,-0.841048508576988,-0.138386027205622,"Heat Contribution",4.9470347475127,-0.138386027205622,4.80864872030708,3,4.9470347475127,"Small Below"
"371350107091",5.78808325608969,4.80864872030708,-0.841048508576988,-0.138386027205622,"CBG Attributable Rate",0,4.80864872030708,4.80864872030708,4,4.80864872030708,"CBG"
"371350119031",5.78808325608969,3.66065442991084,-1.14792755311767,-0.979501273061191,"RT Summer Avg. Rate",0,5.78808325608969,5.78808325608969,1,5.78808325608969,"Average"
"371350119031",5.78808325608969,3.66065442991084,-1.14792755311767,-0.979501273061191,"Health Contribution",5.78808325608969,-1.14792755311767,4.64015570297202,2,5.78808325608969,"Small Below"
"371350119031",5.78808325608969,3.66065442991084,-1.14792755311767,-0.979501273061191,"Heat Contribution",4.64015570297202,-0.979501273061191,3.66065442991083,3,4.64015570297202,"Small Below"
"371350119031",5.78808325608969,3.66065442991084,-1.14792755311767,-0.979501273061191,"CBG Attributable Rate",0,3.66065442991084,3.66065442991084,4,3.66065442991084,"CBG"
"371350119022",5.78808325608969,2.59510832132752,-2.95898208901014,-0.23399284575204,"RT Summer Avg. Rate",0,5.78808325608969,5.78808325608969,1,5.78808325608969,"Average"
"371350119022",5.78808325608969,2.59510832132752,-2.95898208901014,-0.23399284575204,"Health Contribution",5.78808325608969,-2.95898208901014,2.82910116707955,2,5.78808325608969,"Large Below"
"371350119022",5.78808325608969,2.59510832132752,-2.95898208901014,-0.23399284575204,"Heat Contribution",2.82910116707955,-0.23399284575204,2.59510832132751,3,2.82910116707955,"Small Below"
"371350119022",5.78808325608969,2.59510832132752,-2.95898208901014,-0.23399284575204,"CBG Attributable Rate",0,2.59510832132752,2.59510832132752,4,2.59510832132752,"CBG"
"371350121012",5.78808325608969,3.07651800490618,-2.99228481542904,0.280719564245532,"RT Summer Avg. Rate",0,5.78808325608969,5.78808325608969,1,5.78808325608969,"Average"
"371350121012",5.78808325608969,3.07651800490618,-2.99228481542904,0.280719564245532,"Health Contribution",5.78808325608969,-2.99228481542904,2.79579844066065,2,5.78808325608969,"Large Below"
"371350121012",5.78808325608969,3.07651800490618,-2.99228481542904,0.280719564245532,"Heat Contribution",2.79579844066065,0.280719564245532,3.07651800490618,3,3.07651800490618,"Small Above"
"371350121012",5.78808325608969,3.07651800490618,-2.99228481542904,0.280719564245532,"CBG Attributable Rate",0,3.07651800490618,3.07651800490618,4,3.07651800490618,"CBG"
"371350119041",5.78808325608969,3.03870064641715,-1.90421185407638,-0.84517075559617,"RT Summer Avg. Rate",0,5.78808325608969,5.78808325608969,1,5.78808325608969,"Average"
"371350119041",5.78808325608969,3.03870064641715,-1.90421185407638,-0.84517075559617,"Health Contribution",5.78808325608969,-1.90421185407638,3.88387140201331,2,5.78808325608969,"Small Below"
"371350119041",5.78808325608969,3.03870064641715,-1.90421185407638,-0.84517075559617,"Heat Contribution",3.88387140201331,-0.84517075559617,3.03870064641714,3,3.88387140201331,"Small Below"
"371350119041",5.78808325608969,3.03870064641715,-1.90421185407638,-0.84517075559617,"CBG Attributable Rate",0,3.03870064641715,3.03870064641715,4,3.03870064641715,"CBG"
"371350112043",5.78808325608969,4.68680153810971,0.658210839528282,-1.75949255750827,"RT Summer Avg. Rate",0,5.78808325608969,5.78808325608969,1,5.78808325608969,"Average"
"371350112043",5.78808325608969,4.68680153810971,0.658210839528282,-1.75949255750827,"Health Contribution",5.78808325608969,0.658210839528282,6.44629409561797,2,6.44629409561797,"Small Above"
"371350112043",5.78808325608969,4.68680153810971,0.658210839528282,-1.75949255750827,"Heat Contribution",6.44629409561797,-1.75949255750827,4.6868015381097,3,6.44629409561797,"Small Below"
"371350112043",5.78808325608969,4.68680153810971,0.658210839528282,-1.75949255750827,"CBG Attributable Rate",0,4.68680153810971,4.68680153810971,4,4.68680153810971,"CBG"
"371350122021",5.78808325608969,2.87293463922004,-2.44193292652889,-0.473215690340764,"RT Summer Avg. Rate",0,5.78808325608969,5.78808325608969,1,5.78808325608969,"Average"
"371350122021",5.78808325608969,2.87293463922004,-2.44193292652889,-0.473215690340764,"Health Contribution",5.78808325608969,-2.44193292652889,3.3461503295608,2,5.78808325608969,"Large Below"
"371350122021",5.78808325608969,2.87293463922004,-2.44193292652889,-0.473215690340764,"Heat Contribution",3.3461503295608,-0.473215690340764,2.87293463922004,3,3.3461503295608,"Small Below"
"371350122021",5.78808325608969,2.87293463922004,-2.44193292652889,-0.473215690340764,"CBG Attributable Rate",0,2.87293463922004,2.87293463922004,4,2.87293463922004,"CBG"
"371350118003",5.78808325608969,3.29159043397113,-1.89440579809665,-0.602087024021916,"RT Summer Avg. Rate",0,5.78808325608969,5.78808325608969,1,5.78808325608969,"Average"
"371350118003",5.78808325608969,3.29159043397113,-1.89440579809665,-0.602087024021916,"Health Contribution",5.78808325608969,-1.89440579809665,3.89367745799304,2,5.78808325608969,"Small Below"
"371350118003",5.78808325608969,3.29159043397113,-1.89440579809665,-0.602087024021916,"Heat Contribution",3.89367745799304,-0.602087024021916,3.29159043397112,3,3.89367745799304,"Small Below"
"371350118003",5.78808325608969,3.29159043397113,-1.89440579809665,-0.602087024021916,"CBG Attributable Rate",0,3.29159043397113,3.29159043397113,4,3.29159043397113,"CBG"
"371350112072",5.78808325608969,4.52296706279973,0.0464049920102078,-1.31152118530017,"RT Summer Avg. Rate",0,5.78808325608969,5.78808325608969,1,5.78808325608969,"Average"
"371350112072",5.78808325608969,4.52296706279973,0.0464049920102078,-1.31152118530017,"Health Contribution",5.78808325608969,0.0464049920102078,5.8344882480999,2,5.8344882480999,"Small Above"
"371350112072",5.78808325608969,4.52296706279973,0.0464049920102078,-1.31152118530017,"Heat Contribution",5.8344882480999,-1.31152118530017,4.52296706279973,3,5.8344882480999,"Small Below"
"371350112072",5.78808325608969,4.52296706279973,0.0464049920102078,-1.31152118530017,"CBG Attributable Rate",0,4.52296706279973,4.52296706279973,4,4.52296706279973,"CBG"
"371350112042",5.78808325608969,3.11288455761822,-1.32835687220174,-1.34684182626974,"RT Summer Avg. Rate",0,5.78808325608969,5.78808325608969,1,5.78808325608969,"Average"
"371350112042",5.78808325608969,3.11288455761822,-1.32835687220174,-1.34684182626974,"Health Contribution",5.78808325608969,-1.32835687220174,4.45972638388795,2,5.78808325608969,"Small Below"
"371350112042",5.78808325608969,3.11288455761822,-1.32835687220174,-1.34684182626974,"Heat Contribution",4.45972638388795,-1.34684182626974,3.11288455761821,3,4.45972638388795,"Small Below"
"371350112042",5.78808325608969,3.11288455761822,-1.32835687220174,-1.34684182626974,"CBG Attributable Rate",0,3.11288455761822,3.11288455761822,4,3.11288455761822,"CBG"
"371350111071",5.78808325608969,2.0204331182293,-1.87684722572608,-1.89080291213432,"RT Summer Avg. Rate",0,5.78808325608969,5.78808325608969,1,5.78808325608969,"Average"
"371350111071",5.78808325608969,2.0204331182293,-1.87684722572608,-1.89080291213432,"Health Contribution",5.78808325608969,-1.87684722572608,3.91123603036361,2,5.78808325608969,"Small Below"
"371350111071",5.78808325608969,2.0204331182293,-1.87684722572608,-1.89080291213432,"Heat Contribution",3.91123603036361,-1.89080291213432,2.02043311822929,3,3.91123603036361,"Small Below"
"371350111071",5.78808325608969,2.0204331182293,-1.87684722572608,-1.89080291213432,"CBG Attributable Rate",0,2.0204331182293,2.0204331182293,4,2.0204331182293,"CBG"
"371350112081",5.78808325608969,1.82287436773574,-3.15069391866154,-0.814514969692415,"RT Summer Avg. Rate",0,5.78808325608969,5.78808325608969,1,5.78808325608969,"Average"
"371350112081",5.78808325608969,1.82287436773574,-3.15069391866154,-0.814514969692415,"Health Contribution",5.78808325608969,-3.15069391866154,2.63738933742815,2,5.78808325608969,"Large Below"
"371350112081",5.78808325608969,1.82287436773574,-3.15069391866154,-0.814514969692415,"Heat Contribution",2.63738933742815,-0.814514969692415,1.82287436773574,3,2.63738933742815,"Small Below"
"371350112081",5.78808325608969,1.82287436773574,-3.15069391866154,-0.814514969692415,"CBG Attributable Rate",0,1.82287436773574,1.82287436773574,4,1.82287436773574,"CBG"
"371350109041",5.78808325608969,4.18784709809651,1.27231454782934,-2.87255070582253,"RT Summer Avg. Rate",0,5.78808325608969,5.78808325608969,1,5.78808325608969,"Average"
"371350109041",5.78808325608969,4.18784709809651,1.27231454782934,-2.87255070582253,"Health Contribution",5.78808325608969,1.27231454782934,7.06039780391903,2,7.06039780391903,"Small Above"
"371350109041",5.78808325608969,4.18784709809651,1.27231454782934,-2.87255070582253,"Heat Contribution",7.06039780391903,-2.87255070582253,4.1878470980965,3,7.06039780391903,"Large Below"
"371350109041",5.78808325608969,4.18784709809651,1.27231454782934,-2.87255070582253,"CBG Attributable Rate",0,4.18784709809651,4.18784709809651,4,4.18784709809651,"CBG"
"371350108025",5.78808325608969,3.00683286439148,-0.377518775333564,-2.40373161636465,"RT Summer Avg. Rate",0,5.78808325608969,5.78808325608969,1,5.78808325608969,"Average"
"371350108025",5.78808325608969,3.00683286439148,-0.377518775333564,-2.40373161636465,"Health Contribution",5.78808325608969,-0.377518775333564,5.41056448075613,2,5.78808325608969,"Small Below"
"371350108025",5.78808325608969,3.00683286439148,-0.377518775333564,-2.40373161636465,"Heat Contribution",5.41056448075613,-2.40373161636465,3.00683286439148,3,5.41056448075613,"Large Below"
"371350108025",5.78808325608969,3.00683286439148,-0.377518775333564,-2.40373161636465,"CBG Attributable Rate",0,3.00683286439148,3.00683286439148,4,3.00683286439148,"CBG"
"371350109044",5.78808325608969,3.30871180225673,-0.244090228388163,-2.2352812254448,"RT Summer Avg. Rate",0,5.78808325608969,5.78808325608969,1,5.78808325608969,"Average"
"371350109044",5.78808325608969,3.30871180225673,-0.244090228388163,-2.2352812254448,"Health Contribution",5.78808325608969,-0.244090228388163,5.54399302770153,2,5.78808325608969,"Small Below"
"371350109044",5.78808325608969,3.30871180225673,-0.244090228388163,-2.2352812254448,"Heat Contribution",5.54399302770153,-2.2352812254448,3.30871180225673,3,5.54399302770153,"Large Below"
"371350109044",5.78808325608969,3.30871180225673,-0.244090228388163,-2.2352812254448,"CBG Attributable Rate",0,3.30871180225673,3.30871180225673,4,3.30871180225673,"CBG"
"371350109023",5.78808325608969,4.7558960938126,0.816126935204509,-1.84831409748161,"RT Summer Avg. Rate",0,5.78808325608969,5.78808325608969,1,5.78808325608969,"Average"
"371350109023",5.78808325608969,4.7558960938126,0.816126935204509,-1.84831409748161,"Health Contribution",5.78808325608969,0.816126935204509,6.6042101912942,2,6.6042101912942,"Small Above"
"371350109023",5.78808325608969,4.7558960938126,0.816126935204509,-1.84831409748161,"Heat Contribution",6.6042101912942,-1.84831409748161,4.75589609381259,3,6.6042101912942,"Small Below"
"371350109023",5.78808325608969,4.7558960938126,0.816126935204509,-1.84831409748161,"CBG Attributable Rate",0,4.7558960938126,4.7558960938126,4,4.7558960938126,"CBG"
"371350109031",5.78808325608969,2.08977039450818,-2.20042547663636,-1.49788738494515,"RT Summer Avg. Rate",0,5.78808325608969,5.78808325608969,1,5.78808325608969,"Average"
"371350109031",5.78808325608969,2.08977039450818,-2.20042547663636,-1.49788738494515,"Health Contribution",5.78808325608969,-2.20042547663636,3.58765777945333,2,5.78808325608969,"Large Below"
"371350109031",5.78808325608969,2.08977039450818,-2.20042547663636,-1.49788738494515,"Heat Contribution",3.58765777945333,-1.49788738494515,2.08977039450818,3,3.58765777945333,"Small Below"
"371350109031",5.78808325608969,2.08977039450818,-2.20042547663636,-1.49788738494515,"CBG Attributable Rate",0,2.08977039450818,2.08977039450818,4,2.08977039450818,"CBG"
"371350110011",5.78808325608969,3.2341354548581,-0.766044914056277,-1.78790288717532,"RT Summer Avg. Rate",0,5.78808325608969,5.78808325608969,1,5.78808325608969,"Average"
"371350110011",5.78808325608969,3.2341354548581,-0.766044914056277,-1.78790288717532,"Health Contribution",5.78808325608969,-0.766044914056277,5.02203834203341,2,5.78808325608969,"Small Below"
"371350110011",5.78808325608969,3.2341354548581,-0.766044914056277,-1.78790288717532,"Heat Contribution",5.02203834203341,-1.78790288717532,3.23413545485809,3,5.02203834203341,"Small Below"
"371350110011",5.78808325608969,3.2341354548581,-0.766044914056277,-1.78790288717532,"CBG Attributable Rate",0,3.2341354548581,3.2341354548581,4,3.2341354548581,"CBG"
"371350111063",5.78808325608969,2.00187806514016,-1.88629929659622,-1.89990589435331,"RT Summer Avg. Rate",0,5.78808325608969,5.78808325608969,1,5.78808325608969,"Average"
"371350111063",5.78808325608969,2.00187806514016,-1.88629929659622,-1.89990589435331,"Health Contribution",5.78808325608969,-1.88629929659622,3.90178395949347,2,5.78808325608969,"Small Below"
"371350111063",5.78808325608969,2.00187806514016,-1.88629929659622,-1.89990589435331,"Heat Contribution",3.90178395949347,-1.89990589435331,2.00187806514016,3,3.90178395949347,"Small Below"
"371350111063",5.78808325608969,2.00187806514016,-1.88629929659622,-1.89990589435331,"CBG Attributable Rate",0,2.00187806514016,2.00187806514016,4,2.00187806514016,"CBG"
"371350112091",5.78808325608969,2.07157821033322,-2.48578666659332,-1.23071837916316,"RT Summer Avg. Rate",0,5.78808325608969,5.78808325608969,1,5.78808325608969,"Average"
"371350112091",5.78808325608969,2.07157821033322,-2.48578666659332,-1.23071837916316,"Health Contribution",5.78808325608969,-2.48578666659332,3.30229658949637,2,5.78808325608969,"Large Below"
"371350112091",5.78808325608969,2.07157821033322,-2.48578666659332,-1.23071837916316,"Heat Contribution",3.30229658949637,-1.23071837916316,2.07157821033321,3,3.30229658949637,"Small Below"
"371350112091",5.78808325608969,2.07157821033322,-2.48578666659332,-1.23071837916316,"CBG Attributable Rate",0,2.07157821033322,2.07157821033322,4,2.07157821033322,"CBG"
"371350112093",5.78808325608969,2.40234226677527,-1.40343838891487,-1.98230260039956,"RT Summer Avg. Rate",0,5.78808325608969,5.78808325608969,1,5.78808325608969,"Average"
"371350112093",5.78808325608969,2.40234226677527,-1.40343838891487,-1.98230260039956,"Health Contribution",5.78808325608969,-1.40343838891487,4.38464486717482,2,5.78808325608969,"Small Below"
"371350112093",5.78808325608969,2.40234226677527,-1.40343838891487,-1.98230260039956,"Heat Contribution",4.38464486717482,-1.98230260039956,2.40234226677526,3,4.38464486717482,"Small Below"
"371350112093",5.78808325608969,2.40234226677527,-1.40343838891487,-1.98230260039956,"CBG Attributable Rate",0,2.40234226677527,2.40234226677527,4,2.40234226677527,"CBG"
"371350112102",5.78808325608969,3.04857227360298,-1.197026143967,-1.54248483851971,"RT Summer Avg. Rate",0,5.78808325608969,5.78808325608969,1,5.78808325608969,"Average"
"371350112102",5.78808325608969,3.04857227360298,-1.197026143967,-1.54248483851971,"Health Contribution",5.78808325608969,-1.197026143967,4.59105711212269,2,5.78808325608969,"Small Below"
"371350112102",5.78808325608969,3.04857227360298,-1.197026143967,-1.54248483851971,"Heat Contribution",4.59105711212269,-1.54248483851971,3.04857227360298,3,4.59105711212269,"Small Below"
"371350112102",5.78808325608969,3.04857227360298,-1.197026143967,-1.54248483851971,"CBG Attributable Rate",0,3.04857227360298,3.04857227360298,4,3.04857227360298,"CBG"
"371350112085",5.78808325608969,2.26776283212906,-2.21493398792147,-1.30538643603917,"RT Summer Avg. Rate",0,5.78808325608969,5.78808325608969,1,5.78808325608969,"Average"
"371350112085",5.78808325608969,2.26776283212906,-2.21493398792147,-1.30538643603917,"Health Contribution",5.78808325608969,-2.21493398792147,3.57314926816822,2,5.78808325608969,"Large Below"
"371350112085",5.78808325608969,2.26776283212906,-2.21493398792147,-1.30538643603917,"Heat Contribution",3.57314926816822,-1.30538643603917,2.26776283212905,3,3.57314926816822,"Small Below"
"371350112085",5.78808325608969,2.26776283212906,-2.21493398792147,-1.30538643603917,"CBG Attributable Rate",0,2.26776283212906,2.26776283212906,4,2.26776283212906,"CBG"
"371350119032",5.78808325608969,3.36690717390458,-1.46488446008741,-0.956291622097705,"RT Summer Avg. Rate",0,5.78808325608969,5.78808325608969,1,5.78808325608969,"Average"
"371350119032",5.78808325608969,3.36690717390458,-1.46488446008741,-0.956291622097705,"Health Contribution",5.78808325608969,-1.46488446008741,4.32319879600228,2,5.78808325608969,"Small Below"
"371350119032",5.78808325608969,3.36690717390458,-1.46488446008741,-0.956291622097705,"Heat Contribution",4.32319879600228,-0.956291622097705,3.36690717390458,3,4.32319879600228,"Small Below"
"371350119032",5.78808325608969,3.36690717390458,-1.46488446008741,-0.956291622097705,"CBG Attributable Rate",0,3.36690717390458,3.36690717390458,4,3.36690717390458,"CBG"
"371350112061",5.78808325608969,4.59425961474159,-1.54403877385019,0.350215132502083,"RT Summer Avg. Rate",0,5.78808325608969,5.78808325608969,1,5.78808325608969,"Average"
"371350112061",5.78808325608969,4.59425961474159,-1.54403877385019,0.350215132502083,"Health Contribution",5.78808325608969,-1.54403877385019,4.2440444822395,2,5.78808325608969,"Small Below"
"371350112061",5.78808325608969,4.59425961474159,-1.54403877385019,0.350215132502083,"Heat Contribution",4.2440444822395,0.350215132502083,4.59425961474158,3,4.59425961474158,"Small Above"
"371350112061",5.78808325608969,4.59425961474159,-1.54403877385019,0.350215132502083,"CBG Attributable Rate",0,4.59425961474159,4.59425961474159,4,4.59425961474159,"CBG"
"371350108024",5.78808325608969,3.34716744702796,0.427875988622249,-2.86879179768399,"RT Summer Avg. Rate",0,5.78808325608969,5.78808325608969,1,5.78808325608969,"Average"
"371350108024",5.78808325608969,3.34716744702796,0.427875988622249,-2.86879179768399,"Health Contribution",5.78808325608969,0.427875988622249,6.21595924471194,2,6.21595924471194,"Small Above"
"371350108024",5.78808325608969,3.34716744702796,0.427875988622249,-2.86879179768399,"Heat Contribution",6.21595924471194,-2.86879179768399,3.34716744702795,3,6.21595924471194,"Large Below"
"371350108024",5.78808325608969,3.34716744702796,0.427875988622249,-2.86879179768399,"CBG Attributable Rate",0,3.34716744702796,3.34716744702796,4,3.34716744702796,"CBG"
"371350112112",5.78808325608969,2.28810232276934,-1.80663299373424,-1.69334793958611,"RT Summer Avg. Rate",0,5.78808325608969,5.78808325608969,1,5.78808325608969,"Average"
"371350112112",5.78808325608969,2.28810232276934,-1.80663299373424,-1.69334793958611,"Health Contribution",5.78808325608969,-1.80663299373424,3.98145026235545,2,5.78808325608969,"Small Below"
"371350112112",5.78808325608969,2.28810232276934,-1.80663299373424,-1.69334793958611,"Heat Contribution",3.98145026235545,-1.69334793958611,2.28810232276934,3,3.98145026235545,"Small Below"
"371350112112",5.78808325608969,2.28810232276934,-1.80663299373424,-1.69334793958611,"CBG Attributable Rate",0,2.28810232276934,2.28810232276934,4,2.28810232276934,"CBG"
"371350112092",5.78808325608969,1.93073590664931,-2.70400839948331,-1.15333894995707,"RT Summer Avg. Rate",0,5.78808325608969,5.78808325608969,1,5.78808325608969,"Average"
"371350112092",5.78808325608969,1.93073590664931,-2.70400839948331,-1.15333894995707,"Health Contribution",5.78808325608969,-2.70400839948331,3.08407485660638,2,5.78808325608969,"Large Below"
"371350112092",5.78808325608969,1.93073590664931,-2.70400839948331,-1.15333894995707,"Heat Contribution",3.08407485660638,-1.15333894995707,1.93073590664931,3,3.08407485660638,"Small Below"
"371350112092",5.78808325608969,1.93073590664931,-2.70400839948331,-1.15333894995707,"CBG Attributable Rate",0,1.93073590664931,1.93073590664931,4,1.93073590664931,"CBG"
"371350111034",5.78808325608969,4.41903010153723,2.75884216451211,-4.12789531906457,"RT Summer Avg. Rate",0,5.78808325608969,5.78808325608969,1,5.78808325608969,"Average"
"371350111034",5.78808325608969,4.41903010153723,2.75884216451211,-4.12789531906457,"Health Contribution",5.78808325608969,2.75884216451211,8.5469254206018,2,8.5469254206018,"Large Above"
"371350111034",5.78808325608969,4.41903010153723,2.75884216451211,-4.12789531906457,"Heat Contribution",8.5469254206018,-4.12789531906457,4.41903010153723,3,8.5469254206018,"Large Below"
"371350111034",5.78808325608969,4.41903010153723,2.75884216451211,-4.12789531906457,"CBG Attributable Rate",0,4.41903010153723,4.41903010153723,4,4.41903010153723,"CBG"
"371350113002",5.78808325608969,4.92950075010729,-0.462936059078679,-0.395646446903729,"RT Summer Avg. Rate",0,5.78808325608969,5.78808325608969,1,5.78808325608969,"Average"
"371350113002",5.78808325608969,4.92950075010729,-0.462936059078679,-0.395646446903729,"Health Contribution",5.78808325608969,-0.462936059078679,5.32514719701101,2,5.78808325608969,"Small Below"
"371350113002",5.78808325608969,4.92950075010729,-0.462936059078679,-0.395646446903729,"Heat Contribution",5.32514719701101,-0.395646446903729,4.92950075010728,3,5.32514719701101,"Small Below"
"371350113002",5.78808325608969,4.92950075010729,-0.462936059078679,-0.395646446903729,"CBG Attributable Rate",0,4.92950075010729,4.92950075010729,4,4.92950075010729,"CBG"
"371350121021",5.78808325608969,3.49489894324088,-2.55180792029249,0.258623607443669,"RT Summer Avg. Rate",0,5.78808325608969,5.78808325608969,1,5.78808325608969,"Average"
"371350121021",5.78808325608969,3.49489894324088,-2.55180792029249,0.258623607443669,"Health Contribution",5.78808325608969,-2.55180792029249,3.2362753357972,2,5.78808325608969,"Large Below"
"371350121021",5.78808325608969,3.49489894324088,-2.55180792029249,0.258623607443669,"Heat Contribution",3.2362753357972,0.258623607443669,3.49489894324087,3,3.49489894324087,"Small Above"
"371350121021",5.78808325608969,3.49489894324088,-2.55180792029249,0.258623607443669,"CBG Attributable Rate",0,3.49489894324088,3.49489894324088,4,3.49489894324088,"CBG"
"371350121031",5.78808325608969,3.39277813746066,-2.69096325108129,0.295658132452257,"RT Summer Avg. Rate",0,5.78808325608969,5.78808325608969,1,5.78808325608969,"Average"
"371350121031",5.78808325608969,3.39277813746066,-2.69096325108129,0.295658132452257,"Health Contribution",5.78808325608969,-2.69096325108129,3.0971200050084,2,5.78808325608969,"Large Below"
"371350121031",5.78808325608969,3.39277813746066,-2.69096325108129,0.295658132452257,"Heat Contribution",3.0971200050084,0.295658132452257,3.39277813746066,3,3.39277813746066,"Small Above"
"371350121031",5.78808325608969,3.39277813746066,-2.69096325108129,0.295658132452257,"CBG Attributable Rate",0,3.39277813746066,3.39277813746066,4,3.39277813746066,"CBG"
"371350121013",5.78808325608969,4.67735340280874,-1.57295483376066,0.462224980479706,"RT Summer Avg. Rate",0,5.78808325608969,5.78808325608969,1,5.78808325608969,"Average"
"371350121013",5.78808325608969,4.67735340280874,-1.57295483376066,0.462224980479706,"Health Contribution",5.78808325608969,-1.57295483376066,4.21512842232903,2,5.78808325608969,"Small Below"
"371350121013",5.78808325608969,4.67735340280874,-1.57295483376066,0.462224980479706,"Heat Contribution",4.21512842232903,0.462224980479706,4.67735340280874,3,4.67735340280874,"Small Above"
"371350121013",5.78808325608969,4.67735340280874,-1.57295483376066,0.462224980479706,"CBG Attributable Rate",0,4.67735340280874,4.67735340280874,4,4.67735340280874,"CBG"
"371350122013",5.78808325608969,3.32739592417907,-2.61335665539414,0.152669323483506,"RT Summer Avg. Rate",0,5.78808325608969,5.78808325608969,1,5.78808325608969,"Average"
"371350122013",5.78808325608969,3.32739592417907,-2.61335665539414,0.152669323483506,"Health Contribution",5.78808325608969,-2.61335665539414,3.17472660069555,2,5.78808325608969,"Large Below"
"371350122013",5.78808325608969,3.32739592417907,-2.61335665539414,0.152669323483506,"Heat Contribution",3.17472660069555,0.152669323483506,3.32739592417906,3,3.32739592417906,"Small Above"
"371350122013",5.78808325608969,3.32739592417907,-2.61335665539414,0.152669323483506,"CBG Attributable Rate",0,3.32739592417907,3.32739592417907,4,3.32739592417907,"CBG"
"371350107063",5.78808325608969,2.48207484901331,-2.46646102886694,-0.839547378209444,"RT Summer Avg. Rate",0,5.78808325608969,5.78808325608969,1,5.78808325608969,"Average"
"371350107063",5.78808325608969,2.48207484901331,-2.46646102886694,-0.839547378209444,"Health Contribution",5.78808325608969,-2.46646102886694,3.32162222722275,2,5.78808325608969,"Large Below"
"371350107063",5.78808325608969,2.48207484901331,-2.46646102886694,-0.839547378209444,"Heat Contribution",3.32162222722275,-0.839547378209444,2.48207484901331,3,3.32162222722275,"Small Below"
"371350107063",5.78808325608969,2.48207484901331,-2.46646102886694,-0.839547378209444,"CBG Attributable Rate",0,2.48207484901331,2.48207484901331,4,2.48207484901331,"CBG"
"371350107102",5.78808325608969,3.23619149409525,-2.35065319278428,-0.201238569210163,"RT Summer Avg. Rate",0,5.78808325608969,5.78808325608969,1,5.78808325608969,"Average"
"371350107102",5.78808325608969,3.23619149409525,-2.35065319278428,-0.201238569210163,"Health Contribution",5.78808325608969,-2.35065319278428,3.43743006330541,2,5.78808325608969,"Large Below"
"371350107102",5.78808325608969,3.23619149409525,-2.35065319278428,-0.201238569210163,"Heat Contribution",3.43743006330541,-0.201238569210163,3.23619149409525,3,3.43743006330541,"Small Below"
"371350107102",5.78808325608969,3.23619149409525,-2.35065319278428,-0.201238569210163,"CBG Attributable Rate",0,3.23619149409525,3.23619149409525,4,3.23619149409525,"CBG"
"371350119043",5.78808325608969,2.56530527448909,-2.74484036219873,-0.477937619401874,"RT Summer Avg. Rate",0,5.78808325608969,5.78808325608969,1,5.78808325608969,"Average"
"371350119043",5.78808325608969,2.56530527448909,-2.74484036219873,-0.477937619401874,"Health Contribution",5.78808325608969,-2.74484036219873,3.04324289389096,2,5.78808325608969,"Large Below"
"371350119043",5.78808325608969,2.56530527448909,-2.74484036219873,-0.477937619401874,"Heat Contribution",3.04324289389096,-0.477937619401874,2.56530527448909,3,3.04324289389096,"Small Below"
"371350119043",5.78808325608969,2.56530527448909,-2.74484036219873,-0.477937619401874,"CBG Attributable Rate",0,2.56530527448909,2.56530527448909,4,2.56530527448909,"CBG"
"371350108022",5.78808325608969,3.16865883452784,0.267168403048406,-2.88659282461027,"RT Summer Avg. Rate",0,5.78808325608969,5.78808325608969,1,5.78808325608969,"Average"
"371350108022",5.78808325608969,3.16865883452784,0.267168403048406,-2.88659282461027,"Health Contribution",5.78808325608969,0.267168403048406,6.0552516591381,2,6.0552516591381,"Small Above"
"371350108022",5.78808325608969,3.16865883452784,0.267168403048406,-2.88659282461027,"Heat Contribution",6.0552516591381,-2.88659282461027,3.16865883452783,3,6.0552516591381,"Large Below"
"371350108022",5.78808325608969,3.16865883452784,0.267168403048406,-2.88659282461027,"CBG Attributable Rate",0,3.16865883452784,3.16865883452784,4,3.16865883452784,"CBG"
"371350121011",5.78808325608969,6.64911076235346,0.245459068154236,0.615568438109531,"RT Summer Avg. Rate",0,5.78808325608969,5.78808325608969,1,5.78808325608969,"Average"
"371350121011",5.78808325608969,6.64911076235346,0.245459068154236,0.615568438109531,"Health Contribution",5.78808325608969,0.245459068154236,6.03354232424393,2,6.03354232424393,"Small Above"
"371350121011",5.78808325608969,6.64911076235346,0.245459068154236,0.615568438109531,"Heat Contribution",6.03354232424393,0.615568438109531,6.64911076235346,3,6.64911076235346,"Small Above"
"371350121011",5.78808325608969,6.64911076235346,0.245459068154236,0.615568438109531,"CBG Attributable Rate",0,6.64911076235346,6.64911076235346,4,6.64911076235346,"CBG"
"371350107073",5.78808325608969,5.65291376186665,0.795236943816996,-0.930406438040042,"RT Summer Avg. Rate",0,5.78808325608969,5.78808325608969,1,5.78808325608969,"Average"
"371350107073",5.78808325608969,5.65291376186665,0.795236943816996,-0.930406438040042,"Health Contribution",5.78808325608969,0.795236943816996,6.58332019990669,2,6.58332019990669,"Small Above"
"371350107073",5.78808325608969,5.65291376186665,0.795236943816996,-0.930406438040042,"Heat Contribution",6.58332019990669,-0.930406438040042,5.65291376186664,3,6.58332019990669,"Small Below"
"371350107073",5.78808325608969,5.65291376186665,0.795236943816996,-0.930406438040042,"CBG Attributable Rate",0,5.65291376186665,5.65291376186665,4,5.65291376186665,"CBG"
"371350119042",5.78808325608969,2.71926696763782,-2.57383657588815,-0.494979712563731,"RT Summer Avg. Rate",0,5.78808325608969,5.78808325608969,1,5.78808325608969,"Average"
"371350119042",5.78808325608969,2.71926696763782,-2.57383657588815,-0.494979712563731,"Health Contribution",5.78808325608969,-2.57383657588815,3.21424668020154,2,5.78808325608969,"Large Below"
"371350119042",5.78808325608969,2.71926696763782,-2.57383657588815,-0.494979712563731,"Heat Contribution",3.21424668020154,-0.494979712563731,2.71926696763781,3,3.21424668020154,"Small Below"
"371350119042",5.78808325608969,2.71926696763782,-2.57383657588815,-0.494979712563731,"CBG Attributable Rate",0,2.71926696763782,2.71926696763782,4,2.71926696763782,"CBG"
"371350112071",5.78808325608969,2.52345427456172,-2.27833257990813,-0.986296401619853,"RT Summer Avg. Rate",0,5.78808325608969,5.78808325608969,1,5.78808325608969,"Average"
"371350112071",5.78808325608969,2.52345427456172,-2.27833257990813,-0.986296401619853,"Health Contribution",5.78808325608969,-2.27833257990813,3.50975067618156,2,5.78808325608969,"Large Below"
"371350112071",5.78808325608969,2.52345427456172,-2.27833257990813,-0.986296401619853,"Heat Contribution",3.50975067618156,-0.986296401619853,2.52345427456171,3,3.50975067618156,"Small Below"
"371350112071",5.78808325608969,2.52345427456172,-2.27833257990813,-0.986296401619853,"CBG Attributable Rate",0,2.52345427456172,2.52345427456172,4,2.52345427456172,"CBG"
"371350112044",5.78808325608969,2.12012275031826,-2.86981975619697,-0.798140749574457,"RT Summer Avg. Rate",0,5.78808325608969,5.78808325608969,1,5.78808325608969,"Average"
"371350112044",5.78808325608969,2.12012275031826,-2.86981975619697,-0.798140749574457,"Health Contribution",5.78808325608969,-2.86981975619697,2.91826349989272,2,5.78808325608969,"Large Below"
"371350112044",5.78808325608969,2.12012275031826,-2.86981975619697,-0.798140749574457,"Heat Contribution",2.91826349989272,-0.798140749574457,2.12012275031826,3,2.91826349989272,"Small Below"
"371350112044",5.78808325608969,2.12012275031826,-2.86981975619697,-0.798140749574457,"CBG Attributable Rate",0,2.12012275031826,2.12012275031826,4,2.12012275031826,"CBG"
"371350110013",5.78808325608969,2.38847339773873,-1.96674532869007,-1.43286452966089,"RT Summer Avg. Rate",0,5.78808325608969,5.78808325608969,1,5.78808325608969,"Average"
"371350110013",5.78808325608969,2.38847339773873,-1.96674532869007,-1.43286452966089,"Health Contribution",5.78808325608969,-1.96674532869007,3.82133792739962,2,5.78808325608969,"Small Below"
"371350110013",5.78808325608969,2.38847339773873,-1.96674532869007,-1.43286452966089,"Heat Contribution",3.82133792739962,-1.43286452966089,2.38847339773873,3,3.82133792739962,"Small Below"
"371350110013",5.78808325608969,2.38847339773873,-1.96674532869007,-1.43286452966089,"CBG Attributable Rate",0,2.38847339773873,2.38847339773873,4,2.38847339773873,"CBG"
"371350112082",5.78808325608969,4.89049515886334,1.14974194093155,-2.0473300381579,"RT Summer Avg. Rate",0,5.78808325608969,5.78808325608969,1,5.78808325608969,"Average"
"371350112082",5.78808325608969,4.89049515886334,1.14974194093155,-2.0473300381579,"Health Contribution",5.78808325608969,1.14974194093155,6.93782519702124,2,6.93782519702124,"Small Above"
"371350112082",5.78808325608969,4.89049515886334,1.14974194093155,-2.0473300381579,"Heat Contribution",6.93782519702124,-2.0473300381579,4.89049515886334,3,6.93782519702124,"Large Below"
"371350112082",5.78808325608969,4.89049515886334,1.14974194093155,-2.0473300381579,"CBG Attributable Rate",0,4.89049515886334,4.89049515886334,4,4.89049515886334,"CBG"
"371350112063",5.78808325608969,2.50528851925076,-3.22463637631597,-0.0581583605229644,"RT Summer Avg. Rate",0,5.78808325608969,5.78808325608969,1,5.78808325608969,"Average"
"371350112063",5.78808325608969,2.50528851925076,-3.22463637631597,-0.0581583605229644,"Health Contribution",5.78808325608969,-3.22463637631597,2.56344687977372,2,5.78808325608969,"Large Below"
"371350112063",5.78808325608969,2.50528851925076,-3.22463637631597,-0.0581583605229644,"Heat Contribution",2.56344687977372,-0.0581583605229644,2.50528851925076,3,2.56344687977372,"Small Below"
"371350112063",5.78808325608969,2.50528851925076,-3.22463637631597,-0.0581583605229644,"CBG Attributable Rate",0,2.50528851925076,2.50528851925076,4,2.50528851925076,"CBG"
"371350122011",5.78808325608969,3.12695201347434,-2.00417564518901,-0.656955597426352,"RT Summer Avg. Rate",0,5.78808325608969,5.78808325608969,1,5.78808325608969,"Average"
"371350122011",5.78808325608969,3.12695201347434,-2.00417564518901,-0.656955597426352,"Health Contribution",5.78808325608969,-2.00417564518901,3.78390761090068,2,5.78808325608969,"Large Below"
"371350122011",5.78808325608969,3.12695201347434,-2.00417564518901,-0.656955597426352,"Heat Contribution",3.78390761090068,-0.656955597426352,3.12695201347433,3,3.78390761090068,"Small Below"
"371350122011",5.78808325608969,3.12695201347434,-2.00417564518901,-0.656955597426352,"CBG Attributable Rate",0,3.12695201347434,3.12695201347434,4,3.12695201347434,"CBG"
"370370207043",5.78808325608969,4.18409897787595,-1.91206831864111,0.308084040427368,"RT Summer Avg. Rate",0,5.78808325608969,5.78808325608969,1,5.78808325608969,"Average"
"370370207043",5.78808325608969,4.18409897787595,-1.91206831864111,0.308084040427368,"Health Contribution",5.78808325608969,-1.91206831864111,3.87601493744858,2,5.78808325608969,"Small Below"
"370370207043",5.78808325608969,4.18409897787595,-1.91206831864111,0.308084040427368,"Heat Contribution",3.87601493744858,0.308084040427368,4.18409897787595,3,4.18409897787595,"Small Above"
"370370207043",5.78808325608969,4.18409897787595,-1.91206831864111,0.308084040427368,"CBG Attributable Rate",0,4.18409897787595,4.18409897787595,4,4.18409897787595,"CBG"
"370370208031",5.78808325608969,5.77728245374381,0.634398998974839,-0.645199801320727,"RT Summer Avg. Rate",0,5.78808325608969,5.78808325608969,1,5.78808325608969,"Average"
"370370208031",5.78808325608969,5.77728245374381,0.634398998974839,-0.645199801320727,"Health Contribution",5.78808325608969,0.634398998974839,6.42248225506453,2,6.42248225506453,"Small Above"
"370370208031",5.78808325608969,5.77728245374381,0.634398998974839,-0.645199801320727,"Heat Contribution",6.42248225506453,-0.645199801320727,5.7772824537438,3,6.42248225506453,"Small Below"
"370370208031",5.78808325608969,5.77728245374381,0.634398998974839,-0.645199801320727,"CBG Attributable Rate",0,5.77728245374381,5.77728245374381,4,5.77728245374381,"CBG"
"370370207023",5.78808325608969,5.92684002931243,0.206028579748824,-0.0672718065260918,"RT Summer Avg. Rate",0,5.78808325608969,5.78808325608969,1,5.78808325608969,"Average"
"370370207023",5.78808325608969,5.92684002931243,0.206028579748824,-0.0672718065260918,"Health Contribution",5.78808325608969,0.206028579748824,5.99411183583851,2,5.99411183583851,"Small Above"
"370370207023",5.78808325608969,5.92684002931243,0.206028579748824,-0.0672718065260918,"Heat Contribution",5.99411183583851,-0.0672718065260918,5.92684002931242,3,5.99411183583851,"Small Below"
"370370207023",5.78808325608969,5.92684002931243,0.206028579748824,-0.0672718065260918,"CBG Attributable Rate",0,5.92684002931243,5.92684002931243,4,5.92684002931243,"CBG"
"370370208014",5.78808325608969,4.50659613838197,-0.0868108392392478,-1.19467627846848,"RT Summer Avg. Rate",0,5.78808325608969,5.78808325608969,1,5.78808325608969,"Average"
"370370208014",5.78808325608969,4.50659613838197,-0.0868108392392478,-1.19467627846848,"Health Contribution",5.78808325608969,-0.0868108392392478,5.70127241685044,2,5.78808325608969,"Small Below"
"370370208014",5.78808325608969,4.50659613838197,-0.0868108392392478,-1.19467627846848,"Heat Contribution",5.70127241685044,-1.19467627846848,4.50659613838196,3,5.70127241685044,"Small Below"
"370370208014",5.78808325608969,4.50659613838197,-0.0868108392392478,-1.19467627846848,"CBG Attributable Rate",0,4.50659613838197,4.50659613838197,4,4.50659613838197,"CBG"
"370370208011",5.78808325608969,4.07499332309209,-0.522157916127321,-1.19093201687029,"RT Summer Avg. Rate",0,5.78808325608969,5.78808325608969,1,5.78808325608969,"Average"
"370370208011",5.78808325608969,4.07499332309209,-0.522157916127321,-1.19093201687029,"Health Contribution",5.78808325608969,-0.522157916127321,5.26592533996237,2,5.78808325608969,"Small Below"
"370370208011",5.78808325608969,4.07499332309209,-0.522157916127321,-1.19093201687029,"Heat Contribution",5.26592533996237,-1.19093201687029,4.07499332309208,3,5.26592533996237,"Small Below"
"370370208011",5.78808325608969,4.07499332309209,-0.522157916127321,-1.19093201687029,"CBG Attributable Rate",0,4.07499332309209,4.07499332309209,4,4.07499332309209,"CBG"
"370370208012",5.78808325608969,3.36124191478949,-1.29004722253914,-1.13679411876106,"RT Summer Avg. Rate",0,5.78808325608969,5.78808325608969,1,5.78808325608969,"Average"
"370370208012",5.78808325608969,3.36124191478949,-1.29004722253914,-1.13679411876106,"Health Contribution",5.78808325608969,-1.29004722253914,4.49803603355055,2,5.78808325608969,"Small Below"
"370370208012",5.78808325608969,3.36124191478949,-1.29004722253914,-1.13679411876106,"Heat Contribution",4.49803603355055,-1.13679411876106,3.36124191478949,3,4.49803603355055,"Small Below"
"370370208012",5.78808325608969,3.36124191478949,-1.29004722253914,-1.13679411876106,"CBG Attributable Rate",0,3.36124191478949,3.36124191478949,4,3.36124191478949,"CBG"
"370370208032",5.78808325608969,3.98724172010104,-1.4142094438568,-0.38663209213186,"RT Summer Avg. Rate",0,5.78808325608969,5.78808325608969,1,5.78808325608969,"Average"
"370370208032",5.78808325608969,3.98724172010104,-1.4142094438568,-0.38663209213186,"Health Contribution",5.78808325608969,-1.4142094438568,4.37387381223289,2,5.78808325608969,"Small Below"
"370370208032",5.78808325608969,3.98724172010104,-1.4142094438568,-0.38663209213186,"Heat Contribution",4.37387381223289,-0.38663209213186,3.98724172010103,3,4.37387381223289,"Small Below"
"370370208032",5.78808325608969,3.98724172010104,-1.4142094438568,-0.38663209213186,"CBG Attributable Rate",0,3.98724172010104,3.98724172010104,4,3.98724172010104,"CBG"
"370630020292",5.78808325608969,3.70410708194854,-1.93027282299738,-0.153703351143771,"RT Summer Avg. Rate",0,5.78808325608969,5.78808325608969,1,5.78808325608969,"Average"
"370630020292",5.78808325608969,3.70410708194854,-1.93027282299738,-0.153703351143771,"Health Contribution",5.78808325608969,-1.93027282299738,3.85781043309231,2,5.78808325608969,"Small Below"
"370630020292",5.78808325608969,3.70410708194854,-1.93027282299738,-0.153703351143771,"Heat Contribution",3.85781043309231,-0.153703351143771,3.70410708194854,3,3.85781043309231,"Small Below"
"370630020292",5.78808325608969,3.70410708194854,-1.93027282299738,-0.153703351143771,"CBG Attributable Rate",0,3.70410708194854,3.70410708194854,4,3.70410708194854,"CBG"
"370630018112",5.78808325608969,6.43336179664178,0.831896599937532,-0.186618059385451,"RT Summer Avg. Rate",0,5.78808325608969,5.78808325608969,1,5.78808325608969,"Average"
"370630018112",5.78808325608969,6.43336179664178,0.831896599937532,-0.186618059385451,"Health Contribution",5.78808325608969,0.831896599937532,6.61997985602722,2,6.61997985602722,"Small Above"
"370630018112",5.78808325608969,6.43336179664178,0.831896599937532,-0.186618059385451,"Heat Contribution",6.61997985602722,-0.186618059385451,6.43336179664177,3,6.61997985602722,"Small Below"
"370630018112",5.78808325608969,6.43336179664178,0.831896599937532,-0.186618059385451,"CBG Attributable Rate",0,6.43336179664178,6.43336179664178,4,6.43336179664178,"CBG"
"370630015041",5.78808325608969,6.66848797530671,1.60564199499748,-0.725237275780463,"RT Summer Avg. Rate",0,5.78808325608969,5.78808325608969,1,5.78808325608969,"Average"
"370630015041",5.78808325608969,6.66848797530671,1.60564199499748,-0.725237275780463,"Health Contribution",5.78808325608969,1.60564199499748,7.39372525108717,2,7.39372525108717,"Small Above"
"370630015041",5.78808325608969,6.66848797530671,1.60564199499748,-0.725237275780463,"Heat Contribution",7.39372525108717,-0.725237275780463,6.66848797530671,3,7.39372525108717,"Small Below"
"370630015041",5.78808325608969,6.66848797530671,1.60564199499748,-0.725237275780463,"CBG Attributable Rate",0,6.66848797530671,6.66848797530671,4,6.66848797530671,"CBG"
"370630022002",5.78808325608969,5.50127648462103,-0.844147282143399,0.557340510674731,"RT Summer Avg. Rate",0,5.78808325608969,5.78808325608969,1,5.78808325608969,"Average"
"370630022002",5.78808325608969,5.50127648462103,-0.844147282143399,0.557340510674731,"Health Contribution",5.78808325608969,-0.844147282143399,4.94393597394629,2,5.78808325608969,"Small Below"
"370630022002",5.78808325608969,5.50127648462103,-0.844147282143399,0.557340510674731,"Heat Contribution",4.94393597394629,0.557340510674731,5.50127648462102,3,5.50127648462102,"Small Above"
"370630022002",5.78808325608969,5.50127648462103,-0.844147282143399,0.557340510674731,"CBG Attributable Rate",0,5.50127648462103,5.50127648462103,4,5.50127648462103,"CBG"
"370630018114",5.78808325608969,5.04141656954758,-0.610660920083715,-0.136005766458395,"RT Summer Avg. Rate",0,5.78808325608969,5.78808325608969,1,5.78808325608969,"Average"
"370630018114",5.78808325608969,5.04141656954758,-0.610660920083715,-0.136005766458395,"Health Contribution",5.78808325608969,-0.610660920083715,5.17742233600598,2,5.78808325608969,"Small Below"
"370630018114",5.78808325608969,5.04141656954758,-0.610660920083715,-0.136005766458395,"Heat Contribution",5.17742233600598,-0.136005766458395,5.04141656954758,3,5.17742233600598,"Small Below"
"370630018114",5.78808325608969,5.04141656954758,-0.610660920083715,-0.136005766458395,"CBG Attributable Rate",0,5.04141656954758,5.04141656954758,4,5.04141656954758,"CBG"
"370630017063",5.78808325608969,2.56634954350031,-2.50926619530179,-0.712467517287592,"RT Summer Avg. Rate",0,5.78808325608969,5.78808325608969,1,5.78808325608969,"Average"
"370630017063",5.78808325608969,2.56634954350031,-2.50926619530179,-0.712467517287592,"Health Contribution",5.78808325608969,-2.50926619530179,3.2788170607879,2,5.78808325608969,"Large Below"
"370630017063",5.78808325608969,2.56634954350031,-2.50926619530179,-0.712467517287592,"Heat Contribution",3.2788170607879,-0.712467517287592,2.56634954350031,3,3.2788170607879,"Small Below"
"370630017063",5.78808325608969,2.56634954350031,-2.50926619530179,-0.712467517287592,"CBG Attributable Rate",0,2.56634954350031,2.56634954350031,4,2.56634954350031,"CBG"
"370630010025",5.78808325608969,10.0033771362809,3.31394900232216,0.901344877869061,"RT Summer Avg. Rate",0,5.78808325608969,5.78808325608969,1,5.78808325608969,"Average"
"370630010025",5.78808325608969,10.0033771362809,3.31394900232216,0.901344877869061,"Health Contribution",5.78808325608969,3.31394900232216,9.10203225841185,2,9.10203225841185,"Large Above"
"370630010025",5.78808325608969,10.0033771362809,3.31394900232216,0.901344877869061,"Heat Contribution",9.10203225841185,0.901344877869061,10.0033771362809,3,10.0033771362809,"Small Above"
"370630010025",5.78808325608969,10.0033771362809,3.31394900232216,0.901344877869061,"CBG Attributable Rate",0,10.0033771362809,10.0033771362809,4,10.0033771362809,"CBG"
"370630020203",5.78808325608969,3.96800208232878,-2.08498085556727,0.264899681806359,"RT Summer Avg. Rate",0,5.78808325608969,5.78808325608969,1,5.78808325608969,"Average"
"370630020203",5.78808325608969,3.96800208232878,-2.08498085556727,0.264899681806359,"Health Contribution",5.78808325608969,-2.08498085556727,3.70310240052242,2,5.78808325608969,"Large Below"
"370630020203",5.78808325608969,3.96800208232878,-2.08498085556727,0.264899681806359,"Heat Contribution",3.70310240052242,0.264899681806359,3.96800208232878,3,3.96800208232878,"Small Above"
"370630020203",5.78808325608969,3.96800208232878,-2.08498085556727,0.264899681806359,"CBG Attributable Rate",0,3.96800208232878,3.96800208232878,4,3.96800208232878,"CBG"
"370630020343",5.78808325608969,5.70630858279535,-0.337209765766156,0.255435092471811,"RT Summer Avg. Rate",0,5.78808325608969,5.78808325608969,1,5.78808325608969,"Average"
"370630020343",5.78808325608969,5.70630858279535,-0.337209765766156,0.255435092471811,"Health Contribution",5.78808325608969,-0.337209765766156,5.45087349032353,2,5.78808325608969,"Small Below"
"370630020343",5.78808325608969,5.70630858279535,-0.337209765766156,0.255435092471811,"Heat Contribution",5.45087349032353,0.255435092471811,5.70630858279535,3,5.70630858279535,"Small Above"
"370630020343",5.78808325608969,5.70630858279535,-0.337209765766156,0.255435092471811,"CBG Attributable Rate",0,5.70630858279535,5.70630858279535,4,5.70630858279535,"CBG"
"370630020254",5.78808325608969,5.79516416787663,-0.434862256066127,0.441943167853057,"RT Summer Avg. Rate",0,5.78808325608969,5.78808325608969,1,5.78808325608969,"Average"
"370630020254",5.78808325608969,5.79516416787663,-0.434862256066127,0.441943167853057,"Health Contribution",5.78808325608969,-0.434862256066127,5.35322100002356,2,5.78808325608969,"Small Below"
"370630020254",5.78808325608969,5.79516416787663,-0.434862256066127,0.441943167853057,"Heat Contribution",5.35322100002356,0.441943167853057,5.79516416787662,3,5.79516416787662,"Small Above"
"370630020254",5.78808325608969,5.79516416787663,-0.434862256066127,0.441943167853057,"CBG Attributable Rate",0,5.79516416787663,5.79516416787663,4,5.79516416787663,"CBG"
"370630020362",5.78808325608969,9.00795331533672,1.79738415115241,1.42248590809462,"RT Summer Avg. Rate",0,5.78808325608969,5.78808325608969,1,5.78808325608969,"Average"
"370630020362",5.78808325608969,9.00795331533672,1.79738415115241,1.42248590809462,"Health Contribution",5.78808325608969,1.79738415115241,7.5854674072421,2,7.5854674072421,"Small Above"
"370630020362",5.78808325608969,9.00795331533672,1.79738415115241,1.42248590809462,"Heat Contribution",7.5854674072421,1.42248590809462,9.00795331533672,3,9.00795331533672,"Small Above"
"370630020362",5.78808325608969,9.00795331533672,1.79738415115241,1.42248590809462,"CBG Attributable Rate",0,9.00795331533672,9.00795331533672,4,9.00795331533672,"CBG"
"370630017121",5.78808325608969,6.30695734004874,1.03289330798913,-0.514019224030092,"RT Summer Avg. Rate",0,5.78808325608969,5.78808325608969,1,5.78808325608969,"Average"
"370630017121",5.78808325608969,6.30695734004874,1.03289330798913,-0.514019224030092,"Health Contribution",5.78808325608969,1.03289330798913,6.82097656407882,2,6.82097656407882,"Small Above"
"370630017121",5.78808325608969,6.30695734004874,1.03289330798913,-0.514019224030092,"Heat Contribution",6.82097656407882,-0.514019224030092,6.30695734004873,3,6.82097656407882,"Small Below"
"370630017121",5.78808325608969,6.30695734004874,1.03289330798913,-0.514019224030092,"CBG Attributable Rate",0,6.30695734004874,6.30695734004874,4,6.30695734004874,"CBG"
"370630015052",5.78808325608969,5.53523585134322,-0.428076805878019,0.17522940113154,"RT Summer Avg. Rate",0,5.78808325608969,5.78808325608969,1,5.78808325608969,"Average"
"370630015052",5.78808325608969,5.53523585134322,-0.428076805878019,0.17522940113154,"Health Contribution",5.78808325608969,-0.428076805878019,5.36000645021167,2,5.78808325608969,"Small Below"
"370630015052",5.78808325608969,5.53523585134322,-0.428076805878019,0.17522940113154,"Heat Contribution",5.36000645021167,0.17522940113154,5.53523585134321,3,5.53523585134321,"Small Above"
"370630015052",5.78808325608969,5.53523585134322,-0.428076805878019,0.17522940113154,"CBG Attributable Rate",0,5.53523585134322,5.53523585134322,4,5.53523585134322,"CBG"
"370630020311",5.78808325608969,7.02098990902449,0.766349375225225,0.466557277709573,"RT Summer Avg. Rate",0,5.78808325608969,5.78808325608969,1,5.78808325608969,"Average"
"370630020311",5.78808325608969,7.02098990902449,0.766349375225225,0.466557277709573,"Health Contribution",5.78808325608969,0.766349375225225,6.55443263131492,2,6.55443263131492,"Small Above"
"370630020311",5.78808325608969,7.02098990902449,0.766349375225225,0.466557277709573,"Heat Contribution",6.55443263131492,0.466557277709573,7.02098990902449,3,7.02098990902449,"Small Above"
"370630020311",5.78808325608969,7.02098990902449,0.766349375225225,0.466557277709573,"CBG Attributable Rate",0,7.02098990902449,7.02098990902449,4,7.02098990902449,"CBG"
"370630020253",5.78808325608969,5.4288310851361,-0.868289188137689,0.509037017184094,"RT Summer Avg. Rate",0,5.78808325608969,5.78808325608969,1,5.78808325608969,"Average"
"370630020253",5.78808325608969,5.4288310851361,-0.868289188137689,0.509037017184094,"Health Contribution",5.78808325608969,-0.868289188137689,4.919794067952,2,5.78808325608969,"Small Below"
"370630020253",5.78808325608969,5.4288310851361,-0.868289188137689,0.509037017184094,"Heat Contribution",4.919794067952,0.509037017184094,5.4288310851361,3,5.4288310851361,"Small Above"
"370630020253",5.78808325608969,5.4288310851361,-0.868289188137689,0.509037017184094,"CBG Attributable Rate",0,5.4288310851361,5.4288310851361,4,5.4288310851361,"CBG"
"370630020246",5.78808325608969,4.45463033869584,-1.70750086810358,0.374047950709729,"RT Summer Avg. Rate",0,5.78808325608969,5.78808325608969,1,5.78808325608969,"Average"
"370630020246",5.78808325608969,4.45463033869584,-1.70750086810358,0.374047950709729,"Health Contribution",5.78808325608969,-1.70750086810358,4.08058238798611,2,5.78808325608969,"Small Below"
"370630020246",5.78808325608969,4.45463033869584,-1.70750086810358,0.374047950709729,"Heat Contribution",4.08058238798611,0.374047950709729,4.45463033869584,3,4.45463033869584,"Small Above"
"370630020246",5.78808325608969,4.45463033869584,-1.70750086810358,0.374047950709729,"CBG Attributable Rate",0,4.45463033869584,4.45463033869584,4,4.45463033869584,"CBG"
"370630017097",5.78808325608969,9.26832514588606,2.90804255679322,0.572199333003149,"RT Summer Avg. Rate",0,5.78808325608969,5.78808325608969,1,5.78808325608969,"Average"
"370630017097",5.78808325608969,9.26832514588606,2.90804255679322,0.572199333003149,"Health Contribution",5.78808325608969,2.90804255679322,8.69612581288291,2,8.69612581288291,"Large Above"
"370630017097",5.78808325608969,9.26832514588606,2.90804255679322,0.572199333003149,"Heat Contribution",8.69612581288291,0.572199333003149,9.26832514588606,3,9.26832514588606,"Small Above"
"370630017097",5.78808325608969,9.26832514588606,2.90804255679322,0.572199333003149,"CBG Attributable Rate",0,9.26832514588606,9.26832514588606,4,9.26832514588606,"CBG"
"370630020321",5.78808325608969,9.53226110906303,3.14298990008978,0.601187952883556,"RT Summer Avg. Rate",0,5.78808325608969,5.78808325608969,1,5.78808325608969,"Average"
"370630020321",5.78808325608969,9.53226110906303,3.14298990008978,0.601187952883556,"Health Contribution",5.78808325608969,3.14298990008978,8.93107315617947,2,8.93107315617947,"Large Above"
"370630020321",5.78808325608969,9.53226110906303,3.14298990008978,0.601187952883556,"Heat Contribution",8.93107315617947,0.601187952883556,9.53226110906303,3,9.53226110906303,"Small Above"
"370630020321",5.78808325608969,9.53226110906303,3.14298990008978,0.601187952883556,"CBG Attributable Rate",0,9.53226110906303,9.53226110906303,4,9.53226110906303,"CBG"
"370630016036",5.78808325608969,2.24112430801238,-2.193231630763,-1.35372731731432,"RT Summer Avg. Rate",0,5.78808325608969,5.78808325608969,1,5.78808325608969,"Average"
"370630016036",5.78808325608969,2.24112430801238,-2.193231630763,-1.35372731731432,"Health Contribution",5.78808325608969,-2.193231630763,3.59485162532669,2,5.78808325608969,"Large Below"
"370630016036",5.78808325608969,2.24112430801238,-2.193231630763,-1.35372731731432,"Heat Contribution",3.59485162532669,-1.35372731731432,2.24112430801237,3,3.59485162532669,"Small Below"
"370630016036",5.78808325608969,2.24112430801238,-2.193231630763,-1.35372731731432,"CBG Attributable Rate",0,2.24112430801238,2.24112430801238,4,2.24112430801238,"CBG"
"370630016045",5.78808325608969,3.4087050037307,-0.534634924952486,-1.84474332740651,"RT Summer Avg. Rate",0,5.78808325608969,5.78808325608969,1,5.78808325608969,"Average"
"370630016045",5.78808325608969,3.4087050037307,-0.534634924952486,-1.84474332740651,"Health Contribution",5.78808325608969,-0.534634924952486,5.2534483311372,2,5.78808325608969,"Small Below"
"370630016045",5.78808325608969,3.4087050037307,-0.534634924952486,-1.84474332740651,"Heat Contribution",5.2534483311372,-1.84474332740651,3.40870500373069,3,5.2534483311372,"Small Below"
"370630016045",5.78808325608969,3.4087050037307,-0.534634924952486,-1.84474332740651,"CBG Attributable Rate",0,3.4087050037307,3.4087050037307,4,3.4087050037307,"CBG"
"370630016044",5.78808325608969,3.22088085757115,-1.42126946958057,-1.14593292893797,"RT Summer Avg. Rate",0,5.78808325608969,5.78808325608969,1,5.78808325608969,"Average"
"370630016044",5.78808325608969,3.22088085757115,-1.42126946958057,-1.14593292893797,"Health Contribution",5.78808325608969,-1.42126946958057,4.36681378650912,2,5.78808325608969,"Small Below"
"370630016044",5.78808325608969,3.22088085757115,-1.42126946958057,-1.14593292893797,"Heat Contribution",4.36681378650912,-1.14593292893797,3.22088085757115,3,4.36681378650912,"Small Below"
"370630016044",5.78808325608969,3.22088085757115,-1.42126946958057,-1.14593292893797,"CBG Attributable Rate",0,3.22088085757115,3.22088085757115,4,3.22088085757115,"CBG"
"370630017134",5.7880832560897,4.72267364433947,-0.0088177873453941,-1.05659182440483,"RT Summer Avg. Rate",0,5.7880832560897,5.7880832560897,1,5.7880832560897,"Average"
"370630017134",5.7880832560897,4.72267364433947,-0.0088177873453941,-1.05659182440483,"Health Contribution",5.7880832560897,-0.0088177873453941,5.77926546874431,2,5.7880832560897,"Small Below"
"370630017134",5.7880832560897,4.72267364433947,-0.0088177873453941,-1.05659182440483,"Heat Contribution",5.77926546874431,-1.05659182440483,4.72267364433948,3,5.77926546874431,"Small Below"
"370630017134",5.7880832560897,4.72267364433947,-0.0088177873453941,-1.05659182440483,"CBG Attributable Rate",0,4.72267364433947,4.72267364433947,4,4.72267364433947,"CBG"
"370630020074",5.78808325608969,5.3163846568012,-0.777304220438065,0.305605621149573,"RT Summer Avg. Rate",0,5.78808325608969,5.78808325608969,1,5.78808325608969,"Average"
"370630020074",5.78808325608969,5.3163846568012,-0.777304220438065,0.305605621149573,"Health Contribution",5.78808325608969,-0.777304220438065,5.01077903565163,2,5.78808325608969,"Small Below"
"370630020074",5.78808325608969,5.3163846568012,-0.777304220438065,0.305605621149573,"Heat Contribution",5.01077903565163,0.305605621149573,5.3163846568012,3,5.3163846568012,"Small Above"
"370630020074",5.78808325608969,5.3163846568012,-0.777304220438065,0.305605621149573,"CBG Attributable Rate",0,5.3163846568012,5.3163846568012,4,5.3163846568012,"CBG"
"370630018064",5.78808325608969,5.83198844228635,0.812016419061496,-0.768111232864844,"RT Summer Avg. Rate",0,5.78808325608969,5.78808325608969,1,5.78808325608969,"Average"
"370630018064",5.78808325608969,5.83198844228635,0.812016419061496,-0.768111232864844,"Health Contribution",5.78808325608969,0.812016419061496,6.60009967515119,2,6.60009967515119,"Small Above"
"370630018064",5.78808325608969,5.83198844228635,0.812016419061496,-0.768111232864844,"Heat Contribution",6.60009967515119,-0.768111232864844,5.83198844228634,3,6.60009967515119,"Small Below"
"370630018064",5.78808325608969,5.83198844228635,0.812016419061496,-0.768111232864844,"CBG Attributable Rate",0,5.83198844228635,5.83198844228635,4,5.83198844228635,"CBG"
"370630018063",5.78808325608969,7.26079885744469,2.53479875195034,-1.06208315059535,"RT Summer Avg. Rate",0,5.78808325608969,5.78808325608969,1,5.78808325608969,"Average"
"370630018063",5.78808325608969,7.26079885744469,2.53479875195034,-1.06208315059535,"Health Contribution",5.78808325608969,2.53479875195034,8.32288200804003,2,8.32288200804003,"Large Above"
"370630018063",5.78808325608969,7.26079885744469,2.53479875195034,-1.06208315059535,"Heat Contribution",8.32288200804003,-1.06208315059535,7.26079885744468,3,8.32288200804003,"Small Below"
"370630018063",5.78808325608969,7.26079885744469,2.53479875195034,-1.06208315059535,"CBG Attributable Rate",0,7.26079885744469,7.26079885744469,4,7.26079885744469,"CBG"
"370630018062",5.78808325608969,7.50595039558941,2.37995702819004,-0.662089888690325,"RT Summer Avg. Rate",0,5.78808325608969,5.78808325608969,1,5.78808325608969,"Average"
"370630018062",5.78808325608969,7.50595039558941,2.37995702819004,-0.662089888690325,"Health Contribution",5.78808325608969,2.37995702819004,8.16804028427973,2,8.16804028427973,"Large Above"
"370630018062",5.78808325608969,7.50595039558941,2.37995702819004,-0.662089888690325,"Heat Contribution",8.16804028427973,-0.662089888690325,7.50595039558941,3,8.16804028427973,"Small Below"
"370630018062",5.78808325608969,7.50595039558941,2.37995702819004,-0.662089888690325,"CBG Attributable Rate",0,7.50595039558941,7.50595039558941,4,7.50595039558941,"CBG"
"370630017133",5.78808325608969,3.5722161393589,-1.4586925989015,-0.757174517829291,"RT Summer Avg. Rate",0,5.78808325608969,5.78808325608969,1,5.78808325608969,"Average"
"370630017133",5.78808325608969,3.5722161393589,-1.4586925989015,-0.757174517829291,"Health Contribution",5.78808325608969,-1.4586925989015,4.32939065718819,2,5.78808325608969,"Small Below"
"370630017133",5.78808325608969,3.5722161393589,-1.4586925989015,-0.757174517829291,"Heat Contribution",4.32939065718819,-0.757174517829291,3.5722161393589,3,4.32939065718819,"Small Below"
"370630017133",5.78808325608969,3.5722161393589,-1.4586925989015,-0.757174517829291,"CBG Attributable Rate",0,3.5722161393589,3.5722161393589,4,3.5722161393589,"CBG"
"370630017054",5.78808325608969,6.04291887427426,0.276619752511248,-0.0217841343266784,"RT Summer Avg. Rate",0,5.78808325608969,5.78808325608969,1,5.78808325608969,"Average"
"370630017054",5.78808325608969,6.04291887427426,0.276619752511248,-0.0217841343266784,"Health Contribution",5.78808325608969,0.276619752511248,6.06470300860094,2,6.06470300860094,"Small Above"
"370630017054",5.78808325608969,6.04291887427426,0.276619752511248,-0.0217841343266784,"Heat Contribution",6.06470300860094,-0.0217841343266784,6.04291887427426,3,6.06470300860094,"Small Below"
"370630017054",5.78808325608969,6.04291887427426,0.276619752511248,-0.0217841343266784,"CBG Attributable Rate",0,6.04291887427426,6.04291887427426,4,6.04291887427426,"CBG"
"370630017095",5.78808325608969,10.3284623552602,4.27852037955108,0.261858719619406,"RT Summer Avg. Rate",0,5.78808325608969,5.78808325608969,1,5.78808325608969,"Average"
"370630017095",5.78808325608969,10.3284623552602,4.27852037955108,0.261858719619406,"Health Contribution",5.78808325608969,4.27852037955108,10.0666036356408,2,10.0666036356408,"Large Above"
"370630017095",5.78808325608969,10.3284623552602,4.27852037955108,0.261858719619406,"Heat Contribution",10.0666036356408,0.261858719619406,10.3284623552602,3,10.3284623552602,"Small Above"
"370630017095",5.78808325608969,10.3284623552602,4.27852037955108,0.261858719619406,"CBG Attributable Rate",0,10.3284623552602,10.3284623552602,4,10.3284623552602,"CBG"
"370630018014",5.78808325608969,4.54476124627165,-0.656593227074901,-0.58672878274314,"RT Summer Avg. Rate",0,5.78808325608969,5.78808325608969,1,5.78808325608969,"Average"
"370630018014",5.78808325608969,4.54476124627165,-0.656593227074901,-0.58672878274314,"Health Contribution",5.78808325608969,-0.656593227074901,5.13149002901479,2,5.78808325608969,"Small Below"
"370630018014",5.78808325608969,4.54476124627165,-0.656593227074901,-0.58672878274314,"Heat Contribution",5.13149002901479,-0.58672878274314,4.54476124627165,3,5.13149002901479,"Small Below"
"370630018014",5.78808325608969,4.54476124627165,-0.656593227074901,-0.58672878274314,"CBG Attributable Rate",0,4.54476124627165,4.54476124627165,4,4.54476124627165,"CBG"
"370630018065",5.78808325608969,8.29677811753448,3.20688164484775,-0.698186783402963,"RT Summer Avg. Rate",0,5.78808325608969,5.78808325608969,1,5.78808325608969,"Average"
"370630018065",5.78808325608969,8.29677811753448,3.20688164484775,-0.698186783402963,"Health Contribution",5.78808325608969,3.20688164484775,8.99496490093744,2,8.99496490093744,"Large Above"
"370630018065",5.78808325608969,8.29677811753448,3.20688164484775,-0.698186783402963,"Heat Contribution",8.99496490093744,-0.698186783402963,8.29677811753448,3,8.99496490093744,"Small Below"
"370630018065",5.78808325608969,8.29677811753448,3.20688164484775,-0.698186783402963,"CBG Attributable Rate",0,8.29677811753448,8.29677811753448,4,8.29677811753448,"CBG"
"370630017124",5.78808325608969,3.57267870067518,-1.41817207746086,-0.79723247795365,"RT Summer Avg. Rate",0,5.78808325608969,5.78808325608969,1,5.78808325608969,"Average"
"370630017124",5.78808325608969,3.57267870067518,-1.41817207746086,-0.79723247795365,"Health Contribution",5.78808325608969,-1.41817207746086,4.36991117862883,2,5.78808325608969,"Small Below"
"370630017124",5.78808325608969,3.57267870067518,-1.41817207746086,-0.79723247795365,"Heat Contribution",4.36991117862883,-0.79723247795365,3.57267870067518,3,4.36991117862883,"Small Below"
"370630017124",5.78808325608969,3.57267870067518,-1.41817207746086,-0.79723247795365,"CBG Attributable Rate",0,3.57267870067518,3.57267870067518,4,3.57267870067518,"CBG"
"370630017096",5.7880832560897,7.20776649088451,1.77912308560464,-0.359439850809822,"RT Summer Avg. Rate",0,5.7880832560897,5.7880832560897,1,5.7880832560897,"Average"
"370630017096",5.7880832560897,7.20776649088451,1.77912308560464,-0.359439850809822,"Health Contribution",5.7880832560897,1.77912308560464,7.56720634169434,2,7.56720634169434,"Small Above"
"370630017096",5.7880832560897,7.20776649088451,1.77912308560464,-0.359439850809822,"Heat Contribution",7.56720634169434,-0.359439850809822,7.20776649088452,3,7.56720634169434,"Small Below"
"370630017096",5.7880832560897,7.20776649088451,1.77912308560464,-0.359439850809822,"CBG Attributable Rate",0,7.20776649088451,7.20776649088451,4,7.20776649088451,"CBG"
"370630017083",5.78808325608969,8.76567284267941,3.30284099203654,-0.325251405446824,"RT Summer Avg. Rate",0,5.78808325608969,5.78808325608969,1,5.78808325608969,"Average"
"370630017083",5.78808325608969,8.76567284267941,3.30284099203654,-0.325251405446824,"Health Contribution",5.78808325608969,3.30284099203654,9.09092424812623,2,9.09092424812623,"Large Above"
"370630017083",5.78808325608969,8.76567284267941,3.30284099203654,-0.325251405446824,"Heat Contribution",9.09092424812623,-0.325251405446824,8.76567284267941,3,9.09092424812623,"Small Below"
"370630017083",5.78808325608969,8.76567284267941,3.30284099203654,-0.325251405446824,"CBG Attributable Rate",0,8.76567284267941,8.76567284267941,4,8.76567284267941,"CBG"
"370630016035",5.78808325608969,4.52606767668976,-0.487412914975023,-0.774602664424907,"RT Summer Avg. Rate",0,5.78808325608969,5.78808325608969,1,5.78808325608969,"Average"
"370630016035",5.78808325608969,4.52606767668976,-0.487412914975023,-0.774602664424907,"Health Contribution",5.78808325608969,-0.487412914975023,5.30067034111467,2,5.78808325608969,"Small Below"
"370630016035",5.78808325608969,4.52606767668976,-0.487412914975023,-0.774602664424907,"Heat Contribution",5.30067034111467,-0.774602664424907,4.52606767668976,3,5.30067034111467,"Small Below"
"370630016035",5.78808325608969,4.52606767668976,-0.487412914975023,-0.774602664424907,"CBG Attributable Rate",0,4.52606767668976,4.52606767668976,4,4.52606767668976,"CBG"
"370630016014",5.78808325608969,5.66433034575581,0.460850540077549,-0.584603450411431,"RT Summer Avg. Rate",0,5.78808325608969,5.78808325608969,1,5.78808325608969,"Average"
"370630016014",5.78808325608969,5.66433034575581,0.460850540077549,-0.584603450411431,"Health Contribution",5.78808325608969,0.460850540077549,6.24893379616724,2,6.24893379616724,"Small Above"
"370630016014",5.78808325608969,5.66433034575581,0.460850540077549,-0.584603450411431,"Heat Contribution",6.24893379616724,-0.584603450411431,5.66433034575581,3,6.24893379616724,"Small Below"
"370630016014",5.78808325608969,5.66433034575581,0.460850540077549,-0.584603450411431,"CBG Attributable Rate",0,5.66433034575581,5.66433034575581,4,5.66433034575581,"CBG"
"370630016015",5.78808325608969,4.49320121080566,0.0168288932903031,-1.31171093857434,"RT Summer Avg. Rate",0,5.78808325608969,5.78808325608969,1,5.78808325608969,"Average"
"370630016015",5.78808325608969,4.49320121080566,0.0168288932903031,-1.31171093857434,"Health Contribution",5.78808325608969,0.0168288932903031,5.80491214937999,2,5.80491214937999,"Small Above"
"370630016015",5.78808325608969,4.49320121080566,0.0168288932903031,-1.31171093857434,"Heat Contribution",5.80491214937999,-1.31171093857434,4.49320121080565,3,5.80491214937999,"Small Below"
"370630016015",5.78808325608969,4.49320121080566,0.0168288932903031,-1.31171093857434,"CBG Attributable Rate",0,4.49320121080566,4.49320121080566,4,4.49320121080566,"CBG"
"370630021007",5.78808325608969,3.65037313419475,-1.55132728841569,-0.586382833479258,"RT Summer Avg. Rate",0,5.78808325608969,5.78808325608969,1,5.78808325608969,"Average"
"370630021007",5.78808325608969,3.65037313419475,-1.55132728841569,-0.586382833479258,"Health Contribution",5.78808325608969,-1.55132728841569,4.236755967674,2,5.78808325608969,"Small Below"
"370630021007",5.78808325608969,3.65037313419475,-1.55132728841569,-0.586382833479258,"Heat Contribution",4.236755967674,-0.586382833479258,3.65037313419474,3,4.236755967674,"Small Below"
"370630021007",5.78808325608969,3.65037313419475,-1.55132728841569,-0.586382833479258,"CBG Attributable Rate",0,3.65037313419475,3.65037313419475,4,3.65037313419475,"CBG"
"370630021006",5.78808325608969,4.38427771495744,1.52953883657143,-2.93334437770369,"RT Summer Avg. Rate",0,5.78808325608969,5.78808325608969,1,5.78808325608969,"Average"
"370630021006",5.78808325608969,4.38427771495744,1.52953883657143,-2.93334437770369,"Health Contribution",5.78808325608969,1.52953883657143,7.31762209266112,2,7.31762209266112,"Small Above"
"370630021006",5.78808325608969,4.38427771495744,1.52953883657143,-2.93334437770369,"Heat Contribution",7.31762209266112,-2.93334437770369,4.38427771495743,3,7.31762209266112,"Large Below"
"370630021006",5.78808325608969,4.38427771495744,1.52953883657143,-2.93334437770369,"CBG Attributable Rate",0,4.38427771495744,4.38427771495744,4,4.38427771495744,"CBG"
"370630020361",5.78808325608969,9.25177159490364,2.80864625170088,0.655042087113063,"RT Summer Avg. Rate",0,5.78808325608969,5.78808325608969,1,5.78808325608969,"Average"
"370630020361",5.78808325608969,9.25177159490364,2.80864625170088,0.655042087113063,"Health Contribution",5.78808325608969,2.80864625170088,8.59672950779057,2,8.59672950779057,"Large Above"
"370630020361",5.78808325608969,9.25177159490364,2.80864625170088,0.655042087113063,"Heat Contribution",8.59672950779057,0.655042087113063,9.25177159490363,3,9.25177159490363,"Small Above"
"370630020361",5.78808325608969,9.25177159490364,2.80864625170088,0.655042087113063,"CBG Attributable Rate",0,9.25177159490364,9.25177159490364,4,9.25177159490364,"CBG"
"370630020204",5.78808325608969,3.97373018195166,-2.01859169839683,0.204238624258797,"RT Summer Avg. Rate",0,5.78808325608969,5.78808325608969,1,5.78808325608969,"Average"
"370630020204",5.78808325608969,3.97373018195166,-2.01859169839683,0.204238624258797,"Health Contribution",5.78808325608969,-2.01859169839683,3.76949155769286,2,5.78808325608969,"Large Below"
"370630020204",5.78808325608969,3.97373018195166,-2.01859169839683,0.204238624258797,"Heat Contribution",3.76949155769286,0.204238624258797,3.97373018195166,3,3.97373018195166,"Small Above"
"370630020204",5.78808325608969,3.97373018195166,-2.01859169839683,0.204238624258797,"CBG Attributable Rate",0,3.97373018195166,3.97373018195166,4,3.97373018195166,"CBG"
"370630020333",5.78808325608969,4.17127269063019,-1.86205875040264,0.245248184943137,"RT Summer Avg. Rate",0,5.78808325608969,5.78808325608969,1,5.78808325608969,"Average"
"370630020333",5.78808325608969,4.17127269063019,-1.86205875040264,0.245248184943137,"Health Contribution",5.78808325608969,-1.86205875040264,3.92602450568705,2,5.78808325608969,"Small Below"
"370630020333",5.78808325608969,4.17127269063019,-1.86205875040264,0.245248184943137,"Heat Contribution",3.92602450568705,0.245248184943137,4.17127269063019,3,4.17127269063019,"Small Above"
"370630020333",5.78808325608969,4.17127269063019,-1.86205875040264,0.245248184943137,"CBG Attributable Rate",0,4.17127269063019,4.17127269063019,4,4.17127269063019,"CBG"
"370630020351",5.78808325608969,6.01368389237709,-0.755416156138929,0.981016792426322,"RT Summer Avg. Rate",0,5.78808325608969,5.78808325608969,1,5.78808325608969,"Average"
"370630020351",5.78808325608969,6.01368389237709,-0.755416156138929,0.981016792426322,"Health Contribution",5.78808325608969,-0.755416156138929,5.03266709995076,2,5.78808325608969,"Small Below"
"370630020351",5.78808325608969,6.01368389237709,-0.755416156138929,0.981016792426322,"Heat Contribution",5.03266709995076,0.981016792426322,6.01368389237708,3,6.01368389237708,"Small Above"
"370630020351",5.78808325608969,6.01368389237709,-0.755416156138929,0.981016792426322,"CBG Attributable Rate",0,6.01368389237709,6.01368389237709,4,6.01368389237709,"CBG"
"370630020354",5.78808325608969,5.97314422536707,-0.528716498173648,0.713777467451021,"RT Summer Avg. Rate",0,5.78808325608969,5.78808325608969,1,5.78808325608969,"Average"
"370630020354",5.78808325608969,5.97314422536707,-0.528716498173648,0.713777467451021,"Health Contribution",5.78808325608969,-0.528716498173648,5.25936675791604,2,5.78808325608969,"Small Below"
"370630020354",5.78808325608969,5.97314422536707,-0.528716498173648,0.713777467451021,"Heat Contribution",5.25936675791604,0.713777467451021,5.97314422536706,3,5.97314422536706,"Small Above"
"370630020354",5.78808325608969,5.97314422536707,-0.528716498173648,0.713777467451021,"CBG Attributable Rate",0,5.97314422536707,5.97314422536707,4,5.97314422536707,"CBG"
"370630020083",5.78808325608969,3.61576605204726,-2.32592516332821,0.153607959285769,"RT Summer Avg. Rate",0,5.78808325608969,5.78808325608969,1,5.78808325608969,"Average"
"370630020083",5.78808325608969,3.61576605204726,-2.32592516332821,0.153607959285769,"Health Contribution",5.78808325608969,-2.32592516332821,3.46215809276148,2,5.78808325608969,"Large Below"
"370630020083",5.78808325608969,3.61576605204726,-2.32592516332821,0.153607959285769,"Heat Contribution",3.46215809276148,0.153607959285769,3.61576605204725,3,3.61576605204725,"Small Above"
"370630020083",5.78808325608969,3.61576605204726,-2.32592516332821,0.153607959285769,"CBG Attributable Rate",0,3.61576605204726,3.61576605204726,4,3.61576605204726,"CBG"
"370630020263",5.78808325608969,9.98927878558466,3.6159810119235,0.585214517571469,"RT Summer Avg. Rate",0,5.78808325608969,5.78808325608969,1,5.78808325608969,"Average"
"370630020263",5.78808325608969,9.98927878558466,3.6159810119235,0.585214517571469,"Health Contribution",5.78808325608969,3.6159810119235,9.40406426801319,2,9.40406426801319,"Large Above"
"370630020263",5.78808325608969,9.98927878558466,3.6159810119235,0.585214517571469,"Heat Contribution",9.40406426801319,0.585214517571469,9.98927878558466,3,9.98927878558466,"Small Above"
"370630020263",5.78808325608969,9.98927878558466,3.6159810119235,0.585214517571469,"CBG Attributable Rate",0,9.98927878558466,9.98927878558466,4,9.98927878558466,"CBG"
"370630020353",5.78808325608969,4.05200067985425,-1.61265803038144,-0.123424545854008,"RT Summer Avg. Rate",0,5.78808325608969,5.78808325608969,1,5.78808325608969,"Average"
"370630020353",5.78808325608969,4.05200067985425,-1.61265803038144,-0.123424545854008,"Health Contribution",5.78808325608969,-1.61265803038144,4.17542522570825,2,5.78808325608969,"Small Below"
"370630020353",5.78808325608969,4.05200067985425,-1.61265803038144,-0.123424545854008,"Heat Contribution",4.17542522570825,-0.123424545854008,4.05200067985424,3,4.17542522570825,"Small Below"
"370630020353",5.78808325608969,4.05200067985425,-1.61265803038144,-0.123424545854008,"CBG Attributable Rate",0,4.05200067985425,4.05200067985425,4,4.05200067985425,"CBG"
"370630018095",5.78808325608969,5.73261828814659,0.195154356832953,-0.250619324776062,"RT Summer Avg. Rate",0,5.78808325608969,5.78808325608969,1,5.78808325608969,"Average"
"370630018095",5.78808325608969,5.73261828814659,0.195154356832953,-0.250619324776062,"Health Contribution",5.78808325608969,0.195154356832953,5.98323761292264,2,5.98323761292264,"Small Above"
"370630018095",5.78808325608969,5.73261828814659,0.195154356832953,-0.250619324776062,"Heat Contribution",5.98323761292264,-0.250619324776062,5.73261828814658,3,5.98323761292264,"Small Below"
"370630018095",5.78808325608969,5.73261828814659,0.195154356832953,-0.250619324776062,"CBG Attributable Rate",0,5.73261828814659,5.73261828814659,4,5.73261828814659,"CBG"
"370630018094",5.78808325608969,6.01961162410752,0.879387403915373,-0.647859035897543,"RT Summer Avg. Rate",0,5.78808325608969,5.78808325608969,1,5.78808325608969,"Average"
"370630018094",5.78808325608969,6.01961162410752,0.879387403915373,-0.647859035897543,"Health Contribution",5.78808325608969,0.879387403915373,6.66747066000506,2,6.66747066000506,"Small Above"
"370630018094",5.78808325608969,6.01961162410752,0.879387403915373,-0.647859035897543,"Heat Contribution",6.66747066000506,-0.647859035897543,6.01961162410752,3,6.66747066000506,"Small Below"
"370630018094",5.78808325608969,6.01961162410752,0.879387403915373,-0.647859035897543,"CBG Attributable Rate",0,6.01961162410752,6.01961162410752,4,6.01961162410752,"CBG"
"370630018093",5.78808325608969,6.41907688149331,1.206082556985,-0.575088931581381,"RT Summer Avg. Rate",0,5.78808325608969,5.78808325608969,1,5.78808325608969,"Average"
"370630018093",5.78808325608969,6.41907688149331,1.206082556985,-0.575088931581381,"Health Contribution",5.78808325608969,1.206082556985,6.99416581307469,2,6.99416581307469,"Small Above"
"370630018093",5.78808325608969,6.41907688149331,1.206082556985,-0.575088931581381,"Heat Contribution",6.99416581307469,-0.575088931581381,6.41907688149331,3,6.99416581307469,"Small Below"
"370630018093",5.78808325608969,6.41907688149331,1.206082556985,-0.575088931581381,"CBG Attributable Rate",0,6.41907688149331,6.41907688149331,4,6.41907688149331,"CBG"
"370630018084",5.78808325608969,3.23782520530693,-2.33096721327038,-0.219290837512379,"RT Summer Avg. Rate",0,5.78808325608969,5.78808325608969,1,5.78808325608969,"Average"
"370630018084",5.78808325608969,3.23782520530693,-2.33096721327038,-0.219290837512379,"Health Contribution",5.78808325608969,-2.33096721327038,3.45711604281931,2,5.78808325608969,"Large Below"
"370630018084",5.78808325608969,3.23782520530693,-2.33096721327038,-0.219290837512379,"Heat Contribution",3.45711604281931,-0.219290837512379,3.23782520530693,3,3.45711604281931,"Small Below"
"370630018084",5.78808325608969,3.23782520530693,-2.33096721327038,-0.219290837512379,"CBG Attributable Rate",0,3.23782520530693,3.23782520530693,4,3.23782520530693,"CBG"
"370630019003",5.78808325608969,3.44446200710943,-1.87096164675493,-0.472659602225336,"RT Summer Avg. Rate",0,5.78808325608969,5.78808325608969,1,5.78808325608969,"Average"
"370630019003",5.78808325608969,3.44446200710943,-1.87096164675493,-0.472659602225336,"Health Contribution",5.78808325608969,-1.87096164675493,3.91712160933476,2,5.78808325608969,"Small Below"
"370630019003",5.78808325608969,3.44446200710943,-1.87096164675493,-0.472659602225336,"Heat Contribution",3.91712160933476,-0.472659602225336,3.44446200710942,3,3.91712160933476,"Small Below"
"370630019003",5.78808325608969,3.44446200710943,-1.87096164675493,-0.472659602225336,"CBG Attributable Rate",0,3.44446200710943,3.44446200710943,4,3.44446200710943,"CBG"
"370630019004",5.78808325608969,3.95017477166424,-1.02567801447585,-0.812230469949603,"RT Summer Avg. Rate",0,5.78808325608969,5.78808325608969,1,5.78808325608969,"Average"
"370630019004",5.78808325608969,3.95017477166424,-1.02567801447585,-0.812230469949603,"Health Contribution",5.78808325608969,-1.02567801447585,4.76240524161384,2,5.78808325608969,"Small Below"
"370630019004",5.78808325608969,3.95017477166424,-1.02567801447585,-0.812230469949603,"Heat Contribution",4.76240524161384,-0.812230469949603,3.95017477166424,3,4.76240524161384,"Small Below"
"370630019004",5.78808325608969,3.95017477166424,-1.02567801447585,-0.812230469949603,"CBG Attributable Rate",0,3.95017477166424,3.95017477166424,4,3.95017477166424,"CBG"
"370630020293",5.78808325608969,4.16234284690904,-1.69202747005979,0.066287060879134,"RT Summer Avg. Rate",0,5.78808325608969,5.78808325608969,1,5.78808325608969,"Average"
"370630020293",5.78808325608969,4.16234284690904,-1.69202747005979,0.066287060879134,"Health Contribution",5.78808325608969,-1.69202747005979,4.0960557860299,2,5.78808325608969,"Small Below"
"370630020293",5.78808325608969,4.16234284690904,-1.69202747005979,0.066287060879134,"Heat Contribution",4.0960557860299,0.066287060879134,4.16234284690903,3,4.16234284690903,"Small Above"
"370630020293",5.78808325608969,4.16234284690904,-1.69202747005979,0.066287060879134,"CBG Attributable Rate",0,4.16234284690904,4.16234284690904,4,4.16234284690904,"CBG"
"370630018083",5.78808325608969,3.68633143059811,-1.90178120778625,-0.199970617705332,"RT Summer Avg. Rate",0,5.78808325608969,5.78808325608969,1,5.78808325608969,"Average"
"370630018083",5.78808325608969,3.68633143059811,-1.90178120778625,-0.199970617705332,"Health Contribution",5.78808325608969,-1.90178120778625,3.88630204830344,2,5.78808325608969,"Small Below"
"370630018083",5.78808325608969,3.68633143059811,-1.90178120778625,-0.199970617705332,"Heat Contribution",3.88630204830344,-0.199970617705332,3.68633143059811,3,3.88630204830344,"Small Below"
"370630018083",5.78808325608969,3.68633143059811,-1.90178120778625,-0.199970617705332,"CBG Attributable Rate",0,3.68633143059811,3.68633143059811,4,3.68633143059811,"CBG"
"370630020291",5.78808325608969,5.83206287908454,-0.00356745286026177,0.0475470758551065,"RT Summer Avg. Rate",0,5.78808325608969,5.78808325608969,1,5.78808325608969,"Average"
"370630020291",5.78808325608969,5.83206287908454,-0.00356745286026177,0.0475470758551065,"Health Contribution",5.78808325608969,-0.00356745286026177,5.78451580322943,2,5.78808325608969,"Small Below"
"370630020291",5.78808325608969,5.83206287908454,-0.00356745286026177,0.0475470758551065,"Heat Contribution",5.78451580322943,0.0475470758551065,5.83206287908454,3,5.83206287908454,"Small Above"
"370630020291",5.78808325608969,5.83206287908454,-0.00356745286026177,0.0475470758551065,"CBG Attributable Rate",0,5.83206287908454,5.83206287908454,4,5.83206287908454,"CBG"
"370630020302",5.78808325608969,3.46903286633761,-1.52684662071281,-0.792203769039277,"RT Summer Avg. Rate",0,5.78808325608969,5.78808325608969,1,5.78808325608969,"Average"
"370630020302",5.78808325608969,3.46903286633761,-1.52684662071281,-0.792203769039277,"Health Contribution",5.78808325608969,-1.52684662071281,4.26123663537688,2,5.78808325608969,"Small Below"
"370630020302",5.78808325608969,3.46903286633761,-1.52684662071281,-0.792203769039277,"Heat Contribution",4.26123663537688,-0.792203769039277,3.4690328663376,3,4.26123663537688,"Small Below"
"370630020302",5.78808325608969,3.46903286633761,-1.52684662071281,-0.792203769039277,"CBG Attributable Rate",0,3.46903286633761,3.46903286633761,4,3.46903286633761,"CBG"
"370630020301",5.78808325608969,3.8377927287287,-1.73650914075685,-0.213781386604145,"RT Summer Avg. Rate",0,5.78808325608969,5.78808325608969,1,5.78808325608969,"Average"
"370630020301",5.78808325608969,3.8377927287287,-1.73650914075685,-0.213781386604145,"Health Contribution",5.78808325608969,-1.73650914075685,4.05157411533284,2,5.78808325608969,"Small Below"
"370630020301",5.78808325608969,3.8377927287287,-1.73650914075685,-0.213781386604145,"Heat Contribution",4.05157411533284,-0.213781386604145,3.8377927287287,3,4.05157411533284,"Small Below"
"370630020301",5.78808325608969,3.8377927287287,-1.73650914075685,-0.213781386604145,"CBG Attributable Rate",0,3.8377927287287,3.8377927287287,4,3.8377927287287,"CBG"
"370630006001",5.78808325608969,4.0920486187013,-1.30637472944998,-0.389659907938415,"RT Summer Avg. Rate",0,5.78808325608969,5.78808325608969,1,5.78808325608969,"Average"
"370630006001",5.78808325608969,4.0920486187013,-1.30637472944998,-0.389659907938415,"Health Contribution",5.78808325608969,-1.30637472944998,4.48170852663971,2,5.78808325608969,"Small Below"
"370630006001",5.78808325608969,4.0920486187013,-1.30637472944998,-0.389659907938415,"Heat Contribution",4.48170852663971,-0.389659907938415,4.0920486187013,3,4.48170852663971,"Small Below"
"370630006001",5.78808325608969,4.0920486187013,-1.30637472944998,-0.389659907938415,"CBG Attributable Rate",0,4.0920486187013,4.0920486187013,4,4.0920486187013,"CBG"
"370630018102",5.78808325608969,5.47968546691805,-0.270748060696587,-0.0376497284750563,"RT Summer Avg. Rate",0,5.78808325608969,5.78808325608969,1,5.78808325608969,"Average"
"370630018102",5.78808325608969,5.47968546691805,-0.270748060696587,-0.0376497284750563,"Health Contribution",5.78808325608969,-0.270748060696587,5.5173351953931,2,5.78808325608969,"Small Below"
"370630018102",5.78808325608969,5.47968546691805,-0.270748060696587,-0.0376497284750563,"Heat Contribution",5.5173351953931,-0.0376497284750563,5.47968546691805,3,5.5173351953931,"Small Below"
"370630018102",5.78808325608969,5.47968546691805,-0.270748060696587,-0.0376497284750563,"CBG Attributable Rate",0,5.47968546691805,5.47968546691805,4,5.47968546691805,"CBG"
"370630015053",5.78808325608969,8.50705581198855,2.58793894613023,0.131033609768619,"RT Summer Avg. Rate",0,5.78808325608969,5.78808325608969,1,5.78808325608969,"Average"
"370630015053",5.78808325608969,8.50705581198855,2.58793894613023,0.131033609768619,"Health Contribution",5.78808325608969,2.58793894613023,8.37602220221992,2,8.37602220221992,"Large Above"
"370630015053",5.78808325608969,8.50705581198855,2.58793894613023,0.131033609768619,"Heat Contribution",8.37602220221992,0.131033609768619,8.50705581198854,3,8.50705581198854,"Small Above"
"370630015053",5.78808325608969,8.50705581198855,2.58793894613023,0.131033609768619,"CBG Attributable Rate",0,8.50705581198855,8.50705581198855,4,8.50705581198855,"CBG"
"370630017123",5.78808325608969,3.80423956126834,-0.803548057950483,-1.18029563687088,"RT Summer Avg. Rate",0,5.78808325608969,5.78808325608969,1,5.78808325608969,"Average"
"370630017123",5.78808325608969,3.80423956126834,-0.803548057950483,-1.18029563687088,"Health Contribution",5.78808325608969,-0.803548057950483,4.98453519813921,2,5.78808325608969,"Small Below"
"370630017123",5.78808325608969,3.80423956126834,-0.803548057950483,-1.18029563687088,"Heat Contribution",4.98453519813921,-1.18029563687088,3.80423956126833,3,4.98453519813921,"Small Below"
"370630017123",5.78808325608969,3.80423956126834,-0.803548057950483,-1.18029563687088,"CBG Attributable Rate",0,3.80423956126834,3.80423956126834,4,3.80423956126834,"CBG"
"370630017122",5.78808325608969,3.35586551322341,-1.60172447031493,-0.830493272551362,"RT Summer Avg. Rate",0,5.78808325608969,5.78808325608969,1,5.78808325608969,"Average"
"370630017122",5.78808325608969,3.35586551322341,-1.60172447031493,-0.830493272551362,"Health Contribution",5.78808325608969,-1.60172447031493,4.18635878577476,2,5.78808325608969,"Small Below"
"370630017122",5.78808325608969,3.35586551322341,-1.60172447031493,-0.830493272551362,"Heat Contribution",4.18635878577476,-0.830493272551362,3.3558655132234,3,4.18635878577476,"Small Below"
"370630017122",5.78808325608969,3.35586551322341,-1.60172447031493,-0.830493272551362,"CBG Attributable Rate",0,3.35586551322341,3.35586551322341,4,3.35586551322341,"CBG"
"370630017103",5.78808325608969,7.64096161047089,2.31223164918292,-0.459353294801726,"RT Summer Avg. Rate",0,5.78808325608969,5.78808325608969,1,5.78808325608969,"Average"
"370630017103",5.78808325608969,7.64096161047089,2.31223164918292,-0.459353294801726,"Health Contribution",5.78808325608969,2.31223164918292,8.10031490527261,2,8.10031490527261,"Large Above"
"370630017103",5.78808325608969,7.64096161047089,2.31223164918292,-0.459353294801726,"Heat Contribution",8.10031490527261,-0.459353294801726,7.64096161047088,3,8.10031490527261,"Small Below"
"370630017103",5.78808325608969,7.64096161047089,2.31223164918292,-0.459353294801726,"CBG Attributable Rate",0,7.64096161047089,7.64096161047089,4,7.64096161047089,"CBG"
"370630016047",5.78808325608969,5.21973289774053,0.580063320967992,-1.14841367931715,"RT Summer Avg. Rate",0,5.78808325608969,5.78808325608969,1,5.78808325608969,"Average"
"370630016047",5.78808325608969,5.21973289774053,0.580063320967992,-1.14841367931715,"Health Contribution",5.78808325608969,0.580063320967992,6.36814657705768,2,6.36814657705768,"Small Above"
"370630016047",5.78808325608969,5.21973289774053,0.580063320967992,-1.14841367931715,"Heat Contribution",6.36814657705768,-1.14841367931715,5.21973289774053,3,6.36814657705768,"Small Below"
"370630016047",5.78808325608969,5.21973289774053,0.580063320967992,-1.14841367931715,"CBG Attributable Rate",0,5.21973289774053,5.21973289774053,4,5.21973289774053,"CBG"
"370630016046",5.78808325608969,3.03334974547712,-1.00788318820052,-1.74685032241205,"RT Summer Avg. Rate",0,5.78808325608969,5.78808325608969,1,5.78808325608969,"Average"
"370630016046",5.78808325608969,3.03334974547712,-1.00788318820052,-1.74685032241205,"Health Contribution",5.78808325608969,-1.00788318820052,4.78020006788917,2,5.78808325608969,"Small Below"
"370630016046",5.78808325608969,3.03334974547712,-1.00788318820052,-1.74685032241205,"Heat Contribution",4.78020006788917,-1.74685032241205,3.03334974547712,3,4.78020006788917,"Small Below"
"370630016046",5.78808325608969,3.03334974547712,-1.00788318820052,-1.74685032241205,"CBG Attributable Rate",0,3.03334974547712,3.03334974547712,4,3.03334974547712,"CBG"
"370630021005",5.78808325608969,4.61552763017692,0.39892066685938,-1.57147629277215,"RT Summer Avg. Rate",0,5.78808325608969,5.78808325608969,1,5.78808325608969,"Average"
"370630021005",5.78808325608969,4.61552763017692,0.39892066685938,-1.57147629277215,"Health Contribution",5.78808325608969,0.39892066685938,6.18700392294907,2,6.18700392294907,"Small Above"
"370630021005",5.78808325608969,4.61552763017692,0.39892066685938,-1.57147629277215,"Heat Contribution",6.18700392294907,-1.57147629277215,4.61552763017692,3,6.18700392294907,"Small Below"
"370630021005",5.78808325608969,4.61552763017692,0.39892066685938,-1.57147629277215,"CBG Attributable Rate",0,4.61552763017692,4.61552763017692,4,4.61552763017692,"CBG"
"370630017131",5.78808325608969,4.04879181197272,-0.448611069226943,-1.29068037489003,"RT Summer Avg. Rate",0,5.78808325608969,5.78808325608969,1,5.78808325608969,"Average"
"370630017131",5.78808325608969,4.04879181197272,-0.448611069226943,-1.29068037489003,"Health Contribution",5.78808325608969,-0.448611069226943,5.33947218686275,2,5.78808325608969,"Small Below"
"370630017131",5.78808325608969,4.04879181197272,-0.448611069226943,-1.29068037489003,"Heat Contribution",5.33947218686275,-1.29068037489003,4.04879181197272,3,5.33947218686275,"Small Below"
"370630017131",5.78808325608969,4.04879181197272,-0.448611069226943,-1.29068037489003,"CBG Attributable Rate",0,4.04879181197272,4.04879181197272,4,4.04879181197272,"CBG"
"370630020341",5.78808325608969,4.57726946693795,-1.46899776157204,0.258183972420296,"RT Summer Avg. Rate",0,5.78808325608969,5.78808325608969,1,5.78808325608969,"Average"
"370630020341",5.78808325608969,4.57726946693795,-1.46899776157204,0.258183972420296,"Health Contribution",5.78808325608969,-1.46899776157204,4.31908549451765,2,5.78808325608969,"Small Below"
"370630020341",5.78808325608969,4.57726946693795,-1.46899776157204,0.258183972420296,"Heat Contribution",4.31908549451765,0.258183972420296,4.57726946693795,3,4.57726946693795,"Small Above"
"370630020341",5.78808325608969,4.57726946693795,-1.46899776157204,0.258183972420296,"CBG Attributable Rate",0,4.57726946693795,4.57726946693795,4,4.57726946693795,"CBG"
"370630020244",5.78808325608969,3.89182075465024,-2.14290865473623,0.24664615329678,"RT Summer Avg. Rate",0,5.78808325608969,5.78808325608969,1,5.78808325608969,"Average"
"370630020244",5.78808325608969,3.89182075465024,-2.14290865473623,0.24664615329678,"Health Contribution",5.78808325608969,-2.14290865473623,3.64517460135346,2,5.78808325608969,"Large Below"
"370630020244",5.78808325608969,3.89182075465024,-2.14290865473623,0.24664615329678,"Heat Contribution",3.64517460135346,0.24664615329678,3.89182075465024,3,3.89182075465024,"Small Above"
"370630020244",5.78808325608969,3.89182075465024,-2.14290865473623,0.24664615329678,"CBG Attributable Rate",0,3.89182075465024,3.89182075465024,4,3.89182075465024,"CBG"
"370630015042",5.78808325608969,6.71251559474177,0.89348120692374,0.0309511317283335,"RT Summer Avg. Rate",0,5.78808325608969,5.78808325608969,1,5.78808325608969,"Average"
"370630015042",5.78808325608969,6.71251559474177,0.89348120692374,0.0309511317283335,"Health Contribution",5.78808325608969,0.89348120692374,6.68156446301343,2,6.68156446301343,"Small Above"
"370630015042",5.78808325608969,6.71251559474177,0.89348120692374,0.0309511317283335,"Heat Contribution",6.68156446301343,0.0309511317283335,6.71251559474176,3,6.71251559474176,"Small Above"
"370630015042",5.78808325608969,6.71251559474177,0.89348120692374,0.0309511317283335,"CBG Attributable Rate",0,6.71251559474177,6.71251559474177,4,6.71251559474177,"CBG"
"370630020342",5.78808325608969,4.4686599415964,-1.51001214082156,0.190588826328269,"RT Summer Avg. Rate",0,5.78808325608969,5.78808325608969,1,5.78808325608969,"Average"
"370630020342",5.78808325608969,4.4686599415964,-1.51001214082156,0.190588826328269,"Health Contribution",5.78808325608969,-1.51001214082156,4.27807111526813,2,5.78808325608969,"Small Below"
"370630020342",5.78808325608969,4.4686599415964,-1.51001214082156,0.190588826328269,"Heat Contribution",4.27807111526813,0.190588826328269,4.4686599415964,3,4.4686599415964,"Small Above"
"370630020342",5.78808325608969,4.4686599415964,-1.51001214082156,0.190588826328269,"CBG Attributable Rate",0,4.4686599415964,4.4686599415964,4,4.4686599415964,"CBG"
"370630018111",5.78808325608969,3.99045766893299,-1.80959754390735,0.0119719567506424,"RT Summer Avg. Rate",0,5.78808325608969,5.78808325608969,1,5.78808325608969,"Average"
"370630018111",5.78808325608969,3.99045766893299,-1.80959754390735,0.0119719567506424,"Health Contribution",5.78808325608969,-1.80959754390735,3.97848571218234,2,5.78808325608969,"Small Below"
"370630018111",5.78808325608969,3.99045766893299,-1.80959754390735,0.0119719567506424,"Heat Contribution",3.97848571218234,0.0119719567506424,3.99045766893298,3,3.99045766893298,"Small Above"
"370630018111",5.78808325608969,3.99045766893299,-1.80959754390735,0.0119719567506424,"CBG Attributable Rate",0,3.99045766893299,3.99045766893299,4,3.99045766893299,"CBG"
"370630018113",5.78808325608969,5.06062476959812,-0.615902380958543,-0.111556105533035,"RT Summer Avg. Rate",0,5.78808325608969,5.78808325608969,1,5.78808325608969,"Average"
"370630018113",5.78808325608969,5.06062476959812,-0.615902380958543,-0.111556105533035,"Health Contribution",5.78808325608969,-0.615902380958543,5.17218087513115,2,5.78808325608969,"Small Below"
"370630018113",5.78808325608969,5.06062476959812,-0.615902380958543,-0.111556105533035,"Heat Contribution",5.17218087513115,-0.111556105533035,5.06062476959811,3,5.17218087513115,"Small Below"
"370630018113",5.78808325608969,5.06062476959812,-0.615902380958543,-0.111556105533035,"CBG Attributable Rate",0,5.06062476959812,5.06062476959812,4,5.06062476959812,"CBG"
"370630018101",5.78808325608969,7.4330273843164,1.95570207220956,-0.310757943982857,"RT Summer Avg. Rate",0,5.78808325608969,5.78808325608969,1,5.78808325608969,"Average"
"370630018101",5.78808325608969,7.4330273843164,1.95570207220956,-0.310757943982857,"Health Contribution",5.78808325608969,1.95570207220956,7.74378532829925,2,7.74378532829925,"Small Above"
"370630018101",5.78808325608969,7.4330273843164,1.95570207220956,-0.310757943982857,"Heat Contribution",7.74378532829925,-0.310757943982857,7.43302738431639,3,7.74378532829925,"Small Below"
"370630018101",5.78808325608969,7.4330273843164,1.95570207220956,-0.310757943982857,"CBG Attributable Rate",0,7.4330273843164,7.4330273843164,4,7.4330273843164,"CBG"
"370630020134",5.78808325608969,4.42518737279843,-1.61909407776009,0.256198194468836,"RT Summer Avg. Rate",0,5.78808325608969,5.78808325608969,1,5.78808325608969,"Average"
"370630020134",5.78808325608969,4.42518737279843,-1.61909407776009,0.256198194468836,"Health Contribution",5.78808325608969,-1.61909407776009,4.1689891783296,2,5.78808325608969,"Small Below"
"370630020134",5.78808325608969,4.42518737279843,-1.61909407776009,0.256198194468836,"Heat Contribution",4.1689891783296,0.256198194468836,4.42518737279844,3,4.42518737279844,"Small Above"
"370630020134",5.78808325608969,4.42518737279843,-1.61909407776009,0.256198194468836,"CBG Attributable Rate",0,4.42518737279843,4.42518737279843,4,4.42518737279843,"CBG"
"370630020332",5.78808325608969,4.60754501531463,-1.51452077029472,0.333982529519655,"RT Summer Avg. Rate",0,5.78808325608969,5.78808325608969,1,5.78808325608969,"Average"
"370630020332",5.78808325608969,4.60754501531463,-1.51452077029472,0.333982529519655,"Health Contribution",5.78808325608969,-1.51452077029472,4.27356248579497,2,5.78808325608969,"Small Below"
"370630020332",5.78808325608969,4.60754501531463,-1.51452077029472,0.333982529519655,"Heat Contribution",4.27356248579497,0.333982529519655,4.60754501531463,3,4.60754501531463,"Small Above"
"370630020332",5.78808325608969,4.60754501531463,-1.51452077029472,0.333982529519655,"CBG Attributable Rate",0,4.60754501531463,4.60754501531463,4,4.60754501531463,"CBG"
"370630020331",5.78808325608969,4.48069728739545,-1.68517126414087,0.377785295446624,"RT Summer Avg. Rate",0,5.78808325608969,5.78808325608969,1,5.78808325608969,"Average"
"370630020331",5.78808325608969,4.48069728739545,-1.68517126414087,0.377785295446624,"Health Contribution",5.78808325608969,-1.68517126414087,4.10291199194882,2,5.78808325608969,"Small Below"
"370630020331",5.78808325608969,4.48069728739545,-1.68517126414087,0.377785295446624,"Heat Contribution",4.10291199194882,0.377785295446624,4.48069728739544,3,4.48069728739544,"Small Above"
"370630020331",5.78808325608969,4.48069728739545,-1.68517126414087,0.377785295446624,"CBG Attributable Rate",0,4.48069728739545,4.48069728739545,4,4.48069728739545,"CBG"
"370630018103",5.78808325608969,5.409282084863,-0.0656195555282405,-0.313181615698456,"RT Summer Avg. Rate",0,5.78808325608969,5.78808325608969,1,5.78808325608969,"Average"
"370630018103",5.78808325608969,5.409282084863,-0.0656195555282405,-0.313181615698456,"Health Contribution",5.78808325608969,-0.0656195555282405,5.72246370056145,2,5.78808325608969,"Small Below"
"370630018103",5.78808325608969,5.409282084863,-0.0656195555282405,-0.313181615698456,"Heat Contribution",5.72246370056145,-0.313181615698456,5.40928208486299,3,5.72246370056145,"Small Below"
"370630018103",5.78808325608969,5.409282084863,-0.0656195555282405,-0.313181615698456,"CBG Attributable Rate",0,5.409282084863,5.409282084863,4,5.409282084863,"CBG"
"370630018116",5.78808325608969,5.96879516291701,0.141438041436346,0.0392738653909661,"RT Summer Avg. Rate",0,5.78808325608969,5.78808325608969,1,5.78808325608969,"Average"
"370630018116",5.78808325608969,5.96879516291701,0.141438041436346,0.0392738653909661,"Health Contribution",5.78808325608969,0.141438041436346,5.92952129752604,2,5.92952129752604,"Small Above"
"370630018116",5.78808325608969,5.96879516291701,0.141438041436346,0.0392738653909661,"Heat Contribution",5.92952129752604,0.0392738653909661,5.968795162917,3,5.968795162917,"Small Above"
"370630018116",5.78808325608969,5.96879516291701,0.141438041436346,0.0392738653909661,"CBG Attributable Rate",0,5.96879516291701,5.96879516291701,4,5.96879516291701,"CBG"
"370630018115",5.78808325608969,5.46001270235388,-0.37635982421813,0.0482892704823124,"RT Summer Avg. Rate",0,5.78808325608969,5.78808325608969,1,5.78808325608969,"Average"
"370630018115",5.78808325608969,5.46001270235388,-0.37635982421813,0.0482892704823124,"Health Contribution",5.78808325608969,-0.37635982421813,5.41172343187156,2,5.78808325608969,"Small Below"
"370630018115",5.78808325608969,5.46001270235388,-0.37635982421813,0.0482892704823124,"Heat Contribution",5.41172343187156,0.0482892704823124,5.46001270235387,3,5.46001270235387,"Small Above"
"370630018115",5.78808325608969,5.46001270235388,-0.37635982421813,0.0482892704823124,"CBG Attributable Rate",0,5.46001270235388,5.46001270235388,4,5.46001270235388,"CBG"
"370630018017",5.78808325608969,7.3741179639232,2.60913010623437,-1.02309539840087,"RT Summer Avg. Rate",0,5.78808325608969,5.78808325608969,1,5.78808325608969,"Average"
"370630018017",5.78808325608969,7.3741179639232,2.60913010623437,-1.02309539840087,"Health Contribution",5.78808325608969,2.60913010623437,8.39721336232406,2,8.39721336232406,"Large Above"
"370630018017",5.78808325608969,7.3741179639232,2.60913010623437,-1.02309539840087,"Heat Contribution",8.39721336232406,-1.02309539840087,7.37411796392319,3,8.39721336232406,"Small Below"
"370630018017",5.78808325608969,7.3741179639232,2.60913010623437,-1.02309539840087,"CBG Attributable Rate",0,7.3741179639232,7.3741179639232,4,7.3741179639232,"CBG"
"370630017132",5.78808325608969,2.88203523471294,-2.10674919895031,-0.799298822426444,"RT Summer Avg. Rate",0,5.78808325608969,5.78808325608969,1,5.78808325608969,"Average"
"370630017132",5.78808325608969,2.88203523471294,-2.10674919895031,-0.799298822426444,"Health Contribution",5.78808325608969,-2.10674919895031,3.68133405713938,2,5.78808325608969,"Large Below"
"370630017132",5.78808325608969,2.88203523471294,-2.10674919895031,-0.799298822426444,"Heat Contribution",3.68133405713938,-0.799298822426444,2.88203523471294,3,3.68133405713938,"Small Below"
"370630017132",5.78808325608969,2.88203523471294,-2.10674919895031,-0.799298822426444,"CBG Attributable Rate",0,2.88203523471294,2.88203523471294,4,2.88203523471294,"CBG"
"371639703041",5.78808325608969,11.3984664651895,2.94098268813989,2.66940052095993,"RT Summer Avg. Rate",0,5.78808325608969,5.78808325608969,1,5.78808325608969,"Average"
"371639703041",5.78808325608969,11.3984664651895,2.94098268813989,2.66940052095993,"Health Contribution",5.78808325608969,2.94098268813989,8.72906594422958,2,8.72906594422958,"Large Above"
"371639703041",5.78808325608969,11.3984664651895,2.94098268813989,2.66940052095993,"Heat Contribution",8.72906594422958,2.66940052095993,11.3984664651895,3,11.3984664651895,"Large Above"
"371639703041",5.78808325608969,11.3984664651895,2.94098268813989,2.66940052095993,"CBG Attributable Rate",0,11.3984664651895,11.3984664651895,4,11.3984664651895,"CBG"
"371639702011",5.78808325608969,11.3726860300872,2.93455285936811,2.6500499146294,"RT Summer Avg. Rate",0,5.78808325608969,5.78808325608969,1,5.78808325608969,"Average"
"371639702011",5.78808325608969,11.3726860300872,2.93455285936811,2.6500499146294,"Health Contribution",5.78808325608969,2.93455285936811,8.7226361154578,2,8.7226361154578,"Large Above"
"371639702011",5.78808325608969,11.3726860300872,2.93455285936811,2.6500499146294,"Heat Contribution",8.7226361154578,2.6500499146294,11.3726860300872,3,11.3726860300872,"Large Above"
"371639702011",5.78808325608969,11.3726860300872,2.93455285936811,2.6500499146294,"CBG Attributable Rate",0,11.3726860300872,11.3726860300872,4,11.3726860300872,"CBG"
"371639703042",5.78808325608969,12.0154295109084,3.17293549400921,3.05441076080948,"RT Summer Avg. Rate",0,5.78808325608969,5.78808325608969,1,5.78808325608969,"Average"
"371639703042",5.78808325608969,12.0154295109084,3.17293549400921,3.05441076080948,"Health Contribution",5.78808325608969,3.17293549400921,8.9610187500989,2,8.9610187500989,"Large Above"
"371639703042",5.78808325608969,12.0154295109084,3.17293549400921,3.05441076080948,"Heat Contribution",8.9610187500989,3.05441076080948,12.0154295109084,3,12.0154295109084,"Large Above"
"371639703042",5.78808325608969,12.0154295109084,3.17293549400921,3.05441076080948,"CBG Attributable Rate",0,12.0154295109084,12.0154295109084,4,12.0154295109084,"CBG"
"370630016043",5.78808325608969,3.34855450200926,-1.74850415863423,-0.691024595446204,"RT Summer Avg. Rate",0,5.78808325608969,5.78808325608969,1,5.78808325608969,"Average"
"370630016043",5.78808325608969,3.34855450200926,-1.74850415863423,-0.691024595446204,"Health Contribution",5.78808325608969,-1.74850415863423,4.03957909745546,2,5.78808325608969,"Small Below"
"370630016043",5.78808325608969,3.34855450200926,-1.74850415863423,-0.691024595446204,"Heat Contribution",4.03957909745546,-0.691024595446204,3.34855450200926,3,4.03957909745546,"Small Below"
"370630016043",5.78808325608969,3.34855450200926,-1.74850415863423,-0.691024595446204,"CBG Attributable Rate",0,3.34855450200926,3.34855450200926,4,3.34855450200926,"CBG"
"370630001024",5.78808325608969,7.77235551744566,1.53339494884224,0.450877312513727,"RT Summer Avg. Rate",0,5.78808325608969,5.78808325608969,1,5.78808325608969,"Average"
"370630001024",5.78808325608969,7.77235551744566,1.53339494884224,0.450877312513727,"Health Contribution",5.78808325608969,1.53339494884224,7.32147820493193,2,7.32147820493193,"Small Above"
"370630001024",5.78808325608969,7.77235551744566,1.53339494884224,0.450877312513727,"Heat Contribution",7.32147820493193,0.450877312513727,7.77235551744566,3,7.77235551744566,"Small Above"
"370630001024",5.78808325608969,7.77235551744566,1.53339494884224,0.450877312513727,"CBG Attributable Rate",0,7.77235551744566,7.77235551744566,4,7.77235551744566,"CBG"
"370630020213",5.78808325608969,3.94942260291149,-2.20723499024922,0.368574337071017,"RT Summer Avg. Rate",0,5.78808325608969,5.78808325608969,1,5.78808325608969,"Average"
"370630020213",5.78808325608969,3.94942260291149,-2.20723499024922,0.368574337071017,"Health Contribution",5.78808325608969,-2.20723499024922,3.58084826584047,2,5.78808325608969,"Large Below"
"370630020213",5.78808325608969,3.94942260291149,-2.20723499024922,0.368574337071017,"Heat Contribution",3.58084826584047,0.368574337071017,3.94942260291149,3,3.94942260291149,"Small Above"
"370630020213",5.78808325608969,3.94942260291149,-2.20723499024922,0.368574337071017,"CBG Attributable Rate",0,3.94942260291149,3.94942260291149,4,3.94942260291149,"CBG"
"370630001023",5.78808325608969,7.26812740213913,0.744028727476134,0.736015418573305,"RT Summer Avg. Rate",0,5.78808325608969,5.78808325608969,1,5.78808325608969,"Average"
"370630001023",5.78808325608969,7.26812740213913,0.744028727476134,0.736015418573305,"Health Contribution",5.78808325608969,0.744028727476134,6.53211198356582,2,6.53211198356582,"Small Above"
"370630001023",5.78808325608969,7.26812740213913,0.744028727476134,0.736015418573305,"Heat Contribution",6.53211198356582,0.736015418573305,7.26812740213913,3,7.26812740213913,"Small Above"
"370630001023",5.78808325608969,7.26812740213913,0.744028727476134,0.736015418573305,"CBG Attributable Rate",0,7.26812740213913,7.26812740213913,4,7.26812740213913,"CBG"
"370630004022",5.78808325608969,4.19045443596864,-2.01378106219866,0.416152242077599,"RT Summer Avg. Rate",0,5.78808325608969,5.78808325608969,1,5.78808325608969,"Average"
"370630004022",5.78808325608969,4.19045443596864,-2.01378106219866,0.416152242077599,"Health Contribution",5.78808325608969,-2.01378106219866,3.77430219389103,2,5.78808325608969,"Large Below"
"370630004022",5.78808325608969,4.19045443596864,-2.01378106219866,0.416152242077599,"Heat Contribution",3.77430219389103,0.416152242077599,4.19045443596863,3,4.19045443596863,"Small Above"
"370630004022",5.78808325608969,4.19045443596864,-2.01378106219866,0.416152242077599,"CBG Attributable Rate",0,4.19045443596864,4.19045443596864,4,4.19045443596864,"CBG"
"370630020352",5.78808325608969,7.64435091534303,0.947779742903422,0.908487916349909,"RT Summer Avg. Rate",0,5.78808325608969,5.78808325608969,1,5.78808325608969,"Average"
"370630020352",5.78808325608969,7.64435091534303,0.947779742903422,0.908487916349909,"Health Contribution",5.78808325608969,0.947779742903422,6.73586299899311,2,6.73586299899311,"Small Above"
"370630020352",5.78808325608969,7.64435091534303,0.947779742903422,0.908487916349909,"Heat Contribution",6.73586299899311,0.908487916349909,7.64435091534302,3,7.64435091534302,"Small Above"
"370630020352",5.78808325608969,7.64435091534303,0.947779742903422,0.908487916349909,"CBG Attributable Rate",0,7.64435091534303,7.64435091534303,4,7.64435091534303,"CBG"
"370630016041",5.78808325608969,3.68127269033597,-0.883735109114868,-1.22307545663886,"RT Summer Avg. Rate",0,5.78808325608969,5.78808325608969,1,5.78808325608969,"Average"
"370630016041",5.78808325608969,3.68127269033597,-0.883735109114868,-1.22307545663886,"Health Contribution",5.78808325608969,-0.883735109114868,4.90434814697482,2,5.78808325608969,"Small Below"
"370630016041",5.78808325608969,3.68127269033597,-0.883735109114868,-1.22307545663886,"Heat Contribution",4.90434814697482,-1.22307545663886,3.68127269033596,3,4.90434814697482,"Small Below"
"370630016041",5.78808325608969,3.68127269033597,-0.883735109114868,-1.22307545663886,"CBG Attributable Rate",0,3.68127269033597,3.68127269033597,4,3.68127269033597,"CBG"
"370630020152",5.78808325608969,7.52849838039835,1.32388559831801,0.41652952599065,"RT Summer Avg. Rate",0,5.78808325608969,5.78808325608969,1,5.78808325608969,"Average"
"370630020152",5.78808325608969,7.52849838039835,1.32388559831801,0.41652952599065,"Health Contribution",5.78808325608969,1.32388559831801,7.1119688544077,2,7.1119688544077,"Small Above"
"370630020152",5.78808325608969,7.52849838039835,1.32388559831801,0.41652952599065,"Heat Contribution",7.1119688544077,0.41652952599065,7.52849838039835,3,7.52849838039835,"Small Above"
"370630020152",5.78808325608969,7.52849838039835,1.32388559831801,0.41652952599065,"CBG Attributable Rate",0,7.52849838039835,7.52849838039835,4,7.52849838039835,"CBG"
"370630011003",5.78808325608969,11.3081873927636,4.16882693899047,1.35127719768348,"RT Summer Avg. Rate",0,5.78808325608969,5.78808325608969,1,5.78808325608969,"Average"
"370630011003",5.78808325608969,11.3081873927636,4.16882693899047,1.35127719768348,"Health Contribution",5.78808325608969,4.16882693899047,9.95691019508016,2,9.95691019508016,"Large Above"
"370630011003",5.78808325608969,11.3081873927636,4.16882693899047,1.35127719768348,"Heat Contribution",9.95691019508016,1.35127719768348,11.3081873927636,3,11.3081873927636,"Small Above"
"370630011003",5.78808325608969,11.3081873927636,4.16882693899047,1.35127719768348,"CBG Attributable Rate",0,11.3081873927636,11.3081873927636,4,11.3081873927636,"CBG"
"370630010014",5.78808325608969,7.77337249470337,1.00746951992141,0.977819718692262,"RT Summer Avg. Rate",0,5.78808325608969,5.78808325608969,1,5.78808325608969,"Average"
"370630010014",5.78808325608969,7.77337249470337,1.00746951992141,0.977819718692262,"Health Contribution",5.78808325608969,1.00746951992141,6.7955527760111,2,6.7955527760111,"Small Above"
"370630010014",5.78808325608969,7.77337249470337,1.00746951992141,0.977819718692262,"Heat Contribution",6.7955527760111,0.977819718692262,7.77337249470336,3,7.77337249470336,"Small Above"
"370630010014",5.78808325608969,7.77337249470337,1.00746951992141,0.977819718692262,"CBG Attributable Rate",0,7.77337249470337,7.77337249470337,4,7.77337249470337,"CBG"
"370630015051",5.78808325608969,8.42713256248072,2.06025326186478,0.578796044526248,"RT Summer Avg. Rate",0,5.78808325608969,5.78808325608969,1,5.78808325608969,"Average"
"370630015051",5.78808325608969,8.42713256248072,2.06025326186478,0.578796044526248,"Health Contribution",5.78808325608969,2.06025326186478,7.84833651795447,2,7.84833651795447,"Large Above"
"370630015051",5.78808325608969,8.42713256248072,2.06025326186478,0.578796044526248,"Heat Contribution",7.84833651795447,0.578796044526248,8.42713256248072,3,8.42713256248072,"Small Above"
"370630015051",5.78808325608969,8.42713256248072,2.06025326186478,0.578796044526248,"CBG Attributable Rate",0,8.42713256248072,8.42713256248072,4,8.42713256248072,"CBG"
"370630011002",5.78808325608969,7.81431728674432,0.966543039750733,1.05969099090389,"RT Summer Avg. Rate",0,5.78808325608969,5.78808325608969,1,5.78808325608969,"Average"
"370630011002",5.78808325608969,7.81431728674432,0.966543039750733,1.05969099090389,"Health Contribution",5.78808325608969,0.966543039750733,6.75462629584042,2,6.75462629584042,"Small Above"
"370630011002",5.78808325608969,7.81431728674432,0.966543039750733,1.05969099090389,"Heat Contribution",6.75462629584042,1.05969099090389,7.81431728674431,3,7.81431728674431,"Small Above"
"370630011002",5.78808325608969,7.81431728674432,0.966543039750733,1.05969099090389,"CBG Attributable Rate",0,7.81431728674432,7.81431728674432,4,7.81431728674432,"CBG"
"370630017064",5.78808325608969,2.53708548268186,-2.78014142400064,-0.470856349407191,"RT Summer Avg. Rate",0,5.78808325608969,5.78808325608969,1,5.78808325608969,"Average"
"370630017064",5.78808325608969,2.53708548268186,-2.78014142400064,-0.470856349407191,"Health Contribution",5.78808325608969,-2.78014142400064,3.00794183208905,2,5.78808325608969,"Large Below"
"370630017064",5.78808325608969,2.53708548268186,-2.78014142400064,-0.470856349407191,"Heat Contribution",3.00794183208905,-0.470856349407191,2.53708548268186,3,3.00794183208905,"Small Below"
"370630017064",5.78808325608969,2.53708548268186,-2.78014142400064,-0.470856349407191,"CBG Attributable Rate",0,2.53708548268186,2.53708548268186,4,2.53708548268186,"CBG"
"370630017055",5.78808325608969,7.66965041519944,2.00116569594933,-0.119598536839584,"RT Summer Avg. Rate",0,5.78808325608969,5.78808325608969,1,5.78808325608969,"Average"
"370630017055",5.78808325608969,7.66965041519944,2.00116569594933,-0.119598536839584,"Health Contribution",5.78808325608969,2.00116569594933,7.78924895203902,2,7.78924895203902,"Large Above"
"370630017055",5.78808325608969,7.66965041519944,2.00116569594933,-0.119598536839584,"Heat Contribution",7.78924895203902,-0.119598536839584,7.66965041519944,3,7.78924895203902,"Small Below"
"370630017055",5.78808325608969,7.66965041519944,2.00116569594933,-0.119598536839584,"CBG Attributable Rate",0,7.66965041519944,7.66965041519944,4,7.66965041519944,"CBG"
"370630017082",5.78808325608969,7.85278946451878,2.41981101517864,-0.355104806749558,"RT Summer Avg. Rate",0,5.78808325608969,5.78808325608969,1,5.78808325608969,"Average"
"370630017082",5.78808325608969,7.85278946451878,2.41981101517864,-0.355104806749558,"Health Contribution",5.78808325608969,2.41981101517864,8.20789427126833,2,8.20789427126833,"Large Above"
"370630017082",5.78808325608969,7.85278946451878,2.41981101517864,-0.355104806749558,"Heat Contribution",8.20789427126833,-0.355104806749558,7.85278946451877,3,8.20789427126833,"Small Below"
"370630017082",5.78808325608969,7.85278946451878,2.41981101517864,-0.355104806749558,"CBG Attributable Rate",0,7.85278946451878,7.85278946451878,4,7.85278946451878,"CBG"
"370630016034",5.78808325608969,3.9569841213699,-0.208035099180689,-1.6230640355391,"RT Summer Avg. Rate",0,5.78808325608969,5.78808325608969,1,5.78808325608969,"Average"
"370630016034",5.78808325608969,3.9569841213699,-0.208035099180689,-1.6230640355391,"Health Contribution",5.78808325608969,-0.208035099180689,5.580048156909,2,5.78808325608969,"Small Below"
"370630016034",5.78808325608969,3.9569841213699,-0.208035099180689,-1.6230640355391,"Heat Contribution",5.580048156909,-1.6230640355391,3.9569841213699,3,5.580048156909,"Small Below"
"370630016034",5.78808325608969,3.9569841213699,-0.208035099180689,-1.6230640355391,"CBG Attributable Rate",0,3.9569841213699,3.9569841213699,4,3.9569841213699,"CBG"
"370630020154",5.78808325608969,4.73647027986803,-1.49007104420205,0.438458067980387,"RT Summer Avg. Rate",0,5.78808325608969,5.78808325608969,1,5.78808325608969,"Average"
"370630020154",5.78808325608969,4.73647027986803,-1.49007104420205,0.438458067980387,"Health Contribution",5.78808325608969,-1.49007104420205,4.29801221188764,2,5.78808325608969,"Small Below"
"370630020154",5.78808325608969,4.73647027986803,-1.49007104420205,0.438458067980387,"Heat Contribution",4.29801221188764,0.438458067980387,4.73647027986803,3,4.73647027986803,"Small Above"
"370630020154",5.78808325608969,4.73647027986803,-1.49007104420205,0.438458067980387,"CBG Attributable Rate",0,4.73647027986803,4.73647027986803,4,4.73647027986803,"CBG"
"370630020075",5.78808325608969,5.70203609510096,-0.427015210391519,0.340968049402783,"RT Summer Avg. Rate",0,5.78808325608969,5.78808325608969,1,5.78808325608969,"Average"
"370630020075",5.78808325608969,5.70203609510096,-0.427015210391519,0.340968049402783,"Health Contribution",5.78808325608969,-0.427015210391519,5.36106804569817,2,5.78808325608969,"Small Below"
"370630020075",5.78808325608969,5.70203609510096,-0.427015210391519,0.340968049402783,"Heat Contribution",5.36106804569817,0.340968049402783,5.70203609510095,3,5.70203609510095,"Small Above"
"370630020075",5.78808325608969,5.70203609510096,-0.427015210391519,0.340968049402783,"CBG Attributable Rate",0,5.70203609510096,5.70203609510096,4,5.70203609510096,"CBG"
"370630020223",5.78808325608969,10.2393535501758,3.21525526476118,1.23601502932493,"RT Summer Avg. Rate",0,5.78808325608969,5.78808325608969,1,5.78808325608969,"Average"
"370630020223",5.78808325608969,10.2393535501758,3.21525526476118,1.23601502932493,"Health Contribution",5.78808325608969,3.21525526476118,9.00333852085087,2,9.00333852085087,"Large Above"
"370630020223",5.78808325608969,10.2393535501758,3.21525526476118,1.23601502932493,"Heat Contribution",9.00333852085087,1.23601502932493,10.2393535501758,3,10.2393535501758,"Small Above"
"370630020223",5.78808325608969,10.2393535501758,3.21525526476118,1.23601502932493,"CBG Attributable Rate",0,10.2393535501758,10.2393535501758,4,10.2393535501758,"CBG"
"370630017113",5.78808325608969,5.65455391698651,0.911404088895562,-1.04493342799875,"RT Summer Avg. Rate",0,5.78808325608969,5.78808325608969,1,5.78808325608969,"Average"
"370630017113",5.78808325608969,5.65455391698651,0.911404088895562,-1.04493342799875,"Health Contribution",5.78808325608969,0.911404088895562,6.69948734498525,2,6.69948734498525,"Small Above"
"370630017113",5.78808325608969,5.65455391698651,0.911404088895562,-1.04493342799875,"Heat Contribution",6.69948734498525,-1.04493342799875,5.6545539169865,3,6.69948734498525,"Small Below"
"370630017113",5.78808325608969,5.65455391698651,0.911404088895562,-1.04493342799875,"CBG Attributable Rate",0,5.65455391698651,5.65455391698651,4,5.65455391698651,"CBG"
"370630020312",5.78808325608969,6.06797790746705,-0.370520468066944,0.650415119444297,"RT Summer Avg. Rate",0,5.78808325608969,5.78808325608969,1,5.78808325608969,"Average"
"370630020312",5.78808325608969,6.06797790746705,-0.370520468066944,0.650415119444297,"Health Contribution",5.78808325608969,-0.370520468066944,5.41756278802275,2,5.78808325608969,"Small Below"
"370630020312",5.78808325608969,6.06797790746705,-0.370520468066944,0.650415119444297,"Heat Contribution",5.41756278802275,0.650415119444297,6.06797790746704,3,6.06797790746704,"Small Above"
"370630020312",5.78808325608969,6.06797790746705,-0.370520468066944,0.650415119444297,"CBG Attributable Rate",0,6.06797790746705,6.06797790746705,4,6.06797790746705,"CBG"
"370630020363",5.78808325608969,6.40035971349743,-0.483969711012542,1.09624616842027,"RT Summer Avg. Rate",0,5.78808325608969,5.78808325608969,1,5.78808325608969,"Average"
"370630020363",5.78808325608969,6.40035971349743,-0.483969711012542,1.09624616842027,"Health Contribution",5.78808325608969,-0.483969711012542,5.30411354507715,2,5.78808325608969,"Small Below"
"370630020363",5.78808325608969,6.40035971349743,-0.483969711012542,1.09624616842027,"Heat Contribution",5.30411354507715,1.09624616842027,6.40035971349742,3,6.40035971349742,"Small Above"
"370630020363",5.78808325608969,6.40035971349743,-0.483969711012542,1.09624616842027,"CBG Attributable Rate",0,6.40035971349743,6.40035971349743,4,6.40035971349743,"CBG"
"370630020233",5.78808325608969,9.22320253052179,2.20375117625162,1.23136809818048,"RT Summer Avg. Rate",0,5.78808325608969,5.78808325608969,1,5.78808325608969,"Average"
"370630020233",5.78808325608969,9.22320253052179,2.20375117625162,1.23136809818048,"Health Contribution",5.78808325608969,2.20375117625162,7.99183443234131,2,7.99183443234131,"Large Above"
"370630020233",5.78808325608969,9.22320253052179,2.20375117625162,1.23136809818048,"Heat Contribution",7.99183443234131,1.23136809818048,9.22320253052179,3,9.22320253052179,"Small Above"
"370630020233",5.78808325608969,9.22320253052179,2.20375117625162,1.23136809818048,"CBG Attributable Rate",0,9.22320253052179,9.22320253052179,4,9.22320253052179,"CBG"
"370630020245",5.78808325608969,3.25714803606591,-2.78864691784173,0.257711697817947,"RT Summer Avg. Rate",0,5.78808325608969,5.78808325608969,1,5.78808325608969,"Average"
"370630020245",5.78808325608969,3.25714803606591,-2.78864691784173,0.257711697817947,"Health Contribution",5.78808325608969,-2.78864691784173,2.99943633824796,2,5.78808325608969,"Large Below"
"370630020245",5.78808325608969,3.25714803606591,-2.78864691784173,0.257711697817947,"Heat Contribution",2.99943633824796,0.257711697817947,3.25714803606591,3,3.25714803606591,"Small Above"
"370630020245",5.78808325608969,3.25714803606591,-2.78864691784173,0.257711697817947,"CBG Attributable Rate",0,3.25714803606591,3.25714803606591,4,3.25714803606591,"CBG"
"370630020242",5.78808325608969,4.09098969484149,-2.01513076690487,0.318037205656667,"RT Summer Avg. Rate",0,5.78808325608969,5.78808325608969,1,5.78808325608969,"Average"
"370630020242",5.78808325608969,4.09098969484149,-2.01513076690487,0.318037205656667,"Health Contribution",5.78808325608969,-2.01513076690487,3.77295248918482,2,5.78808325608969,"Large Below"
"370630020242",5.78808325608969,4.09098969484149,-2.01513076690487,0.318037205656667,"Heat Contribution",3.77295248918482,0.318037205656667,4.09098969484149,3,4.09098969484149,"Small Above"
"370630020242",5.78808325608969,4.09098969484149,-2.01513076690487,0.318037205656667,"CBG Attributable Rate",0,4.09098969484149,4.09098969484149,4,4.09098969484149,"CBG"
"370630013042",5.78808325608969,9.21284942485188,2.69051585645335,0.73425031230884,"RT Summer Avg. Rate",0,5.78808325608969,5.78808325608969,1,5.78808325608969,"Average"
"370630013042",5.78808325608969,9.21284942485188,2.69051585645335,0.73425031230884,"Health Contribution",5.78808325608969,2.69051585645335,8.47859911254304,2,8.47859911254304,"Large Above"
"370630013042",5.78808325608969,9.21284942485188,2.69051585645335,0.73425031230884,"Heat Contribution",8.47859911254304,0.73425031230884,9.21284942485188,3,9.21284942485188,"Small Above"
"370630013042",5.78808325608969,9.21284942485188,2.69051585645335,0.73425031230884,"CBG Attributable Rate",0,9.21284942485188,9.21284942485188,4,9.21284942485188,"CBG"
"370630017094",5.78808325608969,10.1031424587527,3.96650318018142,0.348556022481559,"RT Summer Avg. Rate",0,5.78808325608969,5.78808325608969,1,5.78808325608969,"Average"
"370630017094",5.78808325608969,10.1031424587527,3.96650318018142,0.348556022481559,"Health Contribution",5.78808325608969,3.96650318018142,9.75458643627111,2,9.75458643627111,"Large Above"
"370630017094",5.78808325608969,10.1031424587527,3.96650318018142,0.348556022481559,"Heat Contribution",9.75458643627111,0.348556022481559,10.1031424587527,3,10.1031424587527,"Small Above"
"370630017094",5.78808325608969,10.1031424587527,3.96650318018142,0.348556022481559,"CBG Attributable Rate",0,10.1031424587527,10.1031424587527,4,10.1031424587527,"CBG"
"370630020322",5.78808325608969,4.68521413095523,-1.44959236660948,0.346723241475015,"RT Summer Avg. Rate",0,5.78808325608969,5.78808325608969,1,5.78808325608969,"Average"
"370630020322",5.78808325608969,4.68521413095523,-1.44959236660948,0.346723241475015,"Health Contribution",5.78808325608969,-1.44959236660948,4.33849088948021,2,5.78808325608969,"Small Below"
"370630020322",5.78808325608969,4.68521413095523,-1.44959236660948,0.346723241475015,"Heat Contribution",4.33849088948021,0.346723241475015,4.68521413095523,3,4.68521413095523,"Small Above"
"370630020322",5.78808325608969,4.68521413095523,-1.44959236660948,0.346723241475015,"CBG Attributable Rate",0,4.68521413095523,4.68521413095523,4,4.68521413095523,"CBG"
"370630010022",5.78808325608969,9.39227186810341,2.35383852530418,1.25035008670953,"RT Summer Avg. Rate",0,5.78808325608969,5.78808325608969,1,5.78808325608969,"Average"
"370630010022",5.78808325608969,9.39227186810341,2.35383852530418,1.25035008670953,"Health Contribution",5.78808325608969,2.35383852530418,8.14192178139387,2,8.14192178139387,"Large Above"
"370630010022",5.78808325608969,9.39227186810341,2.35383852530418,1.25035008670953,"Heat Contribution",8.14192178139387,1.25035008670953,9.3922718681034,3,9.3922718681034,"Small Above"
"370630010022",5.78808325608969,9.39227186810341,2.35383852530418,1.25035008670953,"CBG Attributable Rate",0,9.39227186810341,9.39227186810341,4,9.39227186810341,"CBG"
"370630020071",5.78808325608969,4.71205342546683,-1.48354382762619,0.407513997003326,"RT Summer Avg. Rate",0,5.78808325608969,5.78808325608969,1,5.78808325608969,"Average"
"370630020071",5.78808325608969,4.71205342546683,-1.48354382762619,0.407513997003326,"Health Contribution",5.78808325608969,-1.48354382762619,4.3045394284635,2,5.78808325608969,"Small Below"
"370630020071",5.78808325608969,4.71205342546683,-1.48354382762619,0.407513997003326,"Heat Contribution",4.3045394284635,0.407513997003326,4.71205342546683,3,4.71205342546683,"Small Above"
"370630020071",5.78808325608969,4.71205342546683,-1.48354382762619,0.407513997003326,"CBG Attributable Rate",0,4.71205342546683,4.71205342546683,4,4.71205342546683,"CBG"
"370630020323",5.78808325608969,6.32049920182995,0.101769298909564,0.430646646830695,"RT Summer Avg. Rate",0,5.78808325608969,5.78808325608969,1,5.78808325608969,"Average"
"370630020323",5.78808325608969,6.32049920182995,0.101769298909564,0.430646646830695,"Health Contribution",5.78808325608969,0.101769298909564,5.88985255499925,2,5.88985255499925,"Small Above"
"370630020323",5.78808325608969,6.32049920182995,0.101769298909564,0.430646646830695,"Heat Contribution",5.88985255499925,0.430646646830695,6.32049920182995,3,6.32049920182995,"Small Above"
"370630020323",5.78808325608969,6.32049920182995,0.101769298909564,0.430646646830695,"CBG Attributable Rate",0,6.32049920182995,6.32049920182995,4,6.32049920182995,"CBG"
"370630018092",5.7880832560897,4.86916155110595,-0.664083924679482,-0.254837780304267,"RT Summer Avg. Rate",0,5.7880832560897,5.7880832560897,1,5.7880832560897,"Average"
"370630018092",5.7880832560897,4.86916155110595,-0.664083924679482,-0.254837780304267,"Health Contribution",5.7880832560897,-0.664083924679482,5.12399933141022,2,5.7880832560897,"Small Below"
"370630018092",5.7880832560897,4.86916155110595,-0.664083924679482,-0.254837780304267,"Heat Contribution",5.12399933141022,-0.254837780304267,4.86916155110595,3,5.12399933141022,"Small Below"
"370630018092",5.7880832560897,4.86916155110595,-0.664083924679482,-0.254837780304267,"CBG Attributable Rate",0,4.86916155110595,4.86916155110595,4,4.86916155110595,"CBG"
"371010409053",5.78808325608969,9.36462780427898,2.31488040621766,1.26166414197163,"RT Summer Avg. Rate",0,5.78808325608969,5.78808325608969,1,5.78808325608969,"Average"
"371010409053",5.78808325608969,9.36462780427898,2.31488040621766,1.26166414197163,"Health Contribution",5.78808325608969,2.31488040621766,8.10296366230735,2,8.10296366230735,"Large Above"
"371010409053",5.78808325608969,9.36462780427898,2.31488040621766,1.26166414197163,"Heat Contribution",8.10296366230735,1.26166414197163,9.36462780427898,3,9.36462780427898,"Small Above"
"371010409053",5.78808325608969,9.36462780427898,2.31488040621766,1.26166414197163,"CBG Attributable Rate",0,9.36462780427898,9.36462780427898,4,9.36462780427898,"CBG"
"371010414024",5.78808325608969,13.2193985632031,4.52647888648152,2.90483642063191,"RT Summer Avg. Rate",0,5.78808325608969,5.78808325608969,1,5.78808325608969,"Average"
"371010414024",5.78808325608969,13.2193985632031,4.52647888648152,2.90483642063191,"Health Contribution",5.78808325608969,4.52647888648152,10.3145621425712,2,10.3145621425712,"Large Above"
"371010414024",5.78808325608969,13.2193985632031,4.52647888648152,2.90483642063191,"Heat Contribution",10.3145621425712,2.90483642063191,13.2193985632031,3,13.2193985632031,"Large Above"
"371010414024",5.78808325608969,13.2193985632031,4.52647888648152,2.90483642063191,"CBG Attributable Rate",0,13.2193985632031,13.2193985632031,4,13.2193985632031,"CBG"
"371010402064",5.78808325608969,7.42012719237343,1.04524733863644,0.5867965976473,"RT Summer Avg. Rate",0,5.78808325608969,5.78808325608969,1,5.78808325608969,"Average"
"371010402064",5.78808325608969,7.42012719237343,1.04524733863644,0.5867965976473,"Health Contribution",5.78808325608969,1.04524733863644,6.83333059472613,2,6.83333059472613,"Small Above"
"371010402064",5.78808325608969,7.42012719237343,1.04524733863644,0.5867965976473,"Heat Contribution",6.83333059472613,0.5867965976473,7.42012719237343,3,7.42012719237343,"Small Above"
"371010402064",5.78808325608969,7.42012719237343,1.04524733863644,0.5867965976473,"CBG Attributable Rate",0,7.42012719237343,7.42012719237343,4,7.42012719237343,"CBG"
"371010402052",5.78808325608969,8.52441565348229,2.48044502370781,0.255887373684789,"RT Summer Avg. Rate",0,5.78808325608969,5.78808325608969,1,5.78808325608969,"Average"
"371010402052",5.78808325608969,8.52441565348229,2.48044502370781,0.255887373684789,"Health Contribution",5.78808325608969,2.48044502370781,8.2685282797975,2,8.2685282797975,"Large Above"
"371010402052",5.78808325608969,8.52441565348229,2.48044502370781,0.255887373684789,"Heat Contribution",8.2685282797975,0.255887373684789,8.52441565348229,3,8.52441565348229,"Small Above"
"371010402052",5.78808325608969,8.52441565348229,2.48044502370781,0.255887373684789,"CBG Attributable Rate",0,8.52441565348229,8.52441565348229,4,8.52441565348229,"CBG"
"371010403033",5.78808325608969,12.4294471312192,3.83433888027367,2.80702499485585,"RT Summer Avg. Rate",0,5.78808325608969,5.78808325608969,1,5.78808325608969,"Average"
"371010403033",5.78808325608969,12.4294471312192,3.83433888027367,2.80702499485585,"Health Contribution",5.78808325608969,3.83433888027367,9.62242213636336,2,9.62242213636336,"Large Above"
"371010403033",5.78808325608969,12.4294471312192,3.83433888027367,2.80702499485585,"Heat Contribution",9.62242213636336,2.80702499485585,12.4294471312192,3,12.4294471312192,"Large Above"
"371010403033",5.78808325608969,12.4294471312192,3.83433888027367,2.80702499485585,"CBG Attributable Rate",0,12.4294471312192,12.4294471312192,4,12.4294471312192,"CBG"
"371010403031",5.78808325608969,12.6571135377883,4.00503117240799,2.8639991092906,"RT Summer Avg. Rate",0,5.78808325608969,5.78808325608969,1,5.78808325608969,"Average"
"371010403031",5.78808325608969,12.6571135377883,4.00503117240799,2.8639991092906,"Health Contribution",5.78808325608969,4.00503117240799,9.79311442849768,2,9.79311442849768,"Large Above"
"371010403031",5.78808325608969,12.6571135377883,4.00503117240799,2.8639991092906,"Heat Contribution",9.79311442849768,2.8639991092906,12.6571135377883,3,12.6571135377883,"Large Above"
"371010403031",5.78808325608969,12.6571135377883,4.00503117240799,2.8639991092906,"CBG Attributable Rate",0,12.6571135377883,12.6571135377883,4,12.6571135377883,"CBG"
"371010415092",5.78808325608969,8.43768952318662,1.31677536661888,1.33283090047804,"RT Summer Avg. Rate",0,5.78808325608969,5.78808325608969,1,5.78808325608969,"Average"
"371010415092",5.78808325608969,8.43768952318662,1.31677536661888,1.33283090047804,"Health Contribution",5.78808325608969,1.31677536661888,7.10485862270857,2,7.10485862270857,"Small Above"
"371010415092",5.78808325608969,8.43768952318662,1.31677536661888,1.33283090047804,"Heat Contribution",7.10485862270857,1.33283090047804,8.43768952318661,3,8.43768952318661,"Small Above"
"371010415092",5.78808325608969,8.43768952318662,1.31677536661888,1.33283090047804,"CBG Attributable Rate",0,8.43768952318662,8.43768952318662,4,8.43768952318662,"CBG"
"371010410032",5.78808325608969,5.71639395375062,-0.36443248765227,0.292743185313193,"RT Summer Avg. Rate",0,5.78808325608969,5.78808325608969,1,5.78808325608969,"Average"
"371010410032",5.78808325608969,5.71639395375062,-0.36443248765227,0.292743185313193,"Health Contribution",5.78808325608969,-0.36443248765227,5.42365076843742,2,5.78808325608969,"Small Below"
"371010410032",5.78808325608969,5.71639395375062,-0.36443248765227,0.292743185313193,"Heat Contribution",5.42365076843742,0.292743185313193,5.71639395375061,3,5.71639395375061,"Small Above"
"371010410032",5.78808325608969,5.71639395375062,-0.36443248765227,0.292743185313193,"CBG Attributable Rate",0,5.71639395375062,5.71639395375062,4,5.71639395375062,"CBG"
"371010402063",5.78808325608969,10.346226895205,3.32202908740876,1.23611455170657,"RT Summer Avg. Rate",0,5.78808325608969,5.78808325608969,1,5.78808325608969,"Average"
"371010402063",5.78808325608969,10.346226895205,3.32202908740876,1.23611455170657,"Health Contribution",5.78808325608969,3.32202908740876,9.11011234349845,2,9.11011234349845,"Large Above"
"371010402063",5.78808325608969,10.346226895205,3.32202908740876,1.23611455170657,"Heat Contribution",9.11011234349845,1.23611455170657,10.346226895205,3,10.346226895205,"Small Above"
"371010402063",5.78808325608969,10.346226895205,3.32202908740876,1.23611455170657,"CBG Attributable Rate",0,10.346226895205,10.346226895205,4,10.346226895205,"CBG"
"371010409061",5.78808325608969,8.313387064216,1.90506437891392,0.620239429212389,"RT Summer Avg. Rate",0,5.78808325608969,5.78808325608969,1,5.78808325608969,"Average"
"371010409061",5.78808325608969,8.313387064216,1.90506437891392,0.620239429212389,"Health Contribution",5.78808325608969,1.90506437891392,7.69314763500361,2,7.69314763500361,"Small Above"
"371010409061",5.78808325608969,8.313387064216,1.90506437891392,0.620239429212389,"Heat Contribution",7.69314763500361,0.620239429212389,8.313387064216,3,8.313387064216,"Small Above"
"371010409061",5.78808325608969,8.313387064216,1.90506437891392,0.620239429212389,"CBG Attributable Rate",0,8.313387064216,8.313387064216,4,8.313387064216,"CBG"
"371010409033",5.78808325608969,6.48707729081679,0.0162536138504444,0.682740420876649,"RT Summer Avg. Rate",0,5.78808325608969,5.78808325608969,1,5.78808325608969,"Average"
"371010409033",5.78808325608969,6.48707729081679,0.0162536138504444,0.682740420876649,"Health Contribution",5.78808325608969,0.0162536138504444,5.80433686994013,2,5.80433686994013,"Small Above"
"371010409033",5.78808325608969,6.48707729081679,0.0162536138504444,0.682740420876649,"Heat Contribution",5.80433686994013,0.682740420876649,6.48707729081678,3,6.48707729081678,"Small Above"
"371010409033",5.78808325608969,6.48707729081679,0.0162536138504444,0.682740420876649,"CBG Attributable Rate",0,6.48707729081679,6.48707729081679,4,6.48707729081679,"CBG"
"371010415101",5.78808325608969,9.30811612607517,2.07620997528354,1.44382289470193,"RT Summer Avg. Rate",0,5.78808325608969,5.78808325608969,1,5.78808325608969,"Average"
"371010415101",5.78808325608969,9.30811612607517,2.07620997528354,1.44382289470193,"Health Contribution",5.78808325608969,2.07620997528354,7.86429323137323,2,7.86429323137323,"Large Above"
"371010415101",5.78808325608969,9.30811612607517,2.07620997528354,1.44382289470193,"Heat Contribution",7.86429323137323,1.44382289470193,9.30811612607516,3,9.30811612607516,"Small Above"
"371010415101",5.78808325608969,9.30811612607517,2.07620997528354,1.44382289470193,"CBG Attributable Rate",0,9.30811612607517,9.30811612607517,4,9.30811612607517,"CBG"
"371010401011",5.78808325608969,10.0175152710038,2.75324242346258,1.47618959145156,"RT Summer Avg. Rate",0,5.78808325608969,5.78808325608969,1,5.78808325608969,"Average"
"371010401011",5.78808325608969,10.0175152710038,2.75324242346258,1.47618959145156,"Health Contribution",5.78808325608969,2.75324242346258,8.54132567955227,2,8.54132567955227,"Large Above"
"371010401011",5.78808325608969,10.0175152710038,2.75324242346258,1.47618959145156,"Heat Contribution",8.54132567955227,1.47618959145156,10.0175152710038,3,10.0175152710038,"Small Above"
"371010401011",5.78808325608969,10.0175152710038,2.75324242346258,1.47618959145156,"CBG Attributable Rate",0,10.0175152710038,10.0175152710038,4,10.0175152710038,"CBG"
"371010402082",5.78808325608969,5.94518219666055,-0.250142474084776,0.407241414655632,"RT Summer Avg. Rate",0,5.78808325608969,5.78808325608969,1,5.78808325608969,"Average"
"371010402082",5.78808325608969,5.94518219666055,-0.250142474084776,0.407241414655632,"Health Contribution",5.78808325608969,-0.250142474084776,5.53794078200491,2,5.78808325608969,"Small Below"
"371010402082",5.78808325608969,5.94518219666055,-0.250142474084776,0.407241414655632,"Heat Contribution",5.53794078200491,0.407241414655632,5.94518219666055,3,5.94518219666055,"Small Above"
"371010402082",5.78808325608969,5.94518219666055,-0.250142474084776,0.407241414655632,"CBG Attributable Rate",0,5.94518219666055,5.94518219666055,4,5.94518219666055,"CBG"
"371010410013",5.78808325608969,8.27592784709729,1.92481468367446,0.563029907333135,"RT Summer Avg. Rate",0,5.78808325608969,5.78808325608969,1,5.78808325608969,"Average"
"371010410013",5.78808325608969,8.27592784709729,1.92481468367446,0.563029907333135,"Health Contribution",5.78808325608969,1.92481468367446,7.71289793976415,2,7.71289793976415,"Small Above"
"371010410013",5.78808325608969,8.27592784709729,1.92481468367446,0.563029907333135,"Heat Contribution",7.71289793976415,0.563029907333135,8.27592784709728,3,8.27592784709728,"Small Above"
"371010410013",5.78808325608969,8.27592784709729,1.92481468367446,0.563029907333135,"CBG Attributable Rate",0,8.27592784709729,8.27592784709729,4,8.27592784709729,"CBG"
"371010402081",5.78808325608969,5.64846959950879,-0.621838503157274,0.482224846576366,"RT Summer Avg. Rate",0,5.78808325608969,5.78808325608969,1,5.78808325608969,"Average"
"371010402081",5.78808325608969,5.64846959950879,-0.621838503157274,0.482224846576366,"Health Contribution",5.78808325608969,-0.621838503157274,5.16624475293242,2,5.78808325608969,"Small Below"
"371010402081",5.78808325608969,5.64846959950879,-0.621838503157274,0.482224846576366,"Heat Contribution",5.16624475293242,0.482224846576366,5.64846959950878,3,5.64846959950878,"Small Above"
"371010402081",5.78808325608969,5.64846959950879,-0.621838503157274,0.482224846576366,"CBG Attributable Rate",0,5.64846959950879,5.64846959950879,4,5.64846959950879,"CBG"
"371010402072",5.78808325608969,5.58268791485442,-0.914859867570819,0.709464526335543,"RT Summer Avg. Rate",0,5.78808325608969,5.78808325608969,1,5.78808325608969,"Average"
"371010402072",5.78808325608969,5.58268791485442,-0.914859867570819,0.709464526335543,"Health Contribution",5.78808325608969,-0.914859867570819,4.87322338851887,2,5.78808325608969,"Small Below"
"371010402072",5.78808325608969,5.58268791485442,-0.914859867570819,0.709464526335543,"Heat Contribution",4.87322338851887,0.709464526335543,5.58268791485441,3,5.58268791485441,"Small Above"
"371010402072",5.78808325608969,5.58268791485442,-0.914859867570819,0.709464526335543,"CBG Attributable Rate",0,5.58268791485442,5.58268791485442,4,5.58268791485442,"CBG"
"371010410031",5.78808325608969,8.8150696272016,1.66885056301502,1.35813580809688,"RT Summer Avg. Rate",0,5.78808325608969,5.78808325608969,1,5.78808325608969,"Average"
"371010410031",5.78808325608969,8.8150696272016,1.66885056301502,1.35813580809688,"Health Contribution",5.78808325608969,1.66885056301502,7.45693381910471,2,7.45693381910471,"Small Above"
"371010410031",5.78808325608969,8.8150696272016,1.66885056301502,1.35813580809688,"Heat Contribution",7.45693381910471,1.35813580809688,8.81506962720159,3,8.81506962720159,"Small Above"
"371010410031",5.78808325608969,8.8150696272016,1.66885056301502,1.35813580809688,"CBG Attributable Rate",0,8.8150696272016,8.8150696272016,4,8.8150696272016,"CBG"
"371010401021",5.78808325608969,8.73554178071284,1.89072812726167,1.05673039736148,"RT Summer Avg. Rate",0,5.78808325608969,5.78808325608969,1,5.78808325608969,"Average"
"371010401021",5.78808325608969,8.73554178071284,1.89072812726167,1.05673039736148,"Health Contribution",5.78808325608969,1.89072812726167,7.67881138335136,2,7.67881138335136,"Small Above"
"371010401021",5.78808325608969,8.73554178071284,1.89072812726167,1.05673039736148,"Heat Contribution",7.67881138335136,1.05673039736148,8.73554178071284,3,8.73554178071284,"Small Above"
"371010401021",5.78808325608969,8.73554178071284,1.89072812726167,1.05673039736148,"CBG Attributable Rate",0,8.73554178071284,8.73554178071284,4,8.73554178071284,"CBG"
"371010411043",5.78808325608969,9.49164910789246,3.31696251996703,0.386603331835732,"RT Summer Avg. Rate",0,5.78808325608969,5.78808325608969,1,5.78808325608969,"Average"
"371010411043",5.78808325608969,9.49164910789246,3.31696251996703,0.386603331835732,"Health Contribution",5.78808325608969,3.31696251996703,9.10504577605672,2,9.10504577605672,"Large Above"
"371010411043",5.78808325608969,9.49164910789246,3.31696251996703,0.386603331835732,"Heat Contribution",9.10504577605672,0.386603331835732,9.49164910789245,3,9.49164910789245,"Small Above"
"371010411043",5.78808325608969,9.49164910789246,3.31696251996703,0.386603331835732,"CBG Attributable Rate",0,9.49164910789246,9.49164910789246,4,9.49164910789246,"CBG"
"371010405021",5.78808325608969,8.55790207562717,1.06385432154259,1.70596449799489,"RT Summer Avg. Rate",0,5.78808325608969,5.78808325608969,1,5.78808325608969,"Average"
"371010405021",5.78808325608969,8.55790207562717,1.06385432154259,1.70596449799489,"Health Contribution",5.78808325608969,1.06385432154259,6.85193757763228,2,6.85193757763228,"Small Above"
"371010405021",5.78808325608969,8.55790207562717,1.06385432154259,1.70596449799489,"Heat Contribution",6.85193757763228,1.70596449799489,8.55790207562717,3,8.55790207562717,"Small Above"
"371010405021",5.78808325608969,8.55790207562717,1.06385432154259,1.70596449799489,"CBG Attributable Rate",0,8.55790207562717,8.55790207562717,4,8.55790207562717,"CBG"
"371010405015",5.78808325608969,11.6574674827287,3.33670587614247,2.53267835049649,"RT Summer Avg. Rate",0,5.78808325608969,5.78808325608969,1,5.78808325608969,"Average"
"371010405015",5.78808325608969,11.6574674827287,3.33670587614247,2.53267835049649,"Health Contribution",5.78808325608969,3.33670587614247,9.12478913223216,2,9.12478913223216,"Large Above"
"371010405015",5.78808325608969,11.6574674827287,3.33670587614247,2.53267835049649,"Heat Contribution",9.12478913223216,2.53267835049649,11.6574674827286,3,11.6574674827286,"Large Above"
"371010405015",5.78808325608969,11.6574674827287,3.33670587614247,2.53267835049649,"CBG Attributable Rate",0,11.6574674827287,11.6574674827287,4,11.6574674827287,"CBG"
"371010405011",5.78808325608969,10.2155335962207,2.20756036010431,2.21988998002667,"RT Summer Avg. Rate",0,5.78808325608969,5.78808325608969,1,5.78808325608969,"Average"
"371010405011",5.78808325608969,10.2155335962207,2.20756036010431,2.21988998002667,"Health Contribution",5.78808325608969,2.20756036010431,7.995643616194,2,7.995643616194,"Large Above"
"371010405011",5.78808325608969,10.2155335962207,2.20756036010431,2.21988998002667,"Heat Contribution",7.995643616194,2.21988998002667,10.2155335962207,3,10.2155335962207,"Large Above"
"371010405011",5.78808325608969,10.2155335962207,2.20756036010431,2.21988998002667,"CBG Attributable Rate",0,10.2155335962207,10.2155335962207,4,10.2155335962207,"CBG"
"371010410041",5.78808325608969,9.70139980957016,3.09986764973922,0.813448903741246,"RT Summer Avg. Rate",0,5.78808325608969,5.78808325608969,1,5.78808325608969,"Average"
"371010410041",5.78808325608969,9.70139980957016,3.09986764973922,0.813448903741246,"Health Contribution",5.78808325608969,3.09986764973922,8.88795090582891,2,8.88795090582891,"Large Above"
"371010410041",5.78808325608969,9.70139980957016,3.09986764973922,0.813448903741246,"Heat Contribution",8.88795090582891,0.813448903741246,9.70139980957016,3,9.70139980957016,"Small Above"
"371010410041",5.78808325608969,9.70139980957016,3.09986764973922,0.813448903741246,"CBG Attributable Rate",0,9.70139980957016,9.70139980957016,4,9.70139980957016,"CBG"
"371010413021",5.78808325608969,11.6040790198074,3.11122156976357,2.70477419395411,"RT Summer Avg. Rate",0,5.78808325608969,5.78808325608969,1,5.78808325608969,"Average"
"371010413021",5.78808325608969,11.6040790198074,3.11122156976357,2.70477419395411,"Health Contribution",5.78808325608969,3.11122156976357,8.89930482585326,2,8.89930482585326,"Large Above"
"371010413021",5.78808325608969,11.6040790198074,3.11122156976357,2.70477419395411,"Heat Contribution",8.89930482585326,2.70477419395411,11.6040790198074,3,11.6040790198074,"Large Above"
"371010413021",5.78808325608969,11.6040790198074,3.11122156976357,2.70477419395411,"CBG Attributable Rate",0,11.6040790198074,11.6040790198074,4,11.6040790198074,"CBG"
"371010409032",5.78808325608969,5.74615406840858,-0.94281898784343,0.900889800162317,"RT Summer Avg. Rate",0,5.78808325608969,5.78808325608969,1,5.78808325608969,"Average"
"371010409032",5.78808325608969,5.74615406840858,-0.94281898784343,0.900889800162317,"Health Contribution",5.78808325608969,-0.94281898784343,4.84526426824626,2,5.78808325608969,"Small Below"
"371010409032",5.78808325608969,5.74615406840858,-0.94281898784343,0.900889800162317,"Heat Contribution",4.84526426824626,0.900889800162317,5.74615406840858,3,5.74615406840858,"Small Above"
"371010409032",5.78808325608969,5.74615406840858,-0.94281898784343,0.900889800162317,"CBG Attributable Rate",0,5.74615406840858,5.74615406840858,4,5.74615406840858,"CBG"
"371010410052",5.78808325608969,6.35029374415475,0.0546199071325704,0.507590580932484,"RT Summer Avg. Rate",0,5.78808325608969,5.78808325608969,1,5.78808325608969,"Average"
"371010410052",5.78808325608969,6.35029374415475,0.0546199071325704,0.507590580932484,"Health Contribution",5.78808325608969,0.0546199071325704,5.84270316322226,2,5.84270316322226,"Small Above"
"371010410052",5.78808325608969,6.35029374415475,0.0546199071325704,0.507590580932484,"Heat Contribution",5.84270316322226,0.507590580932484,6.35029374415474,3,6.35029374415474,"Small Above"
"371010410052",5.78808325608969,6.35029374415475,0.0546199071325704,0.507590580932484,"CBG Attributable Rate",0,6.35029374415475,6.35029374415475,4,6.35029374415475,"CBG"
"371010411122",5.78808325608969,5.06753886955206,-1.34321607410347,0.622671687565839,"RT Summer Avg. Rate",0,5.78808325608969,5.78808325608969,1,5.78808325608969,"Average"
"371010411122",5.78808325608969,5.06753886955206,-1.34321607410347,0.622671687565839,"Health Contribution",5.78808325608969,-1.34321607410347,4.44486718198622,2,5.78808325608969,"Small Below"
"371010411122",5.78808325608969,5.06753886955206,-1.34321607410347,0.622671687565839,"Heat Contribution",4.44486718198622,0.622671687565839,5.06753886955206,3,5.06753886955206,"Small Above"
"371010411122",5.78808325608969,5.06753886955206,-1.34321607410347,0.622671687565839,"CBG Attributable Rate",0,5.06753886955206,5.06753886955206,4,5.06753886955206,"CBG"
"371010401012",5.78808325608969,9.79152862601307,2.36023962420199,1.64320574572139,"RT Summer Avg. Rate",0,5.78808325608969,5.78808325608969,1,5.78808325608969,"Average"
"371010401012",5.78808325608969,9.79152862601307,2.36023962420199,1.64320574572139,"Health Contribution",5.78808325608969,2.36023962420199,8.14832288029168,2,8.14832288029168,"Large Above"
"371010401012",5.78808325608969,9.79152862601307,2.36023962420199,1.64320574572139,"Heat Contribution",8.14832288029168,1.64320574572139,9.79152862601307,3,9.79152862601307,"Small Above"
"371010401012",5.78808325608969,9.79152862601307,2.36023962420199,1.64320574572139,"CBG Attributable Rate",0,9.79152862601307,9.79152862601307,4,9.79152862601307,"CBG"
"371010405022",5.78808325608969,10.1551607125269,2.34536300408657,2.02171445235061,"RT Summer Avg. Rate",0,5.78808325608969,5.78808325608969,1,5.78808325608969,"Average"
"371010405022",5.78808325608969,10.1551607125269,2.34536300408657,2.02171445235061,"Health Contribution",5.78808325608969,2.34536300408657,8.13344626017626,2,8.13344626017626,"Large Above"
"371010405022",5.78808325608969,10.1551607125269,2.34536300408657,2.02171445235061,"Heat Contribution",8.13344626017626,2.02171445235061,10.1551607125269,3,10.1551607125269,"Large Above"
"371010405022",5.78808325608969,10.1551607125269,2.34536300408657,2.02171445235061,"CBG Attributable Rate",0,10.1551607125269,10.1551607125269,4,10.1551607125269,"CBG"
"371010411091",5.78808325608969,8.1424871331067,1.2157800561646,1.13862382085241,"RT Summer Avg. Rate",0,5.78808325608969,5.78808325608969,1,5.78808325608969,"Average"
"371010411091",5.78808325608969,8.1424871331067,1.2157800561646,1.13862382085241,"Health Contribution",5.78808325608969,1.2157800561646,7.00386331225429,2,7.00386331225429,"Small Above"
"371010411091",5.78808325608969,8.1424871331067,1.2157800561646,1.13862382085241,"Heat Contribution",7.00386331225429,1.13862382085241,8.1424871331067,3,8.1424871331067,"Small Above"
"371010411091",5.78808325608969,8.1424871331067,1.2157800561646,1.13862382085241,"CBG Attributable Rate",0,8.1424871331067,8.1424871331067,4,8.1424871331067,"CBG"
"371010415071",5.78808325608969,7.4845398657908,0.857123695090356,0.839332914610747,"RT Summer Avg. Rate",0,5.78808325608969,5.78808325608969,1,5.78808325608969,"Average"
"371010415071",5.78808325608969,7.4845398657908,0.857123695090356,0.839332914610747,"Health Contribution",5.78808325608969,0.857123695090356,6.64520695118005,2,6.64520695118005,"Small Above"
"371010415071",5.78808325608969,7.4845398657908,0.857123695090356,0.839332914610747,"Heat Contribution",6.64520695118005,0.839332914610747,7.48453986579079,3,7.48453986579079,"Small Above"
"371010415071",5.78808325608969,7.4845398657908,0.857123695090356,0.839332914610747,"CBG Attributable Rate",0,7.4845398657908,7.4845398657908,4,7.4845398657908,"CBG"
"371010415072",5.78808325608969,7.50747162421582,0.519865553968219,1.1995228141579,"RT Summer Avg. Rate",0,5.78808325608969,5.78808325608969,1,5.78808325608969,"Average"
"371010415072",5.78808325608969,7.50747162421582,0.519865553968219,1.1995228141579,"Health Contribution",5.78808325608969,0.519865553968219,6.30794881005791,2,6.30794881005791,"Small Above"
"371010415072",5.78808325608969,7.50747162421582,0.519865553968219,1.1995228141579,"Heat Contribution",6.30794881005791,1.1995228141579,7.50747162421581,3,7.50747162421581,"Small Above"
"371010415072",5.78808325608969,7.50747162421582,0.519865553968219,1.1995228141579,"CBG Attributable Rate",0,7.50747162421582,7.50747162421582,4,7.50747162421582,"CBG"
"371010415112",5.78808325608969,10.0245683736466,2.69761715530069,1.53886796225621,"RT Summer Avg. Rate",0,5.78808325608969,5.78808325608969,1,5.78808325608969,"Average"
"371010415112",5.78808325608969,10.0245683736466,2.69761715530069,1.53886796225621,"Health Contribution",5.78808325608969,2.69761715530069,8.48570041139038,2,8.48570041139038,"Large Above"
"371010415112",5.78808325608969,10.0245683736466,2.69761715530069,1.53886796225621,"Heat Contribution",8.48570041139038,1.53886796225621,10.0245683736466,3,10.0245683736466,"Small Above"
"371010415112",5.78808325608969,10.0245683736466,2.69761715530069,1.53886796225621,"CBG Attributable Rate",0,10.0245683736466,10.0245683736466,4,10.0245683736466,"CBG"
"371010402071",5.78808325608969,5.90278232662493,-0.493559308337623,0.608258378872861,"RT Summer Avg. Rate",0,5.78808325608969,5.78808325608969,1,5.78808325608969,"Average"
"371010402071",5.78808325608969,5.90278232662493,-0.493559308337623,0.608258378872861,"Health Contribution",5.78808325608969,-0.493559308337623,5.29452394775207,2,5.78808325608969,"Small Below"
"371010402071",5.78808325608969,5.90278232662493,-0.493559308337623,0.608258378872861,"Heat Contribution",5.29452394775207,0.608258378872861,5.90278232662493,3,5.90278232662493,"Small Above"
"371010402071",5.78808325608969,5.90278232662493,-0.493559308337623,0.608258378872861,"CBG Attributable Rate",0,5.90278232662493,5.90278232662493,4,5.90278232662493,"CBG"
"371010411044",5.78808325608969,6.87951703989891,0.444610633465564,0.646823150343656,"RT Summer Avg. Rate",0,5.78808325608969,5.78808325608969,1,5.78808325608969,"Average"
"371010411044",5.78808325608969,6.87951703989891,0.444610633465564,0.646823150343656,"Health Contribution",5.78808325608969,0.444610633465564,6.23269388955525,2,6.23269388955525,"Small Above"
"371010411044",5.78808325608969,6.87951703989891,0.444610633465564,0.646823150343656,"Heat Contribution",6.23269388955525,0.646823150343656,6.87951703989891,3,6.87951703989891,"Small Above"
"371010411044",5.78808325608969,6.87951703989891,0.444610633465564,0.646823150343656,"CBG Attributable Rate",0,6.87951703989891,6.87951703989891,4,6.87951703989891,"CBG"
"371010411102",5.78808325608969,8.81451911578384,2.35371709353927,0.672718766154878,"RT Summer Avg. Rate",0,5.78808325608969,5.78808325608969,1,5.78808325608969,"Average"
"371010411102",5.78808325608969,8.81451911578384,2.35371709353927,0.672718766154878,"Health Contribution",5.78808325608969,2.35371709353927,8.14180034962896,2,8.14180034962896,"Large Above"
"371010411102",5.78808325608969,8.81451911578384,2.35371709353927,0.672718766154878,"Heat Contribution",8.14180034962896,0.672718766154878,8.81451911578384,3,8.81451911578384,"Small Above"
"371010411102",5.78808325608969,8.81451911578384,2.35371709353927,0.672718766154878,"CBG Attributable Rate",0,8.81451911578384,8.81451911578384,4,8.81451911578384,"CBG"
"371010411112",5.78808325608969,7.56837473950972,0.918467206967304,0.861824276452719,"RT Summer Avg. Rate",0,5.78808325608969,5.78808325608969,1,5.78808325608969,"Average"
"371010411112",5.78808325608969,7.56837473950972,0.918467206967304,0.861824276452719,"Health Contribution",5.78808325608969,0.918467206967304,6.70655046305699,2,6.70655046305699,"Small Above"
"371010411112",5.78808325608969,7.56837473950972,0.918467206967304,0.861824276452719,"Heat Contribution",6.70655046305699,0.861824276452719,7.56837473950971,3,7.56837473950971,"Small Above"
"371010411112",5.78808325608969,7.56837473950972,0.918467206967304,0.861824276452719,"CBG Attributable Rate",0,7.56837473950972,7.56837473950972,4,7.56837473950972,"CBG"
"371010411071",5.78808325608969,6.43071031996351,-0.273991622277776,0.916618686151589,"RT Summer Avg. Rate",0,5.78808325608969,5.78808325608969,1,5.78808325608969,"Average"
"371010411071",5.78808325608969,6.43071031996351,-0.273991622277776,0.916618686151589,"Health Contribution",5.78808325608969,-0.273991622277776,5.51409163381191,2,5.78808325608969,"Small Below"
"371010411071",5.78808325608969,6.43071031996351,-0.273991622277776,0.916618686151589,"Heat Contribution",5.51409163381191,0.916618686151589,6.4307103199635,3,6.4307103199635,"Small Above"
"371010411071",5.78808325608969,6.43071031996351,-0.273991622277776,0.916618686151589,"CBG Attributable Rate",0,6.43071031996351,6.43071031996351,4,6.43071031996351,"CBG"
"371010411111",5.78808325608969,6.63176026883583,0.534416035442151,0.309260977303984,"RT Summer Avg. Rate",0,5.78808325608969,5.78808325608969,1,5.78808325608969,"Average"
"371010411111",5.78808325608969,6.63176026883583,0.534416035442151,0.309260977303984,"Health Contribution",5.78808325608969,0.534416035442151,6.32249929153184,2,6.32249929153184,"Small Above"
"371010411111",5.78808325608969,6.63176026883583,0.534416035442151,0.309260977303984,"Heat Contribution",6.32249929153184,0.309260977303984,6.63176026883582,3,6.63176026883582,"Small Above"
"371010411111",5.78808325608969,6.63176026883583,0.534416035442151,0.309260977303984,"CBG Attributable Rate",0,6.63176026883583,6.63176026883583,4,6.63176026883583,"CBG"
"371010411053",5.78808325608969,8.93538884834158,2.8084686887994,0.338836903452491,"RT Summer Avg. Rate",0,5.78808325608969,5.78808325608969,1,5.78808325608969,"Average"
"371010411053",5.78808325608969,8.93538884834158,2.8084686887994,0.338836903452491,"Health Contribution",5.78808325608969,2.8084686887994,8.59655194488909,2,8.59655194488909,"Large Above"
"371010411053",5.78808325608969,8.93538884834158,2.8084686887994,0.338836903452491,"Heat Contribution",8.59655194488909,0.338836903452491,8.93538884834158,3,8.93538884834158,"Small Above"
"371010411053",5.78808325608969,8.93538884834158,2.8084686887994,0.338836903452491,"CBG Attributable Rate",0,8.93538884834158,8.93538884834158,4,8.93538884834158,"CBG"
"371010411052",5.78808325608969,6.58631567946221,0.108105848574753,0.690126574797758,"RT Summer Avg. Rate",0,5.78808325608969,5.78808325608969,1,5.78808325608969,"Average"
"371010411052",5.78808325608969,6.58631567946221,0.108105848574753,0.690126574797758,"Health Contribution",5.78808325608969,0.108105848574753,5.89618910466444,2,5.89618910466444,"Small Above"
"371010411052",5.78808325608969,6.58631567946221,0.108105848574753,0.690126574797758,"Heat Contribution",5.89618910466444,0.690126574797758,6.5863156794622,3,6.5863156794622,"Small Above"
"371010411052",5.78808325608969,6.58631567946221,0.108105848574753,0.690126574797758,"CBG Attributable Rate",0,6.58631567946221,6.58631567946221,4,6.58631567946221,"CBG"
"371010415062",5.78808325608969,7.76294084477667,0.878733458048302,1.09612413063868,"RT Summer Avg. Rate",0,5.78808325608969,5.78808325608969,1,5.78808325608969,"Average"
"371010415062",5.78808325608969,7.76294084477667,0.878733458048302,1.09612413063868,"Health Contribution",5.78808325608969,0.878733458048302,6.66681671413799,2,6.66681671413799,"Small Above"
"371010415062",5.78808325608969,7.76294084477667,0.878733458048302,1.09612413063868,"Heat Contribution",6.66681671413799,1.09612413063868,7.76294084477667,3,7.76294084477667,"Small Above"
"371010415062",5.78808325608969,7.76294084477667,0.878733458048302,1.09612413063868,"CBG Attributable Rate",0,7.76294084477667,7.76294084477667,4,7.76294084477667,"CBG"
"371010411131",5.78808325608969,5.85163180738742,-0.509976276148967,0.573524827446693,"RT Summer Avg. Rate",0,5.78808325608969,5.78808325608969,1,5.78808325608969,"Average"
"371010411131",5.78808325608969,5.85163180738742,-0.509976276148967,0.573524827446693,"Health Contribution",5.78808325608969,-0.509976276148967,5.27810697994072,2,5.78808325608969,"Small Below"
"371010411131",5.78808325608969,5.85163180738742,-0.509976276148967,0.573524827446693,"Heat Contribution",5.27810697994072,0.573524827446693,5.85163180738742,3,5.85163180738742,"Small Above"
"371010411131",5.78808325608969,5.85163180738742,-0.509976276148967,0.573524827446693,"CBG Attributable Rate",0,5.85163180738742,5.85163180738742,4,5.85163180738742,"CBG"
"371010411092",5.78808325608969,5.8541366007577,-0.61094754865304,0.677000893321049,"RT Summer Avg. Rate",0,5.78808325608969,5.78808325608969,1,5.78808325608969,"Average"
"371010411092",5.78808325608969,5.8541366007577,-0.61094754865304,0.677000893321049,"Health Contribution",5.78808325608969,-0.61094754865304,5.17713570743665,2,5.78808325608969,"Small Below"
"371010411092",5.78808325608969,5.8541366007577,-0.61094754865304,0.677000893321049,"Heat Contribution",5.17713570743665,0.677000893321049,5.8541366007577,3,5.8541366007577,"Small Above"
"371010411092",5.78808325608969,5.8541366007577,-0.61094754865304,0.677000893321049,"CBG Attributable Rate",0,5.8541366007577,5.8541366007577,4,5.8541366007577,"CBG"
"371010411081",5.78808325608969,7.69987534885338,0.775224226279238,1.13656786648445,"RT Summer Avg. Rate",0,5.78808325608969,5.78808325608969,1,5.78808325608969,"Average"
"371010411081",5.78808325608969,7.69987534885338,0.775224226279238,1.13656786648445,"Health Contribution",5.78808325608969,0.775224226279238,6.56330748236893,2,6.56330748236893,"Small Above"
"371010411081",5.78808325608969,7.69987534885338,0.775224226279238,1.13656786648445,"Heat Contribution",6.56330748236893,1.13656786648445,7.69987534885338,3,7.69987534885338,"Small Above"
"371010411081",5.78808325608969,7.69987534885338,0.775224226279238,1.13656786648445,"CBG Attributable Rate",0,7.69987534885338,7.69987534885338,4,7.69987534885338,"CBG"
"371010415041",5.78808325608969,9.58628577228676,2.71937686216144,1.07882565403562,"RT Summer Avg. Rate",0,5.78808325608969,5.78808325608969,1,5.78808325608969,"Average"
"371010415041",5.78808325608969,9.58628577228676,2.71937686216144,1.07882565403562,"Health Contribution",5.78808325608969,2.71937686216144,8.50746011825113,2,8.50746011825113,"Large Above"
"371010415041",5.78808325608969,9.58628577228676,2.71937686216144,1.07882565403562,"Heat Contribution",8.50746011825113,1.07882565403562,9.58628577228675,3,9.58628577228675,"Small Above"
"371010415041",5.78808325608969,9.58628577228676,2.71937686216144,1.07882565403562,"CBG Attributable Rate",0,9.58628577228676,9.58628577228676,4,9.58628577228676,"CBG"
"371010409054",5.78808325608969,6.55990676533888,-0.164200888948295,0.936024398197478,"RT Summer Avg. Rate",0,5.78808325608969,5.78808325608969,1,5.78808325608969,"Average"
"371010409054",5.78808325608969,6.55990676533888,-0.164200888948295,0.936024398197478,"Health Contribution",5.78808325608969,-0.164200888948295,5.6238823671414,2,5.78808325608969,"Small Below"
"371010409054",5.78808325608969,6.55990676533888,-0.164200888948295,0.936024398197478,"Heat Contribution",5.6238823671414,0.936024398197478,6.55990676533887,3,6.55990676533887,"Small Above"
"371010409054",5.78808325608969,6.55990676533888,-0.164200888948295,0.936024398197478,"CBG Attributable Rate",0,6.55990676533888,6.55990676533888,4,6.55990676533888,"CBG"
"371010415073",5.78808325608969,7.1967374278303,0.408903511969223,0.999750659771383,"RT Summer Avg. Rate",0,5.78808325608969,5.78808325608969,1,5.78808325608969,"Average"
"371010415073",5.78808325608969,7.1967374278303,0.408903511969223,0.999750659771383,"Health Contribution",5.78808325608969,0.408903511969223,6.19698676805891,2,6.19698676805891,"Small Above"
"371010415073",5.78808325608969,7.1967374278303,0.408903511969223,0.999750659771383,"Heat Contribution",6.19698676805891,0.999750659771383,7.1967374278303,3,7.1967374278303,"Small Above"
"371010415073",5.78808325608969,7.1967374278303,0.408903511969223,0.999750659771383,"CBG Attributable Rate",0,7.1967374278303,7.1967374278303,4,7.1967374278303,"CBG"
"371010409062",5.78808325608969,5.93791580592325,-0.226241399856738,0.376073949690297,"RT Summer Avg. Rate",0,5.78808325608969,5.78808325608969,1,5.78808325608969,"Average"
"371010409062",5.78808325608969,5.93791580592325,-0.226241399856738,0.376073949690297,"Health Contribution",5.78808325608969,-0.226241399856738,5.56184185623295,2,5.78808325608969,"Small Below"
"371010409062",5.78808325608969,5.93791580592325,-0.226241399856738,0.376073949690297,"Heat Contribution",5.56184185623295,0.376073949690297,5.93791580592325,3,5.93791580592325,"Small Above"
"371010409062",5.78808325608969,5.93791580592325,-0.226241399856738,0.376073949690297,"CBG Attributable Rate",0,5.93791580592325,5.93791580592325,4,5.93791580592325,"CBG"
"371010411042",5.78808325608969,6.42979482200334,-0.130500420460762,0.772211986374411,"RT Summer Avg. Rate",0,5.78808325608969,5.78808325608969,1,5.78808325608969,"Average"
"371010411042",5.78808325608969,6.42979482200334,-0.130500420460762,0.772211986374411,"Health Contribution",5.78808325608969,-0.130500420460762,5.65758283562893,2,5.78808325608969,"Small Below"
"371010411042",5.78808325608969,6.42979482200334,-0.130500420460762,0.772211986374411,"Heat Contribution",5.65758283562893,0.772211986374411,6.42979482200334,3,6.42979482200334,"Small Above"
"371010411042",5.78808325608969,6.42979482200334,-0.130500420460762,0.772211986374411,"CBG Attributable Rate",0,6.42979482200334,6.42979482200334,4,6.42979482200334,"CBG"
"371010402094",5.78808325608969,5.99521445480539,-0.545544424477067,0.752675623192763,"RT Summer Avg. Rate",0,5.78808325608969,5.78808325608969,1,5.78808325608969,"Average"
"371010402094",5.78808325608969,5.99521445480539,-0.545544424477067,0.752675623192763,"Health Contribution",5.78808325608969,-0.545544424477067,5.24253883161262,2,5.78808325608969,"Small Below"
"371010402094",5.78808325608969,5.99521445480539,-0.545544424477067,0.752675623192763,"Heat Contribution",5.24253883161262,0.752675623192763,5.99521445480539,3,5.99521445480539,"Small Above"
"371010402094",5.78808325608969,5.99521445480539,-0.545544424477067,0.752675623192763,"CBG Attributable Rate",0,5.99521445480539,5.99521445480539,4,5.99521445480539,"CBG"
"371010415043",5.78808325608969,8.2254933374131,1.24297759323087,1.19443248809254,"RT Summer Avg. Rate",0,5.78808325608969,5.78808325608969,1,5.78808325608969,"Average"
"371010415043",5.78808325608969,8.2254933374131,1.24297759323087,1.19443248809254,"Health Contribution",5.78808325608969,1.24297759323087,7.03106084932056,2,7.03106084932056,"Small Above"
"371010415043",5.78808325608969,8.2254933374131,1.24297759323087,1.19443248809254,"Heat Contribution",7.03106084932056,1.19443248809254,8.2254933374131,3,8.2254933374131,"Small Above"
"371010415043",5.78808325608969,8.2254933374131,1.24297759323087,1.19443248809254,"CBG Attributable Rate",0,8.2254933374131,8.2254933374131,4,8.2254933374131,"CBG"
"371010415052",5.78808325608969,9.01596894649303,1.5547222186473,1.67316347175603,"RT Summer Avg. Rate",0,5.78808325608969,5.78808325608969,1,5.78808325608969,"Average"
"371010415052",5.78808325608969,9.01596894649303,1.5547222186473,1.67316347175603,"Health Contribution",5.78808325608969,1.5547222186473,7.34280547473699,2,7.34280547473699,"Small Above"
"371010415052",5.78808325608969,9.01596894649303,1.5547222186473,1.67316347175603,"Heat Contribution",7.34280547473699,1.67316347175603,9.01596894649302,3,9.01596894649302,"Small Above"
"371010415052",5.78808325608969,9.01596894649303,1.5547222186473,1.67316347175603,"CBG Attributable Rate",0,9.01596894649303,9.01596894649303,4,9.01596894649303,"CBG"
"371010409055",5.78808325608969,8.19061482221445,1.61036847900017,0.792163087124583,"RT Summer Avg. Rate",0,5.78808325608969,5.78808325608969,1,5.78808325608969,"Average"
"371010409055",5.78808325608969,8.19061482221445,1.61036847900017,0.792163087124583,"Health Contribution",5.78808325608969,1.61036847900017,7.39845173508986,2,7.39845173508986,"Small Above"
"371010409055",5.78808325608969,8.19061482221445,1.61036847900017,0.792163087124583,"Heat Contribution",7.39845173508986,0.792163087124583,8.19061482221444,3,8.19061482221444,"Small Above"
"371010409055",5.78808325608969,8.19061482221445,1.61036847900017,0.792163087124583,"CBG Attributable Rate",0,8.19061482221445,8.19061482221445,4,8.19061482221445,"CBG"
"371010411061",5.78808325608969,8.40834193160018,1.43050132844789,1.1897573470626,"RT Summer Avg. Rate",0,5.78808325608969,5.78808325608969,1,5.78808325608969,"Average"
"371010411061",5.78808325608969,8.40834193160018,1.43050132844789,1.1897573470626,"Health Contribution",5.78808325608969,1.43050132844789,7.21858458453758,2,7.21858458453758,"Small Above"
"371010411061",5.78808325608969,8.40834193160018,1.43050132844789,1.1897573470626,"Heat Contribution",7.21858458453758,1.1897573470626,8.40834193160018,3,8.40834193160018,"Small Above"
"371010411061",5.78808325608969,8.40834193160018,1.43050132844789,1.1897573470626,"CBG Attributable Rate",0,8.40834193160018,8.40834193160018,4,8.40834193160018,"CBG"
"371010409052",5.78808325608969,9.05199023869242,1.80309987203936,1.46080711056336,"RT Summer Avg. Rate",0,5.78808325608969,5.78808325608969,1,5.78808325608969,"Average"
"371010409052",5.78808325608969,9.05199023869242,1.80309987203936,1.46080711056336,"Health Contribution",5.78808325608969,1.80309987203936,7.59118312812905,2,7.59118312812905,"Small Above"
"371010409052",5.78808325608969,9.05199023869242,1.80309987203936,1.46080711056336,"Heat Contribution",7.59118312812905,1.46080711056336,9.05199023869241,3,9.05199023869241,"Small Above"
"371010409052",5.78808325608969,9.05199023869242,1.80309987203936,1.46080711056336,"CBG Attributable Rate",0,9.05199023869242,9.05199023869242,4,9.05199023869242,"CBG"
"371010402101",5.78808325608969,7.42830983717851,0.890715752224739,0.749510828864077,"RT Summer Avg. Rate",0,5.78808325608969,5.78808325608969,1,5.78808325608969,"Average"
"371010402101",5.78808325608969,7.42830983717851,0.890715752224739,0.749510828864077,"Health Contribution",5.78808325608969,0.890715752224739,6.67879900831443,2,6.67879900831443,"Small Above"
"371010402101",5.78808325608969,7.42830983717851,0.890715752224739,0.749510828864077,"Heat Contribution",6.67879900831443,0.749510828864077,7.42830983717851,3,7.42830983717851,"Small Above"
"371010402101",5.78808325608969,7.42830983717851,0.890715752224739,0.749510828864077,"CBG Attributable Rate",0,7.42830983717851,7.42830983717851,4,7.42830983717851,"CBG"
"371010402091",5.78808325608969,3.16440834041683,-2.73775023308581,0.114075317412945,"RT Summer Avg. Rate",0,5.78808325608969,5.78808325608969,1,5.78808325608969,"Average"
"371010402091",5.78808325608969,3.16440834041683,-2.73775023308581,0.114075317412945,"Health Contribution",5.78808325608969,-2.73775023308581,3.05033302300388,2,5.78808325608969,"Large Below"
"371010402091",5.78808325608969,3.16440834041683,-2.73775023308581,0.114075317412945,"Heat Contribution",3.05033302300388,0.114075317412945,3.16440834041683,3,3.16440834041683,"Small Above"
"371010402091",5.78808325608969,3.16440834041683,-2.73775023308581,0.114075317412945,"CBG Attributable Rate",0,3.16440834041683,3.16440834041683,4,3.16440834041683,"CBG"
"371010401022",5.78808325608969,11.3632825335257,3.63865048133784,1.93654879609814,"RT Summer Avg. Rate",0,5.78808325608969,5.78808325608969,1,5.78808325608969,"Average"
"371010401022",5.78808325608969,11.3632825335257,3.63865048133784,1.93654879609814,"Health Contribution",5.78808325608969,3.63865048133784,9.42673373742753,2,9.42673373742753,"Large Above"
"371010401022",5.78808325608969,11.3632825335257,3.63865048133784,1.93654879609814,"Heat Contribution",9.42673373742753,1.93654879609814,11.3632825335257,3,11.3632825335257,"Small Above"
"371010401022",5.78808325608969,11.3632825335257,3.63865048133784,1.93654879609814,"CBG Attributable Rate",0,11.3632825335257,11.3632825335257,4,11.3632825335257,"CBG"
"371010401013",5.78808325608969,11.049068035768,3.4586260725423,1.802358707136,"RT Summer Avg. Rate",0,5.78808325608969,5.78808325608969,1,5.78808325608969,"Average"
"371010401013",5.78808325608969,11.049068035768,3.4586260725423,1.802358707136,"Health Contribution",5.78808325608969,3.4586260725423,9.24670932863199,2,9.24670932863199,"Large Above"
"371010401013",5.78808325608969,11.049068035768,3.4586260725423,1.802358707136,"Heat Contribution",9.24670932863199,1.802358707136,11.049068035768,3,11.049068035768,"Small Above"
"371010401013",5.78808325608969,11.049068035768,3.4586260725423,1.802358707136,"CBG Attributable Rate",0,11.049068035768,11.049068035768,4,11.049068035768,"CBG"
"371010414013",5.78808325608969,11.8155222820362,3.03766359683388,2.98977542911267,"RT Summer Avg. Rate",0,5.78808325608969,5.78808325608969,1,5.78808325608969,"Average"
"371010414013",5.78808325608969,11.8155222820362,3.03766359683388,2.98977542911267,"Health Contribution",5.78808325608969,3.03766359683388,8.82574685292357,2,8.82574685292357,"Large Above"
"371010414013",5.78808325608969,11.8155222820362,3.03766359683388,2.98977542911267,"Heat Contribution",8.82574685292357,2.98977542911267,11.8155222820362,3,11.8155222820362,"Large Above"
"371010414013",5.78808325608969,11.8155222820362,3.03766359683388,2.98977542911267,"CBG Attributable Rate",0,11.8155222820362,11.8155222820362,4,11.8155222820362,"CBG"
"371010413012",5.78808325608969,11.3136955127608,3.10140989914646,2.42420235752465,"RT Summer Avg. Rate",0,5.78808325608969,5.78808325608969,1,5.78808325608969,"Average"
"371010413012",5.78808325608969,11.3136955127608,3.10140989914646,2.42420235752465,"Health Contribution",5.78808325608969,3.10140989914646,8.88949315523615,2,8.88949315523615,"Large Above"
"371010413012",5.78808325608969,11.3136955127608,3.10140989914646,2.42420235752465,"Heat Contribution",8.88949315523615,2.42420235752465,11.3136955127608,3,11.3136955127608,"Large Above"
"371010413012",5.78808325608969,11.3136955127608,3.10140989914646,2.42420235752465,"CBG Attributable Rate",0,11.3136955127608,11.3136955127608,4,11.3136955127608,"CBG"
"371010410015",5.78808325608969,9.88469474269369,2.94270230357213,1.15390918303187,"RT Summer Avg. Rate",0,5.78808325608969,5.78808325608969,1,5.78808325608969,"Average"
"371010410015",5.78808325608969,9.88469474269369,2.94270230357213,1.15390918303187,"Health Contribution",5.78808325608969,2.94270230357213,8.73078555966182,2,8.73078555966182,"Large Above"
"371010410015",5.78808325608969,9.88469474269369,2.94270230357213,1.15390918303187,"Heat Contribution",8.73078555966182,1.15390918303187,9.88469474269369,3,9.88469474269369,"Small Above"
"371010410015",5.78808325608969,9.88469474269369,2.94270230357213,1.15390918303187,"CBG Attributable Rate",0,9.88469474269369,9.88469474269369,4,9.88469474269369,"CBG"
"371010415083",5.78808325608969,7.33218817083568,0.692022919297868,0.852081995448119,"RT Summer Avg. Rate",0,5.78808325608969,5.78808325608969,1,5.78808325608969,"Average"
"371010415083",5.78808325608969,7.33218817083568,0.692022919297868,0.852081995448119,"Health Contribution",5.78808325608969,0.692022919297868,6.48010617538756,2,6.48010617538756,"Small Above"
"371010415083",5.78808325608969,7.33218817083568,0.692022919297868,0.852081995448119,"Heat Contribution",6.48010617538756,0.852081995448119,7.33218817083568,3,7.33218817083568,"Small Above"
"371010415083",5.78808325608969,7.33218817083568,0.692022919297868,0.852081995448119,"CBG Attributable Rate",0,7.33218817083568,7.33218817083568,4,7.33218817083568,"CBG"
"371010415042",5.78808325608969,8.07899296809193,1.16387551954321,1.12703419245903,"RT Summer Avg. Rate",0,5.78808325608969,5.78808325608969,1,5.78808325608969,"Average"
"371010415042",5.78808325608969,8.07899296809193,1.16387551954321,1.12703419245903,"Health Contribution",5.78808325608969,1.16387551954321,6.9519587756329,2,6.9519587756329,"Small Above"
"371010415042",5.78808325608969,8.07899296809193,1.16387551954321,1.12703419245903,"Heat Contribution",6.9519587756329,1.12703419245903,8.07899296809193,3,8.07899296809193,"Small Above"
"371010415042",5.78808325608969,8.07899296809193,1.16387551954321,1.12703419245903,"CBG Attributable Rate",0,8.07899296809193,8.07899296809193,4,8.07899296809193,"CBG"
"371010415044",5.78808325608969,10.7803611577425,3.03543274883816,1.95684515281466,"RT Summer Avg. Rate",0,5.78808325608969,5.78808325608969,1,5.78808325608969,"Average"
"371010415044",5.78808325608969,10.7803611577425,3.03543274883816,1.95684515281466,"Health Contribution",5.78808325608969,3.03543274883816,8.82351600492785,2,8.82351600492785,"Large Above"
"371010415044",5.78808325608969,10.7803611577425,3.03543274883816,1.95684515281466,"Heat Contribution",8.82351600492785,1.95684515281466,10.7803611577425,3,10.7803611577425,"Small Above"
"371010415044",5.78808325608969,10.7803611577425,3.03543274883816,1.95684515281466,"CBG Attributable Rate",0,10.7803611577425,10.7803611577425,4,10.7803611577425,"CBG"
"371010402102",5.78808325608969,5.8932708486484,-0.591599401020903,0.696786993579609,"RT Summer Avg. Rate",0,5.78808325608969,5.78808325608969,1,5.78808325608969,"Average"
"371010402102",5.78808325608969,5.8932708486484,-0.591599401020903,0.696786993579609,"Health Contribution",5.78808325608969,-0.591599401020903,5.19648385506879,2,5.78808325608969,"Small Below"
"371010402102",5.78808325608969,5.8932708486484,-0.591599401020903,0.696786993579609,"Heat Contribution",5.19648385506879,0.696786993579609,5.8932708486484,3,5.8932708486484,"Small Above"
"371010402102",5.78808325608969,5.8932708486484,-0.591599401020903,0.696786993579609,"CBG Attributable Rate",0,5.8932708486484,5.8932708486484,4,5.8932708486484,"CBG"
"371010402043",5.78808325608969,8.84889698810987,3.3158838969,-0.255070164879825,"RT Summer Avg. Rate",0,5.78808325608969,5.78808325608969,1,5.78808325608969,"Average"
"371010402043",5.78808325608969,8.84889698810987,3.3158838969,-0.255070164879825,"Health Contribution",5.78808325608969,3.3158838969,9.10396715298969,2,9.10396715298969,"Large Above"
"371010402043",5.78808325608969,8.84889698810987,3.3158838969,-0.255070164879825,"Heat Contribution",9.10396715298969,-0.255070164879825,8.84889698810986,3,9.10396715298969,"Small Below"
"371010402043",5.78808325608969,8.84889698810987,3.3158838969,-0.255070164879825,"CBG Attributable Rate",0,8.84889698810987,8.84889698810987,4,8.84889698810987,"CBG"
"371010414021",5.78808325608969,9.86990388898285,1.88503747473803,2.19678315815513,"RT Summer Avg. Rate",0,5.78808325608969,5.78808325608969,1,5.78808325608969,"Average"
"371010414021",5.78808325608969,9.86990388898285,1.88503747473803,2.19678315815513,"Health Contribution",5.78808325608969,1.88503747473803,7.67312073082772,2,7.67312073082772,"Small Above"
"371010414021",5.78808325608969,9.86990388898285,1.88503747473803,2.19678315815513,"Heat Contribution",7.67312073082772,2.19678315815513,9.86990388898285,3,9.86990388898285,"Large Above"
"371010414021",5.78808325608969,9.86990388898285,1.88503747473803,2.19678315815513,"CBG Attributable Rate",0,9.86990388898285,9.86990388898285,4,9.86990388898285,"CBG"
"371010409043",5.7880832560897,9.209227963207,2.39981256059837,1.02133214651894,"RT Summer Avg. Rate",0,5.7880832560897,5.7880832560897,1,5.7880832560897,"Average"
"371010409043",5.7880832560897,9.209227963207,2.39981256059837,1.02133214651894,"Health Contribution",5.7880832560897,2.39981256059837,8.18789581668807,2,8.18789581668807,"Large Above"
"371010409043",5.7880832560897,9.209227963207,2.39981256059837,1.02133214651894,"Heat Contribution",8.18789581668807,1.02133214651894,9.20922796320701,3,9.20922796320701,"Small Above"
"371010409043",5.7880832560897,9.209227963207,2.39981256059837,1.02133214651894,"CBG Attributable Rate",0,9.209227963207,9.209227963207,4,9.209227963207,"CBG"
"371010403011",5.78808325608969,10.1096592759554,2.21868235021717,2.10289366964853,"RT Summer Avg. Rate",0,5.78808325608969,5.78808325608969,1,5.78808325608969,"Average"
"371010403011",5.78808325608969,10.1096592759554,2.21868235021717,2.10289366964853,"Health Contribution",5.78808325608969,2.21868235021717,8.00676560630686,2,8.00676560630686,"Large Above"
"371010403011",5.78808325608969,10.1096592759554,2.21868235021717,2.10289366964853,"Heat Contribution",8.00676560630686,2.10289366964853,10.1096592759554,3,10.1096592759554,"Large Above"
"371010403011",5.78808325608969,10.1096592759554,2.21868235021717,2.10289366964853,"CBG Attributable Rate",0,10.1096592759554,10.1096592759554,4,10.1096592759554,"CBG"
"371010411132",5.78808325608969,5.97372423845675,-0.373301671332931,0.558942653699987,"RT Summer Avg. Rate",0,5.78808325608969,5.78808325608969,1,5.78808325608969,"Average"
"371010411132",5.78808325608969,5.97372423845675,-0.373301671332931,0.558942653699987,"Health Contribution",5.78808325608969,-0.373301671332931,5.41478158475676,2,5.78808325608969,"Small Below"
"371010411132",5.78808325608969,5.97372423845675,-0.373301671332931,0.558942653699987,"Heat Contribution",5.41478158475676,0.558942653699987,5.97372423845675,3,5.97372423845675,"Small Above"
"371010411132",5.78808325608969,5.97372423845675,-0.373301671332931,0.558942653699987,"CBG Attributable Rate",0,5.97372423845675,5.97372423845675,4,5.97372423845675,"CBG"
"371010413011",5.78808325608969,9.80618026835347,1.79583140108421,2.22226561117956,"RT Summer Avg. Rate",0,5.78808325608969,5.78808325608969,1,5.78808325608969,"Average"
"371010413011",5.78808325608969,9.80618026835347,1.79583140108421,2.22226561117956,"Health Contribution",5.78808325608969,1.79583140108421,7.5839146571739,2,7.5839146571739,"Small Above"
"371010413011",5.78808325608969,9.80618026835347,1.79583140108421,2.22226561117956,"Heat Contribution",7.5839146571739,2.22226561117956,9.80618026835346,3,9.80618026835346,"Large Above"
"371010413011",5.78808325608969,9.80618026835347,1.79583140108421,2.22226561117956,"CBG Attributable Rate",0,9.80618026835347,9.80618026835347,4,9.80618026835347,"CBG"
"371010410014",5.78808325608969,6.66837829975172,0.237097054637767,0.643197989024261,"RT Summer Avg. Rate",0,5.78808325608969,5.78808325608969,1,5.78808325608969,"Average"
"371010410014",5.78808325608969,6.66837829975172,0.237097054637767,0.643197989024261,"Health Contribution",5.78808325608969,0.237097054637767,6.02518031072746,2,6.02518031072746,"Small Above"
"371010410014",5.78808325608969,6.66837829975172,0.237097054637767,0.643197989024261,"Heat Contribution",6.02518031072746,0.643197989024261,6.66837829975172,3,6.66837829975172,"Small Above"
"371010410014",5.78808325608969,6.66837829975172,0.237097054637767,0.643197989024261,"CBG Attributable Rate",0,6.66837829975172,6.66837829975172,4,6.66837829975172,"CBG"
"371010415053",5.78808325608969,8.91353792654933,1.56621082179947,1.55924384866016,"RT Summer Avg. Rate",0,5.78808325608969,5.78808325608969,1,5.78808325608969,"Average"
"371010415053",5.78808325608969,8.91353792654933,1.56621082179947,1.55924384866016,"Health Contribution",5.78808325608969,1.56621082179947,7.35429407788916,2,7.35429407788916,"Small Above"
"371010415053",5.78808325608969,8.91353792654933,1.56621082179947,1.55924384866016,"Heat Contribution",7.35429407788916,1.55924384866016,8.91353792654932,3,8.91353792654932,"Small Above"
"371010415053",5.78808325608969,8.91353792654933,1.56621082179947,1.55924384866016,"CBG Attributable Rate",0,8.91353792654933,8.91353792654933,4,8.91353792654933,"CBG"
"371010402083",5.78808325608969,7.23565666663751,1.16453187800246,0.283041532545359,"RT Summer Avg. Rate",0,5.78808325608969,5.78808325608969,1,5.78808325608969,"Average"
"371010402083",5.78808325608969,7.23565666663751,1.16453187800246,0.283041532545359,"Health Contribution",5.78808325608969,1.16453187800246,6.95261513409215,2,6.95261513409215,"Small Above"
"371010402083",5.78808325608969,7.23565666663751,1.16453187800246,0.283041532545359,"Heat Contribution",6.95261513409215,0.283041532545359,7.23565666663751,3,7.23565666663751,"Small Above"
"371010402083",5.78808325608969,7.23565666663751,1.16453187800246,0.283041532545359,"CBG Attributable Rate",0,7.23565666663751,7.23565666663751,4,7.23565666663751,"CBG"
"371010402092",5.78808325608969,8.67867820922528,2.80475992114447,0.085835031991109,"RT Summer Avg. Rate",0,5.78808325608969,5.78808325608969,1,5.78808325608969,"Average"
"371010402092",5.78808325608969,8.67867820922528,2.80475992114447,0.085835031991109,"Health Contribution",5.78808325608969,2.80475992114447,8.59284317723416,2,8.59284317723416,"Large Above"
"371010402092",5.78808325608969,8.67867820922528,2.80475992114447,0.085835031991109,"Heat Contribution",8.59284317723416,0.085835031991109,8.67867820922527,3,8.67867820922527,"Small Above"
"371010402092",5.78808325608969,8.67867820922528,2.80475992114447,0.085835031991109,"CBG Attributable Rate",0,8.67867820922528,8.67867820922528,4,8.67867820922528,"CBG"
"371010402053",5.78808325608969,7.87263536329039,1.81130072219027,0.273251385010431,"RT Summer Avg. Rate",0,5.78808325608969,5.78808325608969,1,5.78808325608969,"Average"
"371010402053",5.78808325608969,7.87263536329039,1.81130072219027,0.273251385010431,"Health Contribution",5.78808325608969,1.81130072219027,7.59938397827996,2,7.59938397827996,"Small Above"
"371010402053",5.78808325608969,7.87263536329039,1.81130072219027,0.273251385010431,"Heat Contribution",7.59938397827996,0.273251385010431,7.87263536329039,3,7.87263536329039,"Small Above"
"371010402053",5.78808325608969,7.87263536329039,1.81130072219027,0.273251385010431,"CBG Attributable Rate",0,7.87263536329039,7.87263536329039,4,7.87263536329039,"CBG"
"371010402073",5.78808325608969,5.0741016653552,-1.19611391208199,0.482132321347499,"RT Summer Avg. Rate",0,5.78808325608969,5.78808325608969,1,5.78808325608969,"Average"
"371010402073",5.78808325608969,5.0741016653552,-1.19611391208199,0.482132321347499,"Health Contribution",5.78808325608969,-1.19611391208199,4.5919693440077,2,5.78808325608969,"Small Below"
"371010402073",5.78808325608969,5.0741016653552,-1.19611391208199,0.482132321347499,"Heat Contribution",4.5919693440077,0.482132321347499,5.0741016653552,3,5.0741016653552,"Small Above"
"371010402073",5.78808325608969,5.0741016653552,-1.19611391208199,0.482132321347499,"CBG Attributable Rate",0,5.0741016653552,5.0741016653552,4,5.0741016653552,"CBG"
"371010410053",5.78808325608969,7.53302414047698,1.211647136663,0.533293747724283,"RT Summer Avg. Rate",0,5.78808325608969,5.78808325608969,1,5.78808325608969,"Average"
"371010410053",5.78808325608969,7.53302414047698,1.211647136663,0.533293747724283,"Health Contribution",5.78808325608969,1.211647136663,6.99973039275269,2,6.99973039275269,"Small Above"
"371010410053",5.78808325608969,7.53302414047698,1.211647136663,0.533293747724283,"Heat Contribution",6.99973039275269,0.533293747724283,7.53302414047697,3,7.53302414047697,"Small Above"
"371010410053",5.78808325608969,7.53302414047698,1.211647136663,0.533293747724283,"CBG Attributable Rate",0,7.53302414047698,7.53302414047698,4,7.53302414047698,"CBG"
"371010411103",5.78808325608969,6.70850555859531,0.725461079004668,0.194961223500947,"RT Summer Avg. Rate",0,5.78808325608969,5.78808325608969,1,5.78808325608969,"Average"
"371010411103",5.78808325608969,6.70850555859531,0.725461079004668,0.194961223500947,"Health Contribution",5.78808325608969,0.725461079004668,6.51354433509436,2,6.51354433509436,"Small Above"
"371010411103",5.78808325608969,6.70850555859531,0.725461079004668,0.194961223500947,"Heat Contribution",6.51354433509436,0.194961223500947,6.7085055585953,3,6.7085055585953,"Small Above"
"371010411103",5.78808325608969,6.70850555859531,0.725461079004668,0.194961223500947,"CBG Attributable Rate",0,6.70850555859531,6.70850555859531,4,6.70850555859531,"CBG"
"371010411121",5.78808325608969,7.0278345701731,0.761915590281879,0.477835723801526,"RT Summer Avg. Rate",0,5.78808325608969,5.78808325608969,1,5.78808325608969,"Average"
"371010411121",5.78808325608969,7.0278345701731,0.761915590281879,0.477835723801526,"Health Contribution",5.78808325608969,0.761915590281879,6.54999884637157,2,6.54999884637157,"Small Above"
"371010411121",5.78808325608969,7.0278345701731,0.761915590281879,0.477835723801526,"Heat Contribution",6.54999884637157,0.477835723801526,7.02783457017309,3,7.02783457017309,"Small Above"
"371010411121",5.78808325608969,7.0278345701731,0.761915590281879,0.477835723801526,"CBG Attributable Rate",0,7.0278345701731,7.0278345701731,4,7.0278345701731,"CBG"
"371010405014",5.78808325608969,11.0314988898244,2.95298509111152,2.29043054262322,"RT Summer Avg. Rate",0,5.78808325608969,5.78808325608969,1,5.78808325608969,"Average"
"371010405014",5.78808325608969,11.0314988898244,2.95298509111152,2.29043054262322,"Health Contribution",5.78808325608969,2.95298509111152,8.74106834720121,2,8.74106834720121,"Large Above"
"371010405014",5.78808325608969,11.0314988898244,2.95298509111152,2.29043054262322,"Heat Contribution",8.74106834720121,2.29043054262322,11.0314988898244,3,11.0314988898244,"Large Above"
"371010405014",5.78808325608969,11.0314988898244,2.95298509111152,2.29043054262322,"CBG Attributable Rate",0,11.0314988898244,11.0314988898244,4,11.0314988898244,"CBG"
"371010409035",5.78808325608969,6.18127998222254,-0.60689905484529,1.00009578097813,"RT Summer Avg. Rate",0,5.78808325608969,5.78808325608969,1,5.78808325608969,"Average"
"371010409035",5.78808325608969,6.18127998222254,-0.60689905484529,1.00009578097813,"Health Contribution",5.78808325608969,-0.60689905484529,5.1811842012444,2,5.78808325608969,"Small Below"
"371010409035",5.78808325608969,6.18127998222254,-0.60689905484529,1.00009578097813,"Heat Contribution",5.1811842012444,1.00009578097813,6.18127998222253,3,6.18127998222253,"Small Above"
"371010409035",5.78808325608969,6.18127998222254,-0.60689905484529,1.00009578097813,"CBG Attributable Rate",0,6.18127998222254,6.18127998222254,4,6.18127998222254,"CBG"
"371010413022",5.78808325608969,10.9378363647665,2.51378320207958,2.63596990659723,"RT Summer Avg. Rate",0,5.78808325608969,5.78808325608969,1,5.78808325608969,"Average"
"371010413022",5.78808325608969,10.9378363647665,2.51378320207958,2.63596990659723,"Health Contribution",5.78808325608969,2.51378320207958,8.30186645816927,2,8.30186645816927,"Large Above"
"371010413022",5.78808325608969,10.9378363647665,2.51378320207958,2.63596990659723,"Heat Contribution",8.30186645816927,2.63596990659723,10.9378363647665,3,10.9378363647665,"Large Above"
"371010413022",5.78808325608969,10.9378363647665,2.51378320207958,2.63596990659723,"CBG Attributable Rate",0,10.9378363647665,10.9378363647665,4,10.9378363647665,"CBG"
"371010409034",5.78808325608969,5.13284398313697,-1.3463533570503,0.69111408409758,"RT Summer Avg. Rate",0,5.78808325608969,5.78808325608969,1,5.78808325608969,"Average"
"371010409034",5.78808325608969,5.13284398313697,-1.3463533570503,0.69111408409758,"Health Contribution",5.78808325608969,-1.3463533570503,4.44172989903939,2,5.78808325608969,"Small Below"
"371010409034",5.78808325608969,5.13284398313697,-1.3463533570503,0.69111408409758,"Heat Contribution",4.44172989903939,0.69111408409758,5.13284398313697,3,5.13284398313697,"Small Above"
"371010409034",5.78808325608969,5.13284398313697,-1.3463533570503,0.69111408409758,"CBG Attributable Rate",0,5.13284398313697,5.13284398313697,4,5.13284398313697,"CBG"
"371010410051",5.78808325608969,7.90736285373487,1.98679872947212,0.132480868173048,"RT Summer Avg. Rate",0,5.78808325608969,5.78808325608969,1,5.78808325608969,"Average"
"371010410051",5.78808325608969,7.90736285373487,1.98679872947212,0.132480868173048,"Health Contribution",5.78808325608969,1.98679872947212,7.77488198556181,2,7.77488198556181,"Small Above"
"371010410051",5.78808325608969,7.90736285373487,1.98679872947212,0.132480868173048,"Heat Contribution",7.77488198556181,0.132480868173048,7.90736285373486,3,7.90736285373486,"Small Above"
"371010410051",5.78808325608969,7.90736285373487,1.98679872947212,0.132480868173048,"CBG Attributable Rate",0,7.90736285373487,7.90736285373487,4,7.90736285373487,"CBG"
"371010401032",5.78808325608969,7.30105874076743,0.184374774161929,1.3286007105158,"RT Summer Avg. Rate",0,5.78808325608969,5.78808325608969,1,5.78808325608969,"Average"
"371010401032",5.78808325608969,7.30105874076743,0.184374774161929,1.3286007105158,"Health Contribution",5.78808325608969,0.184374774161929,5.97245803025162,2,5.97245803025162,"Small Above"
"371010401032",5.78808325608969,7.30105874076743,0.184374774161929,1.3286007105158,"Heat Contribution",5.97245803025162,1.3286007105158,7.30105874076742,3,7.30105874076742,"Small Above"
"371010401032",5.78808325608969,7.30105874076743,0.184374774161929,1.3286007105158,"CBG Attributable Rate",0,7.30105874076743,7.30105874076743,4,7.30105874076743,"CBG"
"371010415081",5.78808325608969,8.78350136821745,1.99396939189324,1.00144872023451,"RT Summer Avg. Rate",0,5.78808325608969,5.78808325608969,1,5.78808325608969,"Average"
"371010415081",5.78808325608969,8.78350136821745,1.99396939189324,1.00144872023451,"Health Contribution",5.78808325608969,1.99396939189324,7.78205264798293,2,7.78205264798293,"Small Above"
"371010415081",5.78808325608969,8.78350136821745,1.99396939189324,1.00144872023451,"Heat Contribution",7.78205264798293,1.00144872023451,8.78350136821744,3,8.78350136821744,"Small Above"
"371010415081",5.78808325608969,8.78350136821745,1.99396939189324,1.00144872023451,"CBG Attributable Rate",0,8.78350136821745,8.78350136821745,4,8.78350136821745,"CBG"
"371010415082",5.78808325608969,6.95774461239834,0.365042767349981,0.804618588958666,"RT Summer Avg. Rate",0,5.78808325608969,5.78808325608969,1,5.78808325608969,"Average"
"371010415082",5.78808325608969,6.95774461239834,0.365042767349981,0.804618588958666,"Health Contribution",5.78808325608969,0.365042767349981,6.15312602343967,2,6.15312602343967,"Small Above"
"371010415082",5.78808325608969,6.95774461239834,0.365042767349981,0.804618588958666,"Heat Contribution",6.15312602343967,0.804618588958666,6.95774461239834,3,6.95774461239834,"Small Above"
"371010415082",5.78808325608969,6.95774461239834,0.365042767349981,0.804618588958666,"CBG Attributable Rate",0,6.95774461239834,6.95774461239834,4,6.95774461239834,"CBG"
"371010411062",5.78808325608969,8.68130439340185,1.69663052416984,1.19659061314232,"RT Summer Avg. Rate",0,5.78808325608969,5.78808325608969,1,5.78808325608969,"Average"
"371010411062",5.78808325608969,8.68130439340185,1.69663052416984,1.19659061314232,"Health Contribution",5.78808325608969,1.69663052416984,7.48471378025953,2,7.48471378025953,"Small Above"
"371010411062",5.78808325608969,8.68130439340185,1.69663052416984,1.19659061314232,"Heat Contribution",7.48471378025953,1.19659061314232,8.68130439340185,3,8.68130439340185,"Small Above"
"371010411062",5.78808325608969,8.68130439340185,1.69663052416984,1.19659061314232,"CBG Attributable Rate",0,8.68130439340185,8.68130439340185,4,8.68130439340185,"CBG"
"370630013012",5.78808325608969,10.3557663628324,3.67729589150644,0.890387215236301,"RT Summer Avg. Rate",0,5.78808325608969,5.78808325608969,1,5.78808325608969,"Average"
"370630013012",5.78808325608969,10.3557663628324,3.67729589150644,0.890387215236301,"Health Contribution",5.78808325608969,3.67729589150644,9.46537914759613,2,9.46537914759613,"Large Above"
"370630013012",5.78808325608969,10.3557663628324,3.67729589150644,0.890387215236301,"Heat Contribution",9.46537914759613,0.890387215236301,10.3557663628324,3,10.3557663628324,"Small Above"
"370630013012",5.78808325608969,10.3557663628324,3.67729589150644,0.890387215236301,"CBG Attributable Rate",0,10.3557663628324,10.3557663628324,4,10.3557663628324,"CBG"
"370630023001",5.78808325608969,9.57260258268408,2.76246170240957,1.02205762418481,"RT Summer Avg. Rate",0,5.78808325608969,5.78808325608969,1,5.78808325608969,"Average"
"370630023001",5.78808325608969,9.57260258268408,2.76246170240957,1.02205762418481,"Health Contribution",5.78808325608969,2.76246170240957,8.55054495849926,2,8.55054495849926,"Large Above"
"370630023001",5.78808325608969,9.57260258268408,2.76246170240957,1.02205762418481,"Heat Contribution",8.55054495849926,1.02205762418481,9.57260258268407,3,9.57260258268407,"Small Above"
"370630023001",5.78808325608969,9.57260258268408,2.76246170240957,1.02205762418481,"CBG Attributable Rate",0,9.57260258268408,9.57260258268408,4,9.57260258268408,"CBG"
"370630013011",5.78808325608969,8.80267161977888,2.08280226843138,0.931786095257797,"RT Summer Avg. Rate",0,5.78808325608969,5.78808325608969,1,5.78808325608969,"Average"
"370630013011",5.78808325608969,8.80267161977888,2.08280226843138,0.931786095257797,"Health Contribution",5.78808325608969,2.08280226843138,7.87088552452107,2,7.87088552452107,"Large Above"
"370630013011",5.78808325608969,8.80267161977888,2.08280226843138,0.931786095257797,"Heat Contribution",7.87088552452107,0.931786095257797,8.80267161977887,3,8.80267161977887,"Small Above"
"370630013011",5.78808325608969,8.80267161977888,2.08280226843138,0.931786095257797,"CBG Attributable Rate",0,8.80267161977888,8.80267161977888,4,8.80267161977888,"CBG"
"371010404004",5.78808325608969,8.60852343806271,1.13185095566246,1.68858922631056,"RT Summer Avg. Rate",0,5.78808325608969,5.78808325608969,1,5.78808325608969,"Average"
"371010404004",5.78808325608969,8.60852343806271,1.13185095566246,1.68858922631056,"Health Contribution",5.78808325608969,1.13185095566246,6.91993421175215,2,6.91993421175215,"Small Above"
"371010404004",5.78808325608969,8.60852343806271,1.13185095566246,1.68858922631056,"Heat Contribution",6.91993421175215,1.68858922631056,8.60852343806271,3,8.60852343806271,"Small Above"
"371010404004",5.78808325608969,8.60852343806271,1.13185095566246,1.68858922631056,"CBG Attributable Rate",0,8.60852343806271,8.60852343806271,4,8.60852343806271,"CBG"
"371010408002",5.78808325608969,9.82137436623723,1.91488040476588,2.11841070538166,"RT Summer Avg. Rate",0,5.78808325608969,5.78808325608969,1,5.78808325608969,"Average"
"371010408002",5.78808325608969,9.82137436623723,1.91488040476588,2.11841070538166,"Health Contribution",5.78808325608969,1.91488040476588,7.70296366085557,2,7.70296366085557,"Small Above"
"371010408002",5.78808325608969,9.82137436623723,1.91488040476588,2.11841070538166,"Heat Contribution",7.70296366085557,2.11841070538166,9.82137436623723,3,9.82137436623723,"Large Above"
"371010408002",5.78808325608969,9.82137436623723,1.91488040476588,2.11841070538166,"CBG Attributable Rate",0,9.82137436623723,9.82137436623723,4,9.82137436623723,"CBG"
"371010415093",5.78808325608969,7.82675884993532,0.714838337692919,1.3238372561527,"RT Summer Avg. Rate",0,5.78808325608969,5.78808325608969,1,5.78808325608969,"Average"
"371010415093",5.78808325608969,7.82675884993532,0.714838337692919,1.3238372561527,"Health Contribution",5.78808325608969,0.714838337692919,6.50292159378261,2,6.50292159378261,"Small Above"
"371010415093",5.78808325608969,7.82675884993532,0.714838337692919,1.3238372561527,"Heat Contribution",6.50292159378261,1.3238372561527,7.82675884993531,3,7.82675884993531,"Small Above"
"371010415093",5.78808325608969,7.82675884993532,0.714838337692919,1.3238372561527,"CBG Attributable Rate",0,7.82675884993532,7.82675884993532,4,7.82675884993532,"CBG"
"371010411041",5.78808325608969,6.63608932288749,0.383096448275852,0.464909618521946,"RT Summer Avg. Rate",0,5.78808325608969,5.78808325608969,1,5.78808325608969,"Average"
"371010411041",5.78808325608969,6.63608932288749,0.383096448275852,0.464909618521946,"Health Contribution",5.78808325608969,0.383096448275852,6.17117970436554,2,6.17117970436554,"Small Above"
"371010411041",5.78808325608969,6.63608932288749,0.383096448275852,0.464909618521946,"Heat Contribution",6.17117970436554,0.464909618521946,6.63608932288749,3,6.63608932288749,"Small Above"
"371010411041",5.78808325608969,6.63608932288749,0.383096448275852,0.464909618521946,"CBG Attributable Rate",0,6.63608932288749,6.63608932288749,4,6.63608932288749,"CBG"
"371010409031",5.78808325608969,7.99755889116168,1.23086559430962,0.978610040762366,"RT Summer Avg. Rate",0,5.78808325608969,5.78808325608969,1,5.78808325608969,"Average"
"371010409031",5.78808325608969,7.99755889116168,1.23086559430962,0.978610040762366,"Health Contribution",5.78808325608969,1.23086559430962,7.01894885039931,2,7.01894885039931,"Small Above"
"371010409031",5.78808325608969,7.99755889116168,1.23086559430962,0.978610040762366,"Heat Contribution",7.01894885039931,0.978610040762366,7.99755889116168,3,7.99755889116168,"Small Above"
"371010409031",5.78808325608969,7.99755889116168,1.23086559430962,0.978610040762366,"CBG Attributable Rate",0,7.99755889116168,7.99755889116168,4,7.99755889116168,"CBG"
"371010402074",5.78808325608969,5.81851374719115,-0.715509128328659,0.745939619430117,"RT Summer Avg. Rate",0,5.78808325608969,5.78808325608969,1,5.78808325608969,"Average"
"371010402074",5.78808325608969,5.81851374719115,-0.715509128328659,0.745939619430117,"Health Contribution",5.78808325608969,-0.715509128328659,5.07257412776103,2,5.78808325608969,"Small Below"
"371010402074",5.78808325608969,5.81851374719115,-0.715509128328659,0.745939619430117,"Heat Contribution",5.07257412776103,0.745939619430117,5.81851374719115,3,5.81851374719115,"Small Above"
"371010402074",5.78808325608969,5.81851374719115,-0.715509128328659,0.745939619430117,"CBG Attributable Rate",0,5.81851374719115,5.81851374719115,4,5.81851374719115,"CBG"
"371010403041",5.78808325608969,9.08218145424114,2.21290949854732,1.08118869960413,"RT Summer Avg. Rate",0,5.78808325608969,5.78808325608969,1,5.78808325608969,"Average"
"371010403041",5.78808325608969,9.08218145424114,2.21290949854732,1.08118869960413,"Health Contribution",5.78808325608969,2.21290949854732,8.00099275463701,2,8.00099275463701,"Large Above"
"371010403041",5.78808325608969,9.08218145424114,2.21290949854732,1.08118869960413,"Heat Contribution",8.00099275463701,1.08118869960413,9.08218145424114,3,9.08218145424114,"Small Above"
"371010403041",5.78808325608969,9.08218145424114,2.21290949854732,1.08118869960413,"CBG Attributable Rate",0,9.08218145424114,9.08218145424114,4,9.08218145424114,"CBG"
"371010403042",5.78808325608969,9.47527043335568,2.55839999182357,1.12878718544241,"RT Summer Avg. Rate",0,5.78808325608969,5.78808325608969,1,5.78808325608969,"Average"
"371010403042",5.78808325608969,9.47527043335568,2.55839999182357,1.12878718544241,"Health Contribution",5.78808325608969,2.55839999182357,8.34648324791326,2,8.34648324791326,"Large Above"
"371010403042",5.78808325608969,9.47527043335568,2.55839999182357,1.12878718544241,"Heat Contribution",8.34648324791326,1.12878718544241,9.47527043335567,3,9.47527043335567,"Small Above"
"371010403042",5.78808325608969,9.47527043335568,2.55839999182357,1.12878718544241,"CBG Attributable Rate",0,9.47527043335568,9.47527043335568,4,9.47527043335568,"CBG"
"371010409041",5.78808325608969,10.9778492278284,3.39892985690925,1.79083611482946,"RT Summer Avg. Rate",0,5.78808325608969,5.78808325608969,1,5.78808325608969,"Average"
"371010409041",5.78808325608969,10.9778492278284,3.39892985690925,1.79083611482946,"Health Contribution",5.78808325608969,3.39892985690925,9.18701311299894,2,9.18701311299894,"Large Above"
"371010409041",5.78808325608969,10.9778492278284,3.39892985690925,1.79083611482946,"Heat Contribution",9.18701311299894,1.79083611482946,10.9778492278284,3,10.9778492278284,"Small Above"
"371010409041",5.78808325608969,10.9778492278284,3.39892985690925,1.79083611482946,"CBG Attributable Rate",0,10.9778492278284,10.9778492278284,4,10.9778492278284,"CBG"
"371010403034",5.78808325608969,10.1726523112481,2.45496064952425,1.92960840563412,"RT Summer Avg. Rate",0,5.78808325608969,5.78808325608969,1,5.78808325608969,"Average"
"371010403034",5.78808325608969,10.1726523112481,2.45496064952425,1.92960840563412,"Health Contribution",5.78808325608969,2.45496064952425,8.24304390561394,2,8.24304390561394,"Large Above"
"371010403034",5.78808325608969,10.1726523112481,2.45496064952425,1.92960840563412,"Heat Contribution",8.24304390561394,1.92960840563412,10.1726523112481,3,10.1726523112481,"Small Above"
"371010403034",5.78808325608969,10.1726523112481,2.45496064952425,1.92960840563412,"CBG Attributable Rate",0,10.1726523112481,10.1726523112481,4,10.1726523112481,"CBG"
"371010403032",5.78808325608969,9.34830765325979,1.59434391628013,1.96588048088996,"RT Summer Avg. Rate",0,5.78808325608969,5.78808325608969,1,5.78808325608969,"Average"
"371010403032",5.78808325608969,9.34830765325979,1.59434391628013,1.96588048088996,"Health Contribution",5.78808325608969,1.59434391628013,7.38242717236982,2,7.38242717236982,"Small Above"
"371010403032",5.78808325608969,9.34830765325979,1.59434391628013,1.96588048088996,"Heat Contribution",7.38242717236982,1.96588048088996,9.34830765325978,3,9.34830765325978,"Small Above"
"371010403032",5.78808325608969,9.34830765325979,1.59434391628013,1.96588048088996,"CBG Attributable Rate",0,9.34830765325979,9.34830765325979,4,9.34830765325979,"CBG"
"371010402093",5.78808325608969,7.50655142719173,1.80207396021925,-0.0836057891172101,"RT Summer Avg. Rate",0,5.78808325608969,5.78808325608969,1,5.78808325608969,"Average"
"371010402093",5.78808325608969,7.50655142719173,1.80207396021925,-0.0836057891172101,"Health Contribution",5.78808325608969,1.80207396021925,7.59015721630894,2,7.59015721630894,"Small Above"
"371010402093",5.78808325608969,7.50655142719173,1.80207396021925,-0.0836057891172101,"Heat Contribution",7.59015721630894,-0.0836057891172101,7.50655142719173,3,7.59015721630894,"Small Below"
"371010402093",5.78808325608969,7.50655142719173,1.80207396021925,-0.0836057891172101,"CBG Attributable Rate",0,7.50655142719173,7.50655142719173,4,7.50655142719173,"CBG"
"371010412061",5.78808325608969,12.3709122673777,4.5249819237282,2.05784708755981,"RT Summer Avg. Rate",0,5.78808325608969,5.78808325608969,1,5.78808325608969,"Average"
"371010412061",5.78808325608969,12.3709122673777,4.5249819237282,2.05784708755981,"Health Contribution",5.78808325608969,4.5249819237282,10.3130651798179,2,10.3130651798179,"Large Above"
"371010412061",5.78808325608969,12.3709122673777,4.5249819237282,2.05784708755981,"Heat Contribution",10.3130651798179,2.05784708755981,12.3709122673777,3,12.3709122673777,"Large Above"
"371010412061",5.78808325608969,12.3709122673777,4.5249819237282,2.05784708755981,"CBG Attributable Rate",0,12.3709122673777,12.3709122673777,4,12.3709122673777,"CBG"
"371010415054",5.78808325608969,10.4730590960882,2.83464712585542,1.85032871414312,"RT Summer Avg. Rate",0,5.78808325608969,5.78808325608969,1,5.78808325608969,"Average"
"371010415054",5.78808325608969,10.4730590960882,2.83464712585542,1.85032871414312,"Health Contribution",5.78808325608969,2.83464712585542,8.62273038194511,2,8.62273038194511,"Large Above"
"371010415054",5.78808325608969,10.4730590960882,2.83464712585542,1.85032871414312,"Heat Contribution",8.62273038194511,1.85032871414312,10.4730590960882,3,10.4730590960882,"Small Above"
"371010415054",5.78808325608969,10.4730590960882,2.83464712585542,1.85032871414312,"CBG Attributable Rate",0,10.4730590960882,10.4730590960882,4,10.4730590960882,"CBG"
"371010412041",5.78808325608969,10.5059415686104,2.48406696870363,2.23379134381706,"RT Summer Avg. Rate",0,5.78808325608969,5.78808325608969,1,5.78808325608969,"Average"
"371010412041",5.78808325608969,10.5059415686104,2.48406696870363,2.23379134381706,"Health Contribution",5.78808325608969,2.48406696870363,8.27215022479332,2,8.27215022479332,"Large Above"
"371010412041",5.78808325608969,10.5059415686104,2.48406696870363,2.23379134381706,"Heat Contribution",8.27215022479332,2.23379134381706,10.5059415686104,3,10.5059415686104,"Large Above"
"371010412041",5.78808325608969,10.5059415686104,2.48406696870363,2.23379134381706,"CBG Attributable Rate",0,10.5059415686104,10.5059415686104,4,10.5059415686104,"CBG"
"371010412052",5.78808325608969,10.34859156316,2.59071670738034,1.96979159968997,"RT Summer Avg. Rate",0,5.78808325608969,5.78808325608969,1,5.78808325608969,"Average"
"371010412052",5.78808325608969,10.34859156316,2.59071670738034,1.96979159968997,"Health Contribution",5.78808325608969,2.59071670738034,8.37879996347003,2,8.37879996347003,"Large Above"
"371010412052",5.78808325608969,10.34859156316,2.59071670738034,1.96979159968997,"Heat Contribution",8.37879996347003,1.96979159968997,10.34859156316,3,10.34859156316,"Small Above"
"371010412052",5.78808325608969,10.34859156316,2.59071670738034,1.96979159968997,"CBG Attributable Rate",0,10.34859156316,10.34859156316,4,10.34859156316,"CBG"
"371010414012",5.78808325608969,11.1141619141627,2.95510402343502,2.37097463463798,"RT Summer Avg. Rate",0,5.78808325608969,5.78808325608969,1,5.78808325608969,"Average"
"371010414012",5.78808325608969,11.1141619141627,2.95510402343502,2.37097463463798,"Health Contribution",5.78808325608969,2.95510402343502,8.74318727952471,2,8.74318727952471,"Large Above"
"371010414012",5.78808325608969,11.1141619141627,2.95510402343502,2.37097463463798,"Heat Contribution",8.74318727952471,2.37097463463798,11.1141619141627,3,11.1141619141627,"Large Above"
"371010414012",5.78808325608969,11.1141619141627,2.95510402343502,2.37097463463798,"CBG Attributable Rate",0,11.1141619141627,11.1141619141627,4,11.1141619141627,"CBG"
"371010412042",5.78808325608969,11.0414530789544,3.0025611360445,2.25080868682019,"RT Summer Avg. Rate",0,5.78808325608969,5.78808325608969,1,5.78808325608969,"Average"
"371010412042",5.78808325608969,11.0414530789544,3.0025611360445,2.25080868682019,"Health Contribution",5.78808325608969,3.0025611360445,8.79064439213419,2,8.79064439213419,"Large Above"
"371010412042",5.78808325608969,11.0414530789544,3.0025611360445,2.25080868682019,"Heat Contribution",8.79064439213419,2.25080868682019,11.0414530789544,3,11.0414530789544,"Large Above"
"371010412042",5.78808325608969,11.0414530789544,3.0025611360445,2.25080868682019,"CBG Attributable Rate",0,11.0414530789544,11.0414530789544,4,11.0414530789544,"CBG"
"371010414011",5.78808325608969,12.0230446558137,3.59539434032628,2.6395670593977,"RT Summer Avg. Rate",0,5.78808325608969,5.78808325608969,1,5.78808325608969,"Average"
"371010414011",5.78808325608969,12.0230446558137,3.59539434032628,2.6395670593977,"Health Contribution",5.78808325608969,3.59539434032628,9.38347759641597,2,9.38347759641597,"Large Above"
"371010414011",5.78808325608969,12.0230446558137,3.59539434032628,2.6395670593977,"Heat Contribution",9.38347759641597,2.6395670593977,12.0230446558137,3,12.0230446558137,"Large Above"
"371010414011",5.78808325608969,12.0230446558137,3.59539434032628,2.6395670593977,"CBG Attributable Rate",0,12.0230446558137,12.0230446558137,4,12.0230446558137,"CBG"
"371010412032",5.78808325608969,9.82322433133439,2.02757241795385,2.00756865729084,"RT Summer Avg. Rate",0,5.78808325608969,5.78808325608969,1,5.78808325608969,"Average"
"371010412032",5.78808325608969,9.82322433133439,2.02757241795385,2.00756865729084,"Health Contribution",5.78808325608969,2.02757241795385,7.81565567404354,2,7.81565567404354,"Large Above"
"371010412032",5.78808325608969,9.82322433133439,2.02757241795385,2.00756865729084,"Heat Contribution",7.81565567404354,2.00756865729084,9.82322433133438,3,9.82322433133438,"Large Above"
"371010412032",5.78808325608969,9.82322433133439,2.02757241795385,2.00756865729084,"CBG Attributable Rate",0,9.82322433133439,9.82322433133439,4,9.82322433133439,"CBG"
"371010412031",5.78808325608969,11.1546506634564,2.84934788152417,2.51721952584251,"RT Summer Avg. Rate",0,5.78808325608969,5.78808325608969,1,5.78808325608969,"Average"
"371010412031",5.78808325608969,11.1546506634564,2.84934788152417,2.51721952584251,"Health Contribution",5.78808325608969,2.84934788152417,8.63743113761386,2,8.63743113761386,"Large Above"
"371010412031",5.78808325608969,11.1546506634564,2.84934788152417,2.51721952584251,"Heat Contribution",8.63743113761386,2.51721952584251,11.1546506634564,3,11.1546506634564,"Large Above"
"371010412031",5.78808325608969,11.1546506634564,2.84934788152417,2.51721952584251,"CBG Attributable Rate",0,11.1546506634564,11.1546506634564,4,11.1546506634564,"CBG"
"371010412051",5.78808325608969,12.3746732629965,3.91922732132739,2.66736268557938,"RT Summer Avg. Rate",0,5.78808325608969,5.78808325608969,1,5.78808325608969,"Average"
"371010412051",5.78808325608969,12.3746732629965,3.91922732132739,2.66736268557938,"Health Contribution",5.78808325608969,3.91922732132739,9.70731057741708,2,9.70731057741708,"Large Above"
"371010412051",5.78808325608969,12.3746732629965,3.91922732132739,2.66736268557938,"Heat Contribution",9.70731057741708,2.66736268557938,12.3746732629965,3,12.3746732629965,"Large Above"
"371010412051",5.78808325608969,12.3746732629965,3.91922732132739,2.66736268557938,"CBG Attributable Rate",0,12.3746732629965,12.3746732629965,4,12.3746732629965,"CBG"
"371010412062",5.78808325608969,9.0429007831472,1.17641556898026,2.07840195807725,"RT Summer Avg. Rate",0,5.78808325608969,5.78808325608969,1,5.78808325608969,"Average"
"371010412062",5.78808325608969,9.0429007831472,1.17641556898026,2.07840195807725,"Health Contribution",5.78808325608969,1.17641556898026,6.96449882506995,2,6.96449882506995,"Small Above"
"371010412062",5.78808325608969,9.0429007831472,1.17641556898026,2.07840195807725,"Heat Contribution",6.96449882506995,2.07840195807725,9.0429007831472,3,9.0429007831472,"Large Above"
"371010412062",5.78808325608969,9.0429007831472,1.17641556898026,2.07840195807725,"CBG Attributable Rate",0,9.0429007831472,9.0429007831472,4,9.0429007831472,"CBG"
"371010415051",5.78808325608969,8.02990146542517,0.875660081303621,1.36615812803185,"RT Summer Avg. Rate",0,5.78808325608969,5.78808325608969,1,5.78808325608969,"Average"
"371010415051",5.78808325608969,8.02990146542517,0.875660081303621,1.36615812803185,"Health Contribution",5.78808325608969,0.875660081303621,6.66374333739331,2,6.66374333739331,"Small Above"
"371010415051",5.78808325608969,8.02990146542517,0.875660081303621,1.36615812803185,"Heat Contribution",6.66374333739331,1.36615812803185,8.02990146542516,3,8.02990146542516,"Small Above"
"371010415051",5.78808325608969,8.02990146542517,0.875660081303621,1.36615812803185,"CBG Attributable Rate",0,8.02990146542517,8.02990146542517,4,8.02990146542517,"CBG"
"371010413023",5.78808325608969,11.1513013005744,2.77748714738226,2.58573089710246,"RT Summer Avg. Rate",0,5.78808325608969,5.78808325608969,1,5.78808325608969,"Average"
"371010413023",5.78808325608969,11.1513013005744,2.77748714738226,2.58573089710246,"Health Contribution",5.78808325608969,2.77748714738226,8.56557040347195,2,8.56557040347195,"Large Above"
"371010413023",5.78808325608969,11.1513013005744,2.77748714738226,2.58573089710246,"Heat Contribution",8.56557040347195,2.58573089710246,11.1513013005744,3,11.1513013005744,"Large Above"
"371010413023",5.78808325608969,11.1513013005744,2.77748714738226,2.58573089710246,"CBG Attributable Rate",0,11.1513013005744,11.1513013005744,4,11.1513013005744,"CBG"
"371010406001",5.78808325608969,12.5786382554894,4.24291104790477,2.54764395149493,"RT Summer Avg. Rate",0,5.78808325608969,5.78808325608969,1,5.78808325608969,"Average"
"371010406001",5.78808325608969,12.5786382554894,4.24291104790477,2.54764395149493,"Health Contribution",5.78808325608969,4.24291104790477,10.0309943039945,2,10.0309943039945,"Large Above"
"371010406001",5.78808325608969,12.5786382554894,4.24291104790477,2.54764395149493,"Heat Contribution",10.0309943039945,2.54764395149493,12.5786382554894,3,12.5786382554894,"Large Above"
"371010406001",5.78808325608969,12.5786382554894,4.24291104790477,2.54764395149493,"CBG Attributable Rate",0,12.5786382554894,12.5786382554894,4,12.5786382554894,"CBG"
"371010414023",5.78808325608969,17.2516610395457,7.4449255582081,4.01865222524792,"RT Summer Avg. Rate",0,5.78808325608969,5.78808325608969,1,5.78808325608969,"Average"
"371010414023",5.78808325608969,17.2516610395457,7.4449255582081,4.01865222524792,"Health Contribution",5.78808325608969,7.4449255582081,13.2330088142978,2,13.2330088142978,"Large Above"
"371010414023",5.78808325608969,17.2516610395457,7.4449255582081,4.01865222524792,"Heat Contribution",13.2330088142978,4.01865222524792,17.2516610395457,3,17.2516610395457,"Large Above"
"371010414023",5.78808325608969,17.2516610395457,7.4449255582081,4.01865222524792,"CBG Attributable Rate",0,17.2516610395457,17.2516610395457,4,17.2516610395457,"CBG"
"371010409051",5.78808325608969,14.3736546407015,5.8386934779475,2.74687790666429,"RT Summer Avg. Rate",0,5.78808325608969,5.78808325608969,1,5.78808325608969,"Average"
"371010409051",5.78808325608969,14.3736546407015,5.8386934779475,2.74687790666429,"Health Contribution",5.78808325608969,5.8386934779475,11.6267767340372,2,11.6267767340372,"Large Above"
"371010409051",5.78808325608969,14.3736546407015,5.8386934779475,2.74687790666429,"Heat Contribution",11.6267767340372,2.74687790666429,14.3736546407015,3,14.3736546407015,"Large Above"
"371010409051",5.78808325608969,14.3736546407015,5.8386934779475,2.74687790666429,"CBG Attributable Rate",0,14.3736546407015,14.3736546407015,4,14.3736546407015,"CBG"
"371010409042",5.78808325608969,12.580372853069,4.26550216634882,2.52678743063052,"RT Summer Avg. Rate",0,5.78808325608969,5.78808325608969,1,5.78808325608969,"Average"
"371010409042",5.78808325608969,12.580372853069,4.26550216634882,2.52678743063052,"Health Contribution",5.78808325608969,4.26550216634882,10.0535854224385,2,10.0535854224385,"Large Above"
"371010409042",5.78808325608969,12.580372853069,4.26550216634882,2.52678743063052,"Heat Contribution",10.0535854224385,2.52678743063052,12.580372853069,3,12.580372853069,"Large Above"
"371010409042",5.78808325608969,12.580372853069,4.26550216634882,2.52678743063052,"CBG Attributable Rate",0,12.580372853069,12.580372853069,4,12.580372853069,"CBG"
"371010411101",5.78808325608969,6.23658089451812,-0.188417813921017,0.636915452349439,"RT Summer Avg. Rate",0,5.78808325608969,5.78808325608969,1,5.78808325608969,"Average"
"371010411101",5.78808325608969,6.23658089451812,-0.188417813921017,0.636915452349439,"Health Contribution",5.78808325608969,-0.188417813921017,5.59966544216867,2,5.78808325608969,"Small Below"
"371010411101",5.78808325608969,6.23658089451812,-0.188417813921017,0.636915452349439,"Heat Contribution",5.59966544216867,0.636915452349439,6.23658089451811,3,6.23658089451811,"Small Above"
"371010411101",5.78808325608969,6.23658089451812,-0.188417813921017,0.636915452349439,"CBG Attributable Rate",0,6.23658089451812,6.23658089451812,4,6.23658089451812,"CBG"
"371010403014",5.78808325608969,9.31642324050205,2.19483335079221,1.33350663362014,"RT Summer Avg. Rate",0,5.78808325608969,5.78808325608969,1,5.78808325608969,"Average"
"371010403014",5.78808325608969,9.31642324050205,2.19483335079221,1.33350663362014,"Health Contribution",5.78808325608969,2.19483335079221,7.9829166068819,2,7.9829166068819,"Large Above"
"371010403014",5.78808325608969,9.31642324050205,2.19483335079221,1.33350663362014,"Heat Contribution",7.9829166068819,1.33350663362014,9.31642324050204,3,9.31642324050204,"Small Above"
"371010403014",5.78808325608969,9.31642324050205,2.19483335079221,1.33350663362014,"CBG Attributable Rate",0,9.31642324050205,9.31642324050205,4,9.31642324050205,"CBG"
"371010405012",5.78808325608969,12.194950502761,3.62089728728057,2.7859699593907,"RT Summer Avg. Rate",0,5.78808325608969,5.78808325608969,1,5.78808325608969,"Average"
"371010405012",5.78808325608969,12.194950502761,3.62089728728057,2.7859699593907,"Health Contribution",5.78808325608969,3.62089728728057,9.40898054337026,2,9.40898054337026,"Large Above"
"371010405012",5.78808325608969,12.194950502761,3.62089728728057,2.7859699593907,"Heat Contribution",9.40898054337026,2.7859699593907,12.194950502761,3,12.194950502761,"Large Above"
"371010405012",5.78808325608969,12.194950502761,3.62089728728057,2.7859699593907,"CBG Attributable Rate",0,12.194950502761,12.194950502761,4,12.194950502761,"CBG"
"371010415091",5.78808325608969,9.76499388976076,2.15116790297423,1.82574273069683,"RT Summer Avg. Rate",0,5.78808325608969,5.78808325608969,1,5.78808325608969,"Average"
"371010415091",5.78808325608969,9.76499388976076,2.15116790297423,1.82574273069683,"Health Contribution",5.78808325608969,2.15116790297423,7.93925115906392,2,7.93925115906392,"Large Above"
"371010415091",5.78808325608969,9.76499388976076,2.15116790297423,1.82574273069683,"Heat Contribution",7.93925115906392,1.82574273069683,9.76499388976075,3,9.76499388976075,"Small Above"
"371010415091",5.78808325608969,9.76499388976076,2.15116790297423,1.82574273069683,"CBG Attributable Rate",0,9.76499388976076,9.76499388976076,4,9.76499388976076,"CBG"
"371010414025",5.78808325608969,11.5486897042382,3.92363474739304,1.83697170075543,"RT Summer Avg. Rate",0,5.78808325608969,5.78808325608969,1,5.78808325608969,"Average"
"371010414025",5.78808325608969,11.5486897042382,3.92363474739304,1.83697170075543,"Health Contribution",5.78808325608969,3.92363474739304,9.71171800348273,2,9.71171800348273,"Large Above"
"371010414025",5.78808325608969,11.5486897042382,3.92363474739304,1.83697170075543,"Heat Contribution",9.71171800348273,1.83697170075543,11.5486897042382,3,11.5486897042382,"Small Above"
"371010414025",5.78808325608969,11.5486897042382,3.92363474739304,1.83697170075543,"CBG Attributable Rate",0,11.5486897042382,11.5486897042382,4,11.5486897042382,"CBG"
"371010410042",5.78808325608969,7.0707566570989,0.76277512744919,0.519898273560019,"RT Summer Avg. Rate",0,5.78808325608969,5.78808325608969,1,5.78808325608969,"Average"
"371010410042",5.78808325608969,7.0707566570989,0.76277512744919,0.519898273560019,"Health Contribution",5.78808325608969,0.76277512744919,6.55085838353888,2,6.55085838353888,"Small Above"
"371010410042",5.78808325608969,7.0707566570989,0.76277512744919,0.519898273560019,"Heat Contribution",6.55085838353888,0.519898273560019,7.0707566570989,3,7.0707566570989,"Small Above"
"371010410042",5.78808325608969,7.0707566570989,0.76277512744919,0.519898273560019,"CBG Attributable Rate",0,7.0707566570989,7.0707566570989,4,7.0707566570989,"CBG"
"371010402051",5.78808325608969,6.55857392852728,0.804499917214211,-0.0340092447766249,"RT Summer Avg. Rate",0,5.78808325608969,5.78808325608969,1,5.78808325608969,"Average"
"371010402051",5.78808325608969,6.55857392852728,0.804499917214211,-0.0340092447766249,"Health Contribution",5.78808325608969,0.804499917214211,6.5925831733039,2,6.5925831733039,"Small Above"
"371010402051",5.78808325608969,6.55857392852728,0.804499917214211,-0.0340092447766249,"Heat Contribution",6.5925831733039,-0.0340092447766249,6.55857392852728,3,6.5925831733039,"Small Below"
"371010402051",5.78808325608969,6.55857392852728,0.804499917214211,-0.0340092447766249,"CBG Attributable Rate",0,6.55857392852728,6.55857392852728,4,6.55857392852728,"CBG"
"371010415074",5.78808325608969,9.01058732528232,2.19467853491081,1.02782553428182,"RT Summer Avg. Rate",0,5.78808325608969,5.78808325608969,1,5.78808325608969,"Average"
"371010415074",5.78808325608969,9.01058732528232,2.19467853491081,1.02782553428182,"Health Contribution",5.78808325608969,2.19467853491081,7.9827617910005,2,7.9827617910005,"Large Above"
"371010415074",5.78808325608969,9.01058732528232,2.19467853491081,1.02782553428182,"Heat Contribution",7.9827617910005,1.02782553428182,9.01058732528232,3,9.01058732528232,"Small Above"
"371010415074",5.78808325608969,9.01058732528232,2.19467853491081,1.02782553428182,"CBG Attributable Rate",0,9.01058732528232,9.01058732528232,4,9.01058732528232,"CBG"
"371010415061",5.78808325608969,8.79047268111233,1.53488892734128,1.46750049768136,"RT Summer Avg. Rate",0,5.78808325608969,5.78808325608969,1,5.78808325608969,"Average"
"371010415061",5.78808325608969,8.79047268111233,1.53488892734128,1.46750049768136,"Health Contribution",5.78808325608969,1.53488892734128,7.32297218343097,2,7.32297218343097,"Small Above"
"371010415061",5.78808325608969,8.79047268111233,1.53488892734128,1.46750049768136,"Heat Contribution",7.32297218343097,1.46750049768136,8.79047268111233,3,8.79047268111233,"Small Above"
"371010415061",5.78808325608969,8.79047268111233,1.53488892734128,1.46750049768136,"CBG Attributable Rate",0,8.79047268111233,8.79047268111233,4,8.79047268111233,"CBG"
"371010411051",5.78808325608969,8.12804868848922,1.69879593711001,0.641169495289516,"RT Summer Avg. Rate",0,5.78808325608969,5.78808325608969,1,5.78808325608969,"Average"
"371010411051",5.78808325608969,8.12804868848922,1.69879593711001,0.641169495289516,"Health Contribution",5.78808325608969,1.69879593711001,7.4868791931997,2,7.4868791931997,"Small Above"
"371010411051",5.78808325608969,8.12804868848922,1.69879593711001,0.641169495289516,"Heat Contribution",7.4868791931997,0.641169495289516,8.12804868848922,3,8.12804868848922,"Small Above"
"371010411051",5.78808325608969,8.12804868848922,1.69879593711001,0.641169495289516,"CBG Attributable Rate",0,8.12804868848922,8.12804868848922,4,8.12804868848922,"CBG"
"371010411082",5.78808325608969,7.48093173263836,0.635366862222588,1.05748161432608,"RT Summer Avg. Rate",0,5.78808325608969,5.78808325608969,1,5.78808325608969,"Average"
"371010411082",5.78808325608969,7.48093173263836,0.635366862222588,1.05748161432608,"Health Contribution",5.78808325608969,0.635366862222588,6.42345011831228,2,6.42345011831228,"Small Above"
"371010411082",5.78808325608969,7.48093173263836,0.635366862222588,1.05748161432608,"Heat Contribution",6.42345011831228,1.05748161432608,7.48093173263836,3,7.48093173263836,"Small Above"
"371010411082",5.78808325608969,7.48093173263836,0.635366862222588,1.05748161432608,"CBG Attributable Rate",0,7.48093173263836,7.48093173263836,4,7.48093173263836,"CBG"
"371010411072",5.78808325608969,7.2751081186014,0.665036660397389,0.821988202114313,"RT Summer Avg. Rate",0,5.78808325608969,5.78808325608969,1,5.78808325608969,"Average"
"371010411072",5.78808325608969,7.2751081186014,0.665036660397389,0.821988202114313,"Health Contribution",5.78808325608969,0.665036660397389,6.45311991648708,2,6.45311991648708,"Small Above"
"371010411072",5.78808325608969,7.2751081186014,0.665036660397389,0.821988202114313,"Heat Contribution",6.45311991648708,0.821988202114313,7.27510811860139,3,7.27510811860139,"Small Above"
"371010411072",5.78808325608969,7.2751081186014,0.665036660397389,0.821988202114313,"CBG Attributable Rate",0,7.2751081186014,7.2751081186014,4,7.2751081186014,"CBG"
"370370204024",5.78808325608969,4.28470091168385,-0.225187832054497,-1.27819451235135,"RT Summer Avg. Rate",0,5.78808325608969,5.78808325608969,1,5.78808325608969,"Average"
"370370204024",5.78808325608969,4.28470091168385,-0.225187832054497,-1.27819451235135,"Health Contribution",5.78808325608969,-0.225187832054497,5.56289542403519,2,5.78808325608969,"Small Below"
"370370204024",5.78808325608969,4.28470091168385,-0.225187832054497,-1.27819451235135,"Heat Contribution",5.56289542403519,-1.27819451235135,4.28470091168384,3,5.56289542403519,"Small Below"
"370370204024",5.78808325608969,4.28470091168385,-0.225187832054497,-1.27819451235135,"CBG Attributable Rate",0,4.28470091168385,4.28470091168385,4,4.28470091168385,"CBG"
"370370204014",5.78808325608969,4.45407788840679,0.435670135108667,-1.76967550279158,"RT Summer Avg. Rate",0,5.78808325608969,5.78808325608969,1,5.78808325608969,"Average"
"370370204014",5.78808325608969,4.45407788840679,0.435670135108667,-1.76967550279158,"Health Contribution",5.78808325608969,0.435670135108667,6.22375339119836,2,6.22375339119836,"Small Above"
"370370204014",5.78808325608969,4.45407788840679,0.435670135108667,-1.76967550279158,"Heat Contribution",6.22375339119836,-1.76967550279158,4.45407788840678,3,6.22375339119836,"Small Below"
"370370204014",5.78808325608969,4.45407788840679,0.435670135108667,-1.76967550279158,"CBG Attributable Rate",0,4.45407788840679,4.45407788840679,4,4.45407788840679,"CBG"
"370370207031",5.78808325608969,5.92086286137361,-0.190814363159614,0.323593968443526,"RT Summer Avg. Rate",0,5.78808325608969,5.78808325608969,1,5.78808325608969,"Average"
"370370207031",5.78808325608969,5.92086286137361,-0.190814363159614,0.323593968443526,"Health Contribution",5.78808325608969,-0.190814363159614,5.59726889293008,2,5.78808325608969,"Small Below"
"370370207031",5.78808325608969,5.92086286137361,-0.190814363159614,0.323593968443526,"Heat Contribution",5.59726889293008,0.323593968443526,5.9208628613736,3,5.9208628613736,"Small Above"
"370370207031",5.78808325608969,5.92086286137361,-0.190814363159614,0.323593968443526,"CBG Attributable Rate",0,5.92086286137361,5.92086286137361,4,5.92086286137361,"CBG"
"370370201044",5.78808325608969,2.5816163471077,-2.70906119661425,-0.497405712367737,"RT Summer Avg. Rate",0,5.78808325608969,5.78808325608969,1,5.78808325608969,"Average"
"370370201044",5.78808325608969,2.5816163471077,-2.70906119661425,-0.497405712367737,"Health Contribution",5.78808325608969,-2.70906119661425,3.07902205947544,2,5.78808325608969,"Large Below"
"370370201044",5.78808325608969,2.5816163471077,-2.70906119661425,-0.497405712367737,"Heat Contribution",3.07902205947544,-0.497405712367737,2.5816163471077,3,3.07902205947544,"Small Below"
"370370201044",5.78808325608969,2.5816163471077,-2.70906119661425,-0.497405712367737,"CBG Attributable Rate",0,2.5816163471077,2.5816163471077,4,2.5816163471077,"CBG"
"370370202021",5.78808325608969,2.64651626894614,-2.11051465100125,-1.0310523361423,"RT Summer Avg. Rate",0,5.78808325608969,5.78808325608969,1,5.78808325608969,"Average"
"370370202021",5.78808325608969,2.64651626894614,-2.11051465100125,-1.0310523361423,"Health Contribution",5.78808325608969,-2.11051465100125,3.67756860508844,2,5.78808325608969,"Large Below"
"370370202021",5.78808325608969,2.64651626894614,-2.11051465100125,-1.0310523361423,"Heat Contribution",3.67756860508844,-1.0310523361423,2.64651626894614,3,3.67756860508844,"Small Below"
"370370202021",5.78808325608969,2.64651626894614,-2.11051465100125,-1.0310523361423,"CBG Attributable Rate",0,2.64651626894614,2.64651626894614,4,2.64651626894614,"CBG"
"370370201043",5.78808325608969,3.52196393255988,-1.67697026743509,-0.589149056094728,"RT Summer Avg. Rate",0,5.78808325608969,5.78808325608969,1,5.78808325608969,"Average"
"370370201043",5.78808325608969,3.52196393255988,-1.67697026743509,-0.589149056094728,"Health Contribution",5.78808325608969,-1.67697026743509,4.1111129886546,2,5.78808325608969,"Small Below"
"370370201043",5.78808325608969,3.52196393255988,-1.67697026743509,-0.589149056094728,"Heat Contribution",4.1111129886546,-0.589149056094728,3.52196393255987,3,4.1111129886546,"Small Below"
"370370201043",5.78808325608969,3.52196393255988,-1.67697026743509,-0.589149056094728,"CBG Attributable Rate",0,3.52196393255988,3.52196393255988,4,3.52196393255988,"CBG"
"370370206005",5.78808325608969,6.08404801089337,1.07640791793798,-0.780443163134306,"RT Summer Avg. Rate",0,5.78808325608969,5.78808325608969,1,5.78808325608969,"Average"
"370370206005",5.78808325608969,6.08404801089337,1.07640791793798,-0.780443163134306,"Health Contribution",5.78808325608969,1.07640791793798,6.86449117402767,2,6.86449117402767,"Small Above"
"370370206005",5.78808325608969,6.08404801089337,1.07640791793798,-0.780443163134306,"Heat Contribution",6.86449117402767,-0.780443163134306,6.08404801089336,3,6.86449117402767,"Small Below"
"370370206005",5.78808325608969,6.08404801089337,1.07640791793798,-0.780443163134306,"CBG Attributable Rate",0,6.08404801089337,6.08404801089337,4,6.08404801089337,"CBG"
"370370201072",5.78808325608969,2.9614722398772,-1.32519169154018,-1.50141932467231,"RT Summer Avg. Rate",0,5.78808325608969,5.78808325608969,1,5.78808325608969,"Average"
"370370201072",5.78808325608969,2.9614722398772,-1.32519169154018,-1.50141932467231,"Health Contribution",5.78808325608969,-1.32519169154018,4.46289156454951,2,5.78808325608969,"Small Below"
"370370201072",5.78808325608969,2.9614722398772,-1.32519169154018,-1.50141932467231,"Heat Contribution",4.46289156454951,-1.50141932467231,2.9614722398772,3,4.46289156454951,"Small Below"
"370370201072",5.78808325608969,2.9614722398772,-1.32519169154018,-1.50141932467231,"CBG Attributable Rate",0,2.9614722398772,2.9614722398772,4,2.9614722398772,"CBG"
"370370207042",5.78808325608969,4.47944027996545,-1.39409803780806,0.0854550616838128,"RT Summer Avg. Rate",0,5.78808325608969,5.78808325608969,1,5.78808325608969,"Average"
"370370207042",5.78808325608969,4.47944027996545,-1.39409803780806,0.0854550616838128,"Health Contribution",5.78808325608969,-1.39409803780806,4.39398521828163,2,5.78808325608969,"Small Below"
"370370207042",5.78808325608969,4.47944027996545,-1.39409803780806,0.0854550616838128,"Heat Contribution",4.39398521828163,0.0854550616838128,4.47944027996544,3,4.47944027996544,"Small Above"
"370370207042",5.78808325608969,4.47944027996545,-1.39409803780806,0.0854550616838128,"CBG Attributable Rate",0,4.47944027996545,4.47944027996545,4,4.47944027996545,"CBG"
"370370205004",5.78808325608969,5.7990839782975,1.91419786171716,-1.90319713950936,"RT Summer Avg. Rate",0,5.78808325608969,5.78808325608969,1,5.78808325608969,"Average"
"370370205004",5.78808325608969,5.7990839782975,1.91419786171716,-1.90319713950936,"Health Contribution",5.78808325608969,1.91419786171716,7.70228111780685,2,7.70228111780685,"Small Above"
"370370205004",5.78808325608969,5.7990839782975,1.91419786171716,-1.90319713950936,"Heat Contribution",7.70228111780685,-1.90319713950936,5.79908397829749,3,7.70228111780685,"Small Below"
"370370205004",5.78808325608969,5.7990839782975,1.91419786171716,-1.90319713950936,"CBG Attributable Rate",0,5.7990839782975,5.7990839782975,4,5.7990839782975,"CBG"
"370370203003",5.78808325608969,3.68277819663265,-0.0251847092409191,-2.08012035021613,"RT Summer Avg. Rate",0,5.78808325608969,5.78808325608969,1,5.78808325608969,"Average"
"370370203003",5.78808325608969,3.68277819663265,-0.0251847092409191,-2.08012035021613,"Health Contribution",5.78808325608969,-0.0251847092409191,5.76289854684877,2,5.78808325608969,"Small Below"
"370370203003",5.78808325608969,3.68277819663265,-0.0251847092409191,-2.08012035021613,"Heat Contribution",5.76289854684877,-2.08012035021613,3.68277819663264,3,5.76289854684877,"Large Below"
"370370203003",5.78808325608969,3.68277819663265,-0.0251847092409191,-2.08012035021613,"CBG Attributable Rate",0,3.68277819663265,3.68277819663265,4,3.68277819663265,"CBG"
"370370202031",5.78808325608969,3.47991586827713,-0.9791017583476,-1.32906562946497,"RT Summer Avg. Rate",0,5.78808325608969,5.78808325608969,1,5.78808325608969,"Average"
"370370202031",5.78808325608969,3.47991586827713,-0.9791017583476,-1.32906562946497,"Health Contribution",5.78808325608969,-0.9791017583476,4.80898149774209,2,5.78808325608969,"Small Below"
"370370202031",5.78808325608969,3.47991586827713,-0.9791017583476,-1.32906562946497,"Heat Contribution",4.80898149774209,-1.32906562946497,3.47991586827712,3,4.80898149774209,"Small Below"
"370370202031",5.78808325608969,3.47991586827713,-0.9791017583476,-1.32906562946497,"CBG Attributable Rate",0,3.47991586827713,3.47991586827713,4,3.47991586827713,"CBG"
"370370204023",5.78808325608969,6.02493250242563,2.66203749790945,-2.42518825157352,"RT Summer Avg. Rate",0,5.78808325608969,5.78808325608969,1,5.78808325608969,"Average"
"370370204023",5.78808325608969,6.02493250242563,2.66203749790945,-2.42518825157352,"Health Contribution",5.78808325608969,2.66203749790945,8.45012075399914,2,8.45012075399914,"Large Above"
"370370204023",5.78808325608969,6.02493250242563,2.66203749790945,-2.42518825157352,"Heat Contribution",8.45012075399914,-2.42518825157352,6.02493250242562,3,8.45012075399914,"Large Below"
"370370204023",5.78808325608969,6.02493250242563,2.66203749790945,-2.42518825157352,"CBG Attributable Rate",0,6.02493250242563,6.02493250242563,4,6.02493250242563,"CBG"
"370370201082",5.78808325608969,3.02573591457496,-1.87855986878459,-0.883787472730144,"RT Summer Avg. Rate",0,5.78808325608969,5.78808325608969,1,5.78808325608969,"Average"
"370370201082",5.78808325608969,3.02573591457496,-1.87855986878459,-0.883787472730144,"Health Contribution",5.78808325608969,-1.87855986878459,3.9095233873051,2,5.78808325608969,"Small Below"
"370370201082",5.78808325608969,3.02573591457496,-1.87855986878459,-0.883787472730144,"Heat Contribution",3.9095233873051,-0.883787472730144,3.02573591457496,3,3.9095233873051,"Small Below"
"370370201082",5.78808325608969,3.02573591457496,-1.87855986878459,-0.883787472730144,"CBG Attributable Rate",0,3.02573591457496,3.02573591457496,4,3.02573591457496,"CBG"
"370370202032",5.78808325608969,3.56123793496834,-0.538044185247385,-1.68880113587397,"RT Summer Avg. Rate",0,5.78808325608969,5.78808325608969,1,5.78808325608969,"Average"
"370370202032",5.78808325608969,3.56123793496834,-0.538044185247385,-1.68880113587397,"Health Contribution",5.78808325608969,-0.538044185247385,5.25003907084231,2,5.78808325608969,"Small Below"
"370370202032",5.78808325608969,3.56123793496834,-0.538044185247385,-1.68880113587397,"Heat Contribution",5.25003907084231,-1.68880113587397,3.56123793496834,3,5.25003907084231,"Small Below"
"370370202032",5.78808325608969,3.56123793496834,-0.538044185247385,-1.68880113587397,"CBG Attributable Rate",0,3.56123793496834,3.56123793496834,4,3.56123793496834,"CBG"
"370370201071",5.78808325608969,2.71116108814512,-2.03376542926992,-1.04315673867465,"RT Summer Avg. Rate",0,5.78808325608969,5.78808325608969,1,5.78808325608969,"Average"
"370370201071",5.78808325608969,2.71116108814512,-2.03376542926992,-1.04315673867465,"Health Contribution",5.78808325608969,-2.03376542926992,3.75431782681977,2,5.78808325608969,"Large Below"
"370370201071",5.78808325608969,2.71116108814512,-2.03376542926992,-1.04315673867465,"Heat Contribution",3.75431782681977,-1.04315673867465,2.71116108814512,3,3.75431782681977,"Small Below"
"370370201071",5.78808325608969,2.71116108814512,-2.03376542926992,-1.04315673867465,"CBG Attributable Rate",0,2.71116108814512,2.71116108814512,4,2.71116108814512,"CBG"
"370370208021",5.78808325608969,4.76152146197455,0.163952306478774,-1.19051410059392,"RT Summer Avg. Rate",0,5.78808325608969,5.78808325608969,1,5.78808325608969,"Average"
"370370208021",5.78808325608969,4.76152146197455,0.163952306478774,-1.19051410059392,"Health Contribution",5.78808325608969,0.163952306478774,5.95203556256846,2,5.95203556256846,"Small Above"
"370370208021",5.78808325608969,4.76152146197455,0.163952306478774,-1.19051410059392,"Heat Contribution",5.95203556256846,-1.19051410059392,4.76152146197454,3,5.95203556256846,"Small Below"
"370370208021",5.78808325608969,4.76152146197455,0.163952306478774,-1.19051410059392,"CBG Attributable Rate",0,4.76152146197455,4.76152146197455,4,4.76152146197455,"CBG"
"370370201073",5.78808325608969,2.50713729663592,-2.19277313601486,-1.08817282343892,"RT Summer Avg. Rate",0,5.78808325608969,5.78808325608969,1,5.78808325608969,"Average"
"370370201073",5.78808325608969,2.50713729663592,-2.19277313601486,-1.08817282343892,"Health Contribution",5.78808325608969,-2.19277313601486,3.59531012007483,2,5.78808325608969,"Large Below"
"370370201073",5.78808325608969,2.50713729663592,-2.19277313601486,-1.08817282343892,"Heat Contribution",3.59531012007483,-1.08817282343892,2.50713729663591,3,3.59531012007483,"Small Below"
"370370201073",5.78808325608969,2.50713729663592,-2.19277313601486,-1.08817282343892,"CBG Attributable Rate",0,2.50713729663592,2.50713729663592,4,2.50713729663592,"CBG"
"370370207032",5.78808325608969,5.07171644844737,-0.825706140195218,0.10933933255289,"RT Summer Avg. Rate",0,5.78808325608969,5.78808325608969,1,5.78808325608969,"Average"
"370370207032",5.78808325608969,5.07171644844737,-0.825706140195218,0.10933933255289,"Health Contribution",5.78808325608969,-0.825706140195218,4.96237711589447,2,5.78808325608969,"Small Below"
"370370207032",5.78808325608969,5.07171644844737,-0.825706140195218,0.10933933255289,"Heat Contribution",4.96237711589447,0.10933933255289,5.07171644844736,3,5.07171644844736,"Small Above"
"370370207032",5.78808325608969,5.07171644844737,-0.825706140195218,0.10933933255289,"CBG Attributable Rate",0,5.07171644844737,5.07171644844737,4,5.07171644844737,"CBG"
"370370201081",5.78808325608969,3.7158948580069,-1.00296970917532,-1.06921868890747,"RT Summer Avg. Rate",0,5.78808325608969,5.78808325608969,1,5.78808325608969,"Average"
"370370201081",5.78808325608969,3.7158948580069,-1.00296970917532,-1.06921868890747,"Health Contribution",5.78808325608969,-1.00296970917532,4.78511354691437,2,5.78808325608969,"Small Below"
"370370201081",5.78808325608969,3.7158948580069,-1.00296970917532,-1.06921868890747,"Heat Contribution",4.78511354691437,-1.06921868890747,3.7158948580069,3,4.78511354691437,"Small Below"
"370370201081",5.78808325608969,3.7158948580069,-1.00296970917532,-1.06921868890747,"CBG Attributable Rate",0,3.7158948580069,3.7158948580069,4,3.7158948580069,"CBG"
"370370201033",5.78808325608969,2.57729004212257,-2.53306819846184,-0.677725015505288,"RT Summer Avg. Rate",0,5.78808325608969,5.78808325608969,1,5.78808325608969,"Average"
"370370201033",5.78808325608969,2.57729004212257,-2.53306819846184,-0.677725015505288,"Health Contribution",5.78808325608969,-2.53306819846184,3.25501505762785,2,5.78808325608969,"Large Below"
"370370201033",5.78808325608969,2.57729004212257,-2.53306819846184,-0.677725015505288,"Heat Contribution",3.25501505762785,-0.677725015505288,2.57729004212256,3,3.25501505762785,"Small Below"
"370370201033",5.78808325608969,2.57729004212257,-2.53306819846184,-0.677725015505288,"CBG Attributable Rate",0,2.57729004212257,2.57729004212257,4,2.57729004212257,"CBG"
"370370208013",5.78808325608969,3.9384215788583,-0.862553226928166,-0.987108450303228,"RT Summer Avg. Rate",0,5.78808325608969,5.78808325608969,1,5.78808325608969,"Average"
"370370208013",5.78808325608969,3.9384215788583,-0.862553226928166,-0.987108450303228,"Health Contribution",5.78808325608969,-0.862553226928166,4.92553002916152,2,5.78808325608969,"Small Below"
"370370208013",5.78808325608969,3.9384215788583,-0.862553226928166,-0.987108450303228,"Heat Contribution",4.92553002916152,-0.987108450303228,3.9384215788583,3,4.92553002916152,"Small Below"
"370370208013",5.78808325608969,3.9384215788583,-0.862553226928166,-0.987108450303228,"CBG Attributable Rate",0,3.9384215788583,3.9384215788583,4,3.9384215788583,"CBG"
"370370208022",5.78808325608969,3.52689281581564,-1.39610933042925,-0.865081109844808,"RT Summer Avg. Rate",0,5.78808325608969,5.78808325608969,1,5.78808325608969,"Average"
"370370208022",5.78808325608969,3.52689281581564,-1.39610933042925,-0.865081109844808,"Health Contribution",5.78808325608969,-1.39610933042925,4.39197392566044,2,5.78808325608969,"Small Below"
"370370208022",5.78808325608969,3.52689281581564,-1.39610933042925,-0.865081109844808,"Heat Contribution",4.39197392566044,-0.865081109844808,3.52689281581563,3,4.39197392566044,"Small Below"
"370370208022",5.78808325608969,3.52689281581564,-1.39610933042925,-0.865081109844808,"CBG Attributable Rate",0,3.52689281581564,3.52689281581564,4,3.52689281581564,"CBG"
"370370201053",5.78808325608969,2.22680328697349,-2.77022115076439,-0.791058818351813,"RT Summer Avg. Rate",0,5.78808325608969,5.78808325608969,1,5.78808325608969,"Average"
"370370201053",5.78808325608969,2.22680328697349,-2.77022115076439,-0.791058818351813,"Health Contribution",5.78808325608969,-2.77022115076439,3.0178621053253,2,5.78808325608969,"Large Below"
"370370201053",5.78808325608969,2.22680328697349,-2.77022115076439,-0.791058818351813,"Heat Contribution",3.0178621053253,-0.791058818351813,2.22680328697349,3,3.0178621053253,"Small Below"
"370370201053",5.78808325608969,2.22680328697349,-2.77022115076439,-0.791058818351813,"CBG Attributable Rate",0,2.22680328697349,2.22680328697349,4,2.22680328697349,"CBG"
"371830542213",5.78808325608969,4.61079921950385,-0.710277291564359,-0.467006745021485,"RT Summer Avg. Rate",0,5.78808325608969,5.78808325608969,1,5.78808325608969,"Average"
"371830542213",5.78808325608969,4.61079921950385,-0.710277291564359,-0.467006745021485,"Health Contribution",5.78808325608969,-0.710277291564359,5.07780596452533,2,5.78808325608969,"Small Below"
"371830542213",5.78808325608969,4.61079921950385,-0.710277291564359,-0.467006745021485,"Heat Contribution",5.07780596452533,-0.467006745021485,4.61079921950385,3,5.07780596452533,"Small Below"
"371830542213",5.78808325608969,4.61079921950385,-0.710277291564359,-0.467006745021485,"CBG Attributable Rate",0,4.61079921950385,4.61079921950385,4,4.61079921950385,"CBG"
"371830532082",5.78808325608969,4.57252929700762,-1.16778305291982,-0.0477709061622531,"RT Summer Avg. Rate",0,5.78808325608969,5.78808325608969,1,5.78808325608969,"Average"
"371830532082",5.78808325608969,4.57252929700762,-1.16778305291982,-0.0477709061622531,"Health Contribution",5.78808325608969,-1.16778305291982,4.62030020316987,2,5.78808325608969,"Small Below"
"371830532082",5.78808325608969,4.57252929700762,-1.16778305291982,-0.0477709061622531,"Heat Contribution",4.62030020316987,-0.0477709061622531,4.57252929700762,3,4.62030020316987,"Small Below"
"371830532082",5.78808325608969,4.57252929700762,-1.16778305291982,-0.0477709061622531,"CBG Attributable Rate",0,4.57252929700762,4.57252929700762,4,4.57252929700762,"CBG"
"371830542212",5.78808325608969,4.55064788875194,-1.12150957597282,-0.115925791364926,"RT Summer Avg. Rate",0,5.78808325608969,5.78808325608969,1,5.78808325608969,"Average"
"371830542212",5.78808325608969,4.55064788875194,-1.12150957597282,-0.115925791364926,"Health Contribution",5.78808325608969,-1.12150957597282,4.66657368011687,2,5.78808325608969,"Small Below"
"371830542212",5.78808325608969,4.55064788875194,-1.12150957597282,-0.115925791364926,"Heat Contribution",4.66657368011687,-0.115925791364926,4.55064788875194,3,4.66657368011687,"Small Below"
"371830542212",5.78808325608969,4.55064788875194,-1.12150957597282,-0.115925791364926,"CBG Attributable Rate",0,4.55064788875194,4.55064788875194,4,4.55064788875194,"CBG"
"370370207041",5.78808325608969,6.03273160350369,0.214128295707792,0.0305200517062003,"RT Summer Avg. Rate",0,5.78808325608969,5.78808325608969,1,5.78808325608969,"Average"
"370370207041",5.78808325608969,6.03273160350369,0.214128295707792,0.0305200517062003,"Health Contribution",5.78808325608969,0.214128295707792,6.00221155179748,2,6.00221155179748,"Small Above"
"370370207041",5.78808325608969,6.03273160350369,0.214128295707792,0.0305200517062003,"Heat Contribution",6.00221155179748,0.0305200517062003,6.03273160350368,3,6.03273160350368,"Small Above"
"370370207041",5.78808325608969,6.03273160350369,0.214128295707792,0.0305200517062003,"CBG Attributable Rate",0,6.03273160350369,6.03273160350369,4,6.03273160350369,"CBG"
"371819610004",5.78808325608969,4.17780980199373,-0.0480669896852451,-1.56220646441072,"RT Summer Avg. Rate",0,5.78808325608969,5.78808325608969,1,5.78808325608969,"Average"
"371819610004",5.78808325608969,4.17780980199373,-0.0480669896852451,-1.56220646441072,"Health Contribution",5.78808325608969,-0.0480669896852451,5.74001626640444,2,5.78808325608969,"Small Below"
"371819610004",5.78808325608969,4.17780980199373,-0.0480669896852451,-1.56220646441072,"Heat Contribution",5.74001626640444,-1.56220646441072,4.17780980199372,3,5.74001626640444,"Small Below"
"371819610004",5.78808325608969,4.17780980199373,-0.0480669896852451,-1.56220646441072,"CBG Attributable Rate",0,4.17780980199373,4.17780980199373,4,4.17780980199373,"CBG"
"371819610002",5.78808325608969,5.25402353758381,0.841628007798009,-1.37568772630389,"RT Summer Avg. Rate",0,5.78808325608969,5.78808325608969,1,5.78808325608969,"Average"
"371819610002",5.78808325608969,5.25402353758381,0.841628007798009,-1.37568772630389,"Health Contribution",5.78808325608969,0.841628007798009,6.6297112638877,2,6.6297112638877,"Small Above"
"371819610002",5.78808325608969,5.25402353758381,0.841628007798009,-1.37568772630389,"Heat Contribution",6.6297112638877,-1.37568772630389,5.25402353758381,3,6.6297112638877,"Small Below"
"371819610002",5.78808325608969,5.25402353758381,0.841628007798009,-1.37568772630389,"CBG Attributable Rate",0,5.25402353758381,5.25402353758381,4,5.25402353758381,"CBG"
"371819609012",5.78808325608969,4.18970320694601,-0.0615020411332705,-1.53687800801042,"RT Summer Avg. Rate",0,5.78808325608969,5.78808325608969,1,5.78808325608969,"Average"
"371819609012",5.78808325608969,4.18970320694601,-0.0615020411332705,-1.53687800801042,"Health Contribution",5.78808325608969,-0.0615020411332705,5.72658121495642,2,5.78808325608969,"Small Below"
"371819609012",5.78808325608969,4.18970320694601,-0.0615020411332705,-1.53687800801042,"Heat Contribution",5.72658121495642,-1.53687800801042,4.189703206946,3,5.72658121495642,"Small Below"
"371819609012",5.78808325608969,4.18970320694601,-0.0615020411332705,-1.53687800801042,"CBG Attributable Rate",0,4.18970320694601,4.18970320694601,4,4.18970320694601,"CBG"
"371819609011",5.78808325608969,5.53287090708962,1.57758489307505,-1.83279724207512,"RT Summer Avg. Rate",0,5.78808325608969,5.78808325608969,1,5.78808325608969,"Average"
"371819609011",5.78808325608969,5.53287090708962,1.57758489307505,-1.83279724207512,"Health Contribution",5.78808325608969,1.57758489307505,7.36566814916474,2,7.36566814916474,"Small Above"
"371819609011",5.78808325608969,5.53287090708962,1.57758489307505,-1.83279724207512,"Heat Contribution",7.36566814916474,-1.83279724207512,5.53287090708962,3,7.36566814916474,"Small Below"
"371819609011",5.78808325608969,5.53287090708962,1.57758489307505,-1.83279724207512,"CBG Attributable Rate",0,5.53287090708962,5.53287090708962,4,5.53287090708962,"CBG"
"371830531145",5.78808325608969,6.94401741847837,0.616516000707542,0.53941816168113,"RT Summer Avg. Rate",0,5.78808325608969,5.78808325608969,1,5.78808325608969,"Average"
"371830531145",5.78808325608969,6.94401741847837,0.616516000707542,0.53941816168113,"Health Contribution",5.78808325608969,0.616516000707542,6.40459925679723,2,6.40459925679723,"Small Above"
"371830531145",5.78808325608969,6.94401741847837,0.616516000707542,0.53941816168113,"Heat Contribution",6.40459925679723,0.53941816168113,6.94401741847836,3,6.94401741847836,"Small Above"
"371830531145",5.78808325608969,6.94401741847837,0.616516000707542,0.53941816168113,"CBG Attributable Rate",0,6.94401741847837,6.94401741847837,4,6.94401741847837,"CBG"
"371830542181",5.78808325608969,5.36590039313179,-0.675889438312769,0.253706575354869,"RT Summer Avg. Rate",0,5.78808325608969,5.78808325608969,1,5.78808325608969,"Average"
"371830542181",5.78808325608969,5.36590039313179,-0.675889438312769,0.253706575354869,"Health Contribution",5.78808325608969,-0.675889438312769,5.11219381777692,2,5.78808325608969,"Small Below"
"371830542181",5.78808325608969,5.36590039313179,-0.675889438312769,0.253706575354869,"Heat Contribution",5.11219381777692,0.253706575354869,5.36590039313179,3,5.36590039313179,"Small Above"
"371830542181",5.78808325608969,5.36590039313179,-0.675889438312769,0.253706575354869,"CBG Attributable Rate",0,5.36590039313179,5.36590039313179,4,5.36590039313179,"CBG"
"371830525061",5.78808325608969,6.30937370861458,-0.296618571155066,0.817909023679949,"RT Summer Avg. Rate",0,5.78808325608969,5.78808325608969,1,5.78808325608969,"Average"
"371830525061",5.78808325608969,6.30937370861458,-0.296618571155066,0.817909023679949,"Health Contribution",5.78808325608969,-0.296618571155066,5.49146468493462,2,5.78808325608969,"Small Below"
"371830525061",5.78808325608969,6.30937370861458,-0.296618571155066,0.817909023679949,"Heat Contribution",5.49146468493462,0.817909023679949,6.30937370861457,3,6.30937370861457,"Small Above"
"371830525061",5.78808325608969,6.30937370861458,-0.296618571155066,0.817909023679949,"CBG Attributable Rate",0,6.30937370861458,6.30937370861458,4,6.30937370861458,"CBG"
"371830542222",5.78808325608969,4.95652106026155,-0.515088324856325,-0.316473870971817,"RT Summer Avg. Rate",0,5.78808325608969,5.78808325608969,1,5.78808325608969,"Average"
"371830542222",5.78808325608969,4.95652106026155,-0.515088324856325,-0.316473870971817,"Health Contribution",5.78808325608969,-0.515088324856325,5.27299493123336,2,5.78808325608969,"Small Below"
"371830542222",5.78808325608969,4.95652106026155,-0.515088324856325,-0.316473870971817,"Heat Contribution",5.27299493123336,-0.316473870971817,4.95652106026155,3,5.27299493123336,"Small Below"
"371830542222",5.78808325608969,4.95652106026155,-0.515088324856325,-0.316473870971817,"CBG Attributable Rate",0,4.95652106026155,4.95652106026155,4,4.95652106026155,"CBG"
"371830540212",5.78808325608969,4.4533964283692,-1.69670099526319,0.362014167542688,"RT Summer Avg. Rate",0,5.78808325608969,5.78808325608969,1,5.78808325608969,"Average"
"371830540212",5.78808325608969,4.4533964283692,-1.69670099526319,0.362014167542688,"Health Contribution",5.78808325608969,-1.69670099526319,4.0913822608265,2,5.78808325608969,"Small Below"
"371830540212",5.78808325608969,4.4533964283692,-1.69670099526319,0.362014167542688,"Heat Contribution",4.0913822608265,0.362014167542688,4.45339642836919,3,4.45339642836919,"Small Above"
"371830540212",5.78808325608969,4.4533964283692,-1.69670099526319,0.362014167542688,"CBG Attributable Rate",0,4.4533964283692,4.4533964283692,4,4.4533964283692,"CBG"
"371830534262",5.78808325608969,4.73444966341909,-1.0760911682532,0.0224575755825908,"RT Summer Avg. Rate",0,5.78808325608969,5.78808325608969,1,5.78808325608969,"Average"
"371830534262",5.78808325608969,4.73444966341909,-1.0760911682532,0.0224575755825908,"Health Contribution",5.78808325608969,-1.0760911682532,4.71199208783649,2,5.78808325608969,"Small Below"
"371830534262",5.78808325608969,4.73444966341909,-1.0760911682532,0.0224575755825908,"Heat Contribution",4.71199208783649,0.0224575755825908,4.73444966341908,3,4.73444966341908,"Small Above"
"371830534262",5.78808325608969,4.73444966341909,-1.0760911682532,0.0224575755825908,"CBG Attributable Rate",0,4.73444966341909,4.73444966341909,4,4.73444966341909,"CBG"
"371830540201",5.78808325608969,4.45028848795378,-1.9250922587364,0.587297490600487,"RT Summer Avg. Rate",0,5.78808325608969,5.78808325608969,1,5.78808325608969,"Average"
"371830540201",5.78808325608969,4.45028848795378,-1.9250922587364,0.587297490600487,"Health Contribution",5.78808325608969,-1.9250922587364,3.86299099735329,2,5.78808325608969,"Small Below"
"371830540201",5.78808325608969,4.45028848795378,-1.9250922587364,0.587297490600487,"Heat Contribution",3.86299099735329,0.587297490600487,4.45028848795378,3,4.45028848795378,"Small Above"
"371830540201",5.78808325608969,4.45028848795378,-1.9250922587364,0.587297490600487,"CBG Attributable Rate",0,4.45028848795378,4.45028848795378,4,4.45028848795378,"CBG"
"371830539012",5.78808325608969,3.5717261486025,-1.49595758831739,-0.720399519169809,"RT Summer Avg. Rate",0,5.78808325608969,5.78808325608969,1,5.78808325608969,"Average"
"371830539012",5.78808325608969,3.5717261486025,-1.49595758831739,-0.720399519169809,"Health Contribution",5.78808325608969,-1.49595758831739,4.2921256677723,2,5.78808325608969,"Small Below"
"371830539012",5.78808325608969,3.5717261486025,-1.49595758831739,-0.720399519169809,"Heat Contribution",4.2921256677723,-0.720399519169809,3.57172614860249,3,4.2921256677723,"Small Below"
"371830539012",5.78808325608969,3.5717261486025,-1.49595758831739,-0.720399519169809,"CBG Attributable Rate",0,3.5717261486025,3.5717261486025,4,3.5717261486025,"CBG"
"371830529061",5.78808325608969,5.58522978336134,-0.250120725931659,0.0472672532033041,"RT Summer Avg. Rate",0,5.78808325608969,5.78808325608969,1,5.78808325608969,"Average"
"371830529061",5.78808325608969,5.58522978336134,-0.250120725931659,0.0472672532033041,"Health Contribution",5.78808325608969,-0.250120725931659,5.53796253015803,2,5.78808325608969,"Small Below"
"371830529061",5.78808325608969,5.58522978336134,-0.250120725931659,0.0472672532033041,"Heat Contribution",5.53796253015803,0.0472672532033041,5.58522978336134,3,5.58522978336134,"Small Above"
"371830529061",5.78808325608969,5.58522978336134,-0.250120725931659,0.0472672532033041,"CBG Attributable Rate",0,5.58522978336134,5.58522978336134,4,5.58522978336134,"CBG"
"371830530111",5.78808325608969,3.3879845184174,-2.37867248302957,-0.0214262546427264,"RT Summer Avg. Rate",0,5.78808325608969,5.78808325608969,1,5.78808325608969,"Average"
"371830530111",5.78808325608969,3.3879845184174,-2.37867248302957,-0.0214262546427264,"Health Contribution",5.78808325608969,-2.37867248302957,3.40941077306012,2,5.78808325608969,"Large Below"
"371830530111",5.78808325608969,3.3879845184174,-2.37867248302957,-0.0214262546427264,"Heat Contribution",3.40941077306012,-0.0214262546427264,3.38798451841739,3,3.40941077306012,"Small Below"
"371830530111",5.78808325608969,3.3879845184174,-2.37867248302957,-0.0214262546427264,"CBG Attributable Rate",0,3.3879845184174,3.3879845184174,4,3.3879845184174,"CBG"
"371830501003",5.78808325608969,4.63361327847955,-2.4071876850969,1.25271770748675,"RT Summer Avg. Rate",0,5.78808325608969,5.78808325608969,1,5.78808325608969,"Average"
"371830501003",5.78808325608969,4.63361327847955,-2.4071876850969,1.25271770748675,"Health Contribution",5.78808325608969,-2.4071876850969,3.38089557099279,2,5.78808325608969,"Large Below"
"371830501003",5.78808325608969,4.63361327847955,-2.4071876850969,1.25271770748675,"Heat Contribution",3.38089557099279,1.25271770748675,4.63361327847954,3,4.63361327847954,"Small Above"
"371830501003",5.78808325608969,4.63361327847955,-2.4071876850969,1.25271770748675,"CBG Attributable Rate",0,4.63361327847955,4.63361327847955,4,4.63361327847955,"CBG"
"371830541112",5.78808325608969,6.55812526144799,1.441312828366,-0.671270823007702,"RT Summer Avg. Rate",0,5.78808325608969,5.78808325608969,1,5.78808325608969,"Average"
"371830541112",5.78808325608969,6.55812526144799,1.441312828366,-0.671270823007702,"Health Contribution",5.78808325608969,1.441312828366,7.22939608445569,2,7.22939608445569,"Small Above"
"371830541112",5.78808325608969,6.55812526144799,1.441312828366,-0.671270823007702,"Heat Contribution",7.22939608445569,-0.671270823007702,6.55812526144799,3,7.22939608445569,"Small Below"
"371830541112",5.78808325608969,6.55812526144799,1.441312828366,-0.671270823007702,"CBG Attributable Rate",0,6.55812526144799,6.55812526144799,4,6.55812526144799,"CBG"
"371830545013",5.78808325608969,6.82944987845582,0.419721104048145,0.621645518317976,"RT Summer Avg. Rate",0,5.78808325608969,5.78808325608969,1,5.78808325608969,"Average"
"371830545013",5.78808325608969,6.82944987845582,0.419721104048145,0.621645518317976,"Health Contribution",5.78808325608969,0.419721104048145,6.20780436013784,2,6.20780436013784,"Small Above"
"371830545013",5.78808325608969,6.82944987845582,0.419721104048145,0.621645518317976,"Heat Contribution",6.20780436013784,0.621645518317976,6.82944987845581,3,6.82944987845581,"Small Above"
"371830545013",5.78808325608969,6.82944987845582,0.419721104048145,0.621645518317976,"CBG Attributable Rate",0,6.82944987845582,6.82944987845582,4,6.82944987845582,"CBG"
"371830538042",5.78808325608969,4.23703849195304,-1.05803434955889,-0.493010414577769,"RT Summer Avg. Rate",0,5.78808325608969,5.78808325608969,1,5.78808325608969,"Average"
"371830538042",5.78808325608969,4.23703849195304,-1.05803434955889,-0.493010414577769,"Health Contribution",5.78808325608969,-1.05803434955889,4.7300489065308,2,5.78808325608969,"Small Below"
"371830538042",5.78808325608969,4.23703849195304,-1.05803434955889,-0.493010414577769,"Heat Contribution",4.7300489065308,-0.493010414577769,4.23703849195303,3,4.7300489065308,"Small Below"
"371830538042",5.78808325608969,4.23703849195304,-1.05803434955889,-0.493010414577769,"CBG Attributable Rate",0,4.23703849195304,4.23703849195304,4,4.23703849195304,"CBG"
"371830529012",5.78808325608969,7.79710694761347,1.16053899927051,0.848484692253266,"RT Summer Avg. Rate",0,5.78808325608969,5.78808325608969,1,5.78808325608969,"Average"
"371830529012",5.78808325608969,7.79710694761347,1.16053899927051,0.848484692253266,"Health Contribution",5.78808325608969,1.16053899927051,6.9486222553602,2,6.9486222553602,"Small Above"
"371830529012",5.78808325608969,7.79710694761347,1.16053899927051,0.848484692253266,"Heat Contribution",6.9486222553602,0.848484692253266,7.79710694761347,3,7.79710694761347,"Small Above"
"371830529012",5.78808325608969,7.79710694761347,1.16053899927051,0.848484692253266,"CBG Attributable Rate",0,7.79710694761347,7.79710694761347,4,7.79710694761347,"CBG"
"371830540211",5.78808325608969,4.01527454397376,-2.11343801515439,0.340629303038454,"RT Summer Avg. Rate",0,5.78808325608969,5.78808325608969,1,5.78808325608969,"Average"
"371830540211",5.78808325608969,4.01527454397376,-2.11343801515439,0.340629303038454,"Health Contribution",5.78808325608969,-2.11343801515439,3.6746452409353,2,5.78808325608969,"Large Below"
"371830540211",5.78808325608969,4.01527454397376,-2.11343801515439,0.340629303038454,"Heat Contribution",3.6746452409353,0.340629303038454,4.01527454397375,3,4.01527454397375,"Small Above"
"371830540211",5.78808325608969,4.01527454397376,-2.11343801515439,0.340629303038454,"CBG Attributable Rate",0,4.01527454397376,4.01527454397376,4,4.01527454397376,"CBG"
"371830527053",5.78808325608969,6.40510705228089,-1.0188885835889,1.6359123797801,"RT Summer Avg. Rate",0,5.78808325608969,5.78808325608969,1,5.78808325608969,"Average"
"371830527053",5.78808325608969,6.40510705228089,-1.0188885835889,1.6359123797801,"Health Contribution",5.78808325608969,-1.0188885835889,4.76919467250079,2,5.78808325608969,"Small Below"
"371830527053",5.78808325608969,6.40510705228089,-1.0188885835889,1.6359123797801,"Heat Contribution",4.76919467250079,1.6359123797801,6.40510705228089,3,6.40510705228089,"Small Above"
"371830527053",5.78808325608969,6.40510705228089,-1.0188885835889,1.6359123797801,"CBG Attributable Rate",0,6.40510705228089,6.40510705228089,4,6.40510705228089,"CBG"
"371830520022",5.78808325608969,7.56015698355762,0.484484611936091,1.28758911553184,"RT Summer Avg. Rate",0,5.78808325608969,5.78808325608969,1,5.78808325608969,"Average"
"371830520022",5.78808325608969,7.56015698355762,0.484484611936091,1.28758911553184,"Health Contribution",5.78808325608969,0.484484611936091,6.27256786802578,2,6.27256786802578,"Small Above"
"371830520022",5.78808325608969,7.56015698355762,0.484484611936091,1.28758911553184,"Heat Contribution",6.27256786802578,1.28758911553184,7.56015698355762,3,7.56015698355762,"Small Above"
"371830520022",5.78808325608969,7.56015698355762,0.484484611936091,1.28758911553184,"CBG Attributable Rate",0,7.56015698355762,7.56015698355762,4,7.56015698355762,"CBG"
"371830542163",5.78808325608969,4.76281045482372,-0.851196421434576,-0.174076379831401,"RT Summer Avg. Rate",0,5.78808325608969,5.78808325608969,1,5.78808325608969,"Average"
"371830542163",5.78808325608969,4.76281045482372,-0.851196421434576,-0.174076379831401,"Health Contribution",5.78808325608969,-0.851196421434576,4.93688683465511,2,5.78808325608969,"Small Below"
"371830542163",5.78808325608969,4.76281045482372,-0.851196421434576,-0.174076379831401,"Heat Contribution",4.93688683465511,-0.174076379831401,4.76281045482371,3,4.93688683465511,"Small Below"
"371830542163",5.78808325608969,4.76281045482372,-0.851196421434576,-0.174076379831401,"CBG Attributable Rate",0,4.76281045482372,4.76281045482372,4,4.76281045482372,"CBG"
"371830531122",5.78808325608969,4.24543195357543,-1.71894956875488,0.176298266240607,"RT Summer Avg. Rate",0,5.78808325608969,5.78808325608969,1,5.78808325608969,"Average"
"371830531122",5.78808325608969,4.24543195357543,-1.71894956875488,0.176298266240607,"Health Contribution",5.78808325608969,-1.71894956875488,4.06913368733481,2,5.78808325608969,"Small Below"
"371830531122",5.78808325608969,4.24543195357543,-1.71894956875488,0.176298266240607,"Heat Contribution",4.06913368733481,0.176298266240607,4.24543195357542,3,4.24543195357542,"Small Above"
"371830531122",5.78808325608969,4.24543195357543,-1.71894956875488,0.176298266240607,"CBG Attributable Rate",0,4.24543195357543,4.24543195357543,4,4.24543195357543,"CBG"
"371830531132",5.78808325608969,6.96038815763408,0.618771194733473,0.553533706810909,"RT Summer Avg. Rate",0,5.78808325608969,5.78808325608969,1,5.78808325608969,"Average"
"371830531132",5.78808325608969,6.96038815763408,0.618771194733473,0.553533706810909,"Health Contribution",5.78808325608969,0.618771194733473,6.40685445082316,2,6.40685445082316,"Small Above"
"371830531132",5.78808325608969,6.96038815763408,0.618771194733473,0.553533706810909,"Heat Contribution",6.40685445082316,0.553533706810909,6.96038815763407,3,6.96038815763407,"Small Above"
"371830531132",5.78808325608969,6.96038815763408,0.618771194733473,0.553533706810909,"CBG Attributable Rate",0,6.96038815763408,6.96038815763408,4,6.96038815763408,"CBG"
"371830531134",5.78808325608969,5.75568996255231,-0.474996686273056,0.442603392735671,"RT Summer Avg. Rate",0,5.78808325608969,5.78808325608969,1,5.78808325608969,"Average"
"371830531134",5.78808325608969,5.75568996255231,-0.474996686273056,0.442603392735671,"Health Contribution",5.78808325608969,-0.474996686273056,5.31308656981663,2,5.78808325608969,"Small Below"
"371830531134",5.78808325608969,5.75568996255231,-0.474996686273056,0.442603392735671,"Heat Contribution",5.31308656981663,0.442603392735671,5.7556899625523,3,5.7556899625523,"Small Above"
"371830531134",5.78808325608969,5.75568996255231,-0.474996686273056,0.442603392735671,"CBG Attributable Rate",0,5.75568996255231,5.75568996255231,4,5.75568996255231,"CBG"
"371830545012",5.78808325608969,7.96899364404479,1.4867900702383,0.69412031771679,"RT Summer Avg. Rate",0,5.78808325608969,5.78808325608969,1,5.78808325608969,"Average"
"371830545012",5.78808325608969,7.96899364404479,1.4867900702383,0.69412031771679,"Health Contribution",5.78808325608969,1.4867900702383,7.27487332632799,2,7.27487332632799,"Small Above"
"371830545012",5.78808325608969,7.96899364404479,1.4867900702383,0.69412031771679,"Heat Contribution",7.27487332632799,0.69412031771679,7.96899364404478,3,7.96899364404478,"Small Above"
"371830545012",5.78808325608969,7.96899364404479,1.4867900702383,0.69412031771679,"CBG Attributable Rate",0,7.96899364404479,7.96899364404479,4,7.96899364404479,"CBG"
"371830529051",5.78808325608969,4.51916312919886,-1.52914115716191,0.260221030271076,"RT Summer Avg. Rate",0,5.78808325608969,5.78808325608969,1,5.78808325608969,"Average"
"371830529051",5.78808325608969,4.51916312919886,-1.52914115716191,0.260221030271076,"Health Contribution",5.78808325608969,-1.52914115716191,4.25894209892778,2,5.78808325608969,"Small Below"
"371830529051",5.78808325608969,4.51916312919886,-1.52914115716191,0.260221030271076,"Heat Contribution",4.25894209892778,0.260221030271076,4.51916312919886,3,4.51916312919886,"Small Above"
"371830529051",5.78808325608969,4.51916312919886,-1.52914115716191,0.260221030271076,"CBG Attributable Rate",0,4.51916312919886,4.51916312919886,4,4.51916312919886,"CBG"
"371830530103",5.78808325608969,3.37254573317236,-2.21236838909712,-0.203169133820219,"RT Summer Avg. Rate",0,5.78808325608969,5.78808325608969,1,5.78808325608969,"Average"
"371830530103",5.78808325608969,3.37254573317236,-2.21236838909712,-0.203169133820219,"Health Contribution",5.78808325608969,-2.21236838909712,3.57571486699257,2,5.78808325608969,"Large Below"
"371830530103",5.78808325608969,3.37254573317236,-2.21236838909712,-0.203169133820219,"Heat Contribution",3.57571486699257,-0.203169133820219,3.37254573317235,3,3.57571486699257,"Small Below"
"371830530103",5.78808325608969,3.37254573317236,-2.21236838909712,-0.203169133820219,"CBG Attributable Rate",0,3.37254573317236,3.37254573317236,4,3.37254573317236,"CBG"
"371830523041",5.78808325608969,8.49789831732954,2.02073274218813,0.689082319051711,"RT Summer Avg. Rate",0,5.78808325608969,5.78808325608969,1,5.78808325608969,"Average"
"371830523041",5.78808325608969,8.49789831732954,2.02073274218813,0.689082319051711,"Health Contribution",5.78808325608969,2.02073274218813,7.80881599827782,2,7.80881599827782,"Large Above"
"371830523041",5.78808325608969,8.49789831732954,2.02073274218813,0.689082319051711,"Heat Contribution",7.80881599827782,0.689082319051711,8.49789831732953,3,8.49789831732953,"Small Above"
"371830523041",5.78808325608969,8.49789831732954,2.02073274218813,0.689082319051711,"CBG Attributable Rate",0,8.49789831732954,8.49789831732954,4,8.49789831732954,"CBG"
"371830534292",5.78808325608969,5.24866695014686,-0.518801666923447,-0.020614639019385,"RT Summer Avg. Rate",0,5.78808325608969,5.78808325608969,1,5.78808325608969,"Average"
"371830534292",5.78808325608969,5.24866695014686,-0.518801666923447,-0.020614639019385,"Health Contribution",5.78808325608969,-0.518801666923447,5.26928158916624,2,5.78808325608969,"Small Below"
"371830534292",5.78808325608969,5.24866695014686,-0.518801666923447,-0.020614639019385,"Heat Contribution",5.26928158916624,-0.020614639019385,5.24866695014686,3,5.26928158916624,"Small Below"
"371830534292",5.78808325608969,5.24866695014686,-0.518801666923447,-0.020614639019385,"CBG Attributable Rate",0,5.24866695014686,5.24866695014686,4,5.24866695014686,"CBG"
"371830534331",5.78808325608969,6.28005360926555,0.109151590328474,0.382818762847385,"RT Summer Avg. Rate",0,5.78808325608969,5.78808325608969,1,5.78808325608969,"Average"
"371830534331",5.78808325608969,6.28005360926555,0.109151590328474,0.382818762847385,"Health Contribution",5.78808325608969,0.109151590328474,5.89723484641816,2,5.89723484641816,"Small Above"
"371830534331",5.78808325608969,6.28005360926555,0.109151590328474,0.382818762847385,"Heat Contribution",5.89723484641816,0.382818762847385,6.28005360926555,3,6.28005360926555,"Small Above"
"371830534331",5.78808325608969,6.28005360926555,0.109151590328474,0.382818762847385,"CBG Attributable Rate",0,6.28005360926555,6.28005360926555,4,6.28005360926555,"CBG"
"371830542171",5.78808325608969,4.24270557712141,-1.71192629472328,0.166548615754993,"RT Summer Avg. Rate",0,5.78808325608969,5.78808325608969,1,5.78808325608969,"Average"
"371830542171",5.78808325608969,4.24270557712141,-1.71192629472328,0.166548615754993,"Health Contribution",5.78808325608969,-1.71192629472328,4.07615696136641,2,5.78808325608969,"Small Below"
"371830542171",5.78808325608969,4.24270557712141,-1.71192629472328,0.166548615754993,"Heat Contribution",4.07615696136641,0.166548615754993,4.2427055771214,3,4.2427055771214,"Small Above"
"371830542171",5.78808325608969,4.24270557712141,-1.71192629472328,0.166548615754993,"CBG Attributable Rate",0,4.24270557712141,4.24270557712141,4,4.24270557712141,"CBG"
"371830536191",5.78808325608969,6.52982486287094,0.225976769784569,0.515764836996671,"RT Summer Avg. Rate",0,5.78808325608969,5.78808325608969,1,5.78808325608969,"Average"
"371830536191",5.78808325608969,6.52982486287094,0.225976769784569,0.515764836996671,"Health Contribution",5.78808325608969,0.225976769784569,6.01406002587426,2,6.01406002587426,"Small Above"
"371830536191",5.78808325608969,6.52982486287094,0.225976769784569,0.515764836996671,"Heat Contribution",6.01406002587426,0.515764836996671,6.52982486287093,3,6.52982486287093,"Small Above"
"371830536191",5.78808325608969,6.52982486287094,0.225976769784569,0.515764836996671,"CBG Attributable Rate",0,6.52982486287094,6.52982486287094,4,6.52982486287094,"CBG"
"371830543061",5.78808325608969,11.6532412345135,5.48519845720047,0.379959521223294,"RT Summer Avg. Rate",0,5.78808325608969,5.78808325608969,1,5.78808325608969,"Average"
"371830543061",5.78808325608969,11.6532412345135,5.48519845720047,0.379959521223294,"Health Contribution",5.78808325608969,5.48519845720047,11.2732817132902,2,11.2732817132902,"Large Above"
"371830543061",5.78808325608969,11.6532412345135,5.48519845720047,0.379959521223294,"Heat Contribution",11.2732817132902,0.379959521223294,11.6532412345135,3,11.6532412345135,"Small Above"
"371830543061",5.78808325608969,11.6532412345135,5.48519845720047,0.379959521223294,"CBG Attributable Rate",0,11.6532412345135,11.6532412345135,4,11.6532412345135,"CBG"
"371830531062",5.78808325608969,5.11768332024143,-0.697038511028786,0.0266385751805259,"RT Summer Avg. Rate",0,5.78808325608969,5.78808325608969,1,5.78808325608969,"Average"
"371830531062",5.78808325608969,5.11768332024143,-0.697038511028786,0.0266385751805259,"Health Contribution",5.78808325608969,-0.697038511028786,5.0910447450609,2,5.78808325608969,"Small Below"
"371830531062",5.78808325608969,5.11768332024143,-0.697038511028786,0.0266385751805259,"Heat Contribution",5.0910447450609,0.0266385751805259,5.11768332024143,3,5.11768332024143,"Small Above"
"371830531062",5.78808325608969,5.11768332024143,-0.697038511028786,0.0266385751805259,"CBG Attributable Rate",0,5.11768332024143,5.11768332024143,4,5.11768332024143,"CBG"
"371830534212",5.78808325608969,4.00881072074659,-1.46203800751243,-0.317234527830678,"RT Summer Avg. Rate",0,5.78808325608969,5.78808325608969,1,5.78808325608969,"Average"
"371830534212",5.78808325608969,4.00881072074659,-1.46203800751243,-0.317234527830678,"Health Contribution",5.78808325608969,-1.46203800751243,4.32604524857726,2,5.78808325608969,"Small Below"
"371830534212",5.78808325608969,4.00881072074659,-1.46203800751243,-0.317234527830678,"Heat Contribution",4.32604524857726,-0.317234527830678,4.00881072074658,3,4.32604524857726,"Small Below"
"371830534212",5.78808325608969,4.00881072074659,-1.46203800751243,-0.317234527830678,"CBG Attributable Rate",0,4.00881072074659,4.00881072074659,4,4.00881072074659,"CBG"
"371830529062",5.78808325608969,6.12492654283306,0.0454210311845608,0.291422255558808,"RT Summer Avg. Rate",0,5.78808325608969,5.78808325608969,1,5.78808325608969,"Average"
"371830529062",5.78808325608969,6.12492654283306,0.0454210311845608,0.291422255558808,"Health Contribution",5.78808325608969,0.0454210311845608,5.83350428727425,2,5.83350428727425,"Small Above"
"371830529062",5.78808325608969,6.12492654283306,0.0454210311845608,0.291422255558808,"Heat Contribution",5.83350428727425,0.291422255558808,6.12492654283306,3,6.12492654283306,"Small Above"
"371830529062",5.78808325608969,6.12492654283306,0.0454210311845608,0.291422255558808,"CBG Attributable Rate",0,6.12492654283306,6.12492654283306,4,6.12492654283306,"CBG"
"371830537193",5.78808325608969,3.18414638504847,-2.07567148199606,-0.528265389045157,"RT Summer Avg. Rate",0,5.78808325608969,5.78808325608969,1,5.78808325608969,"Average"
"371830537193",5.78808325608969,3.18414638504847,-2.07567148199606,-0.528265389045157,"Health Contribution",5.78808325608969,-2.07567148199606,3.71241177409363,2,5.78808325608969,"Large Below"
"371830537193",5.78808325608969,3.18414638504847,-2.07567148199606,-0.528265389045157,"Heat Contribution",3.71241177409363,-0.528265389045157,3.18414638504847,3,3.71241177409363,"Small Below"
"371830537193",5.78808325608969,3.18414638504847,-2.07567148199606,-0.528265389045157,"CBG Attributable Rate",0,3.18414638504847,3.18414638504847,4,3.18414638504847,"CBG"
"371830537182",5.78808325608969,3.59967730039775,-1.77069786289696,-0.417708092794986,"RT Summer Avg. Rate",0,5.78808325608969,5.78808325608969,1,5.78808325608969,"Average"
"371830537182",5.78808325608969,3.59967730039775,-1.77069786289696,-0.417708092794986,"Health Contribution",5.78808325608969,-1.77069786289696,4.01738539319273,2,5.78808325608969,"Small Below"
"371830537182",5.78808325608969,3.59967730039775,-1.77069786289696,-0.417708092794986,"Heat Contribution",4.01738539319273,-0.417708092794986,3.59967730039774,3,4.01738539319273,"Small Below"
"371830537182",5.78808325608969,3.59967730039775,-1.77069786289696,-0.417708092794986,"CBG Attributable Rate",0,3.59967730039775,3.59967730039775,4,3.59967730039775,"CBG"
"371830542211",5.78808325608969,4.78875950327976,-0.213971477998248,-0.785352274811687,"RT Summer Avg. Rate",0,5.78808325608969,5.78808325608969,1,5.78808325608969,"Average"
"371830542211",5.78808325608969,4.78875950327976,-0.213971477998248,-0.785352274811687,"Health Contribution",5.78808325608969,-0.213971477998248,5.57411177809144,2,5.78808325608969,"Small Below"
"371830542211",5.78808325608969,4.78875950327976,-0.213971477998248,-0.785352274811687,"Heat Contribution",5.57411177809144,-0.785352274811687,4.78875950327976,3,5.57411177809144,"Small Below"
"371830542211",5.78808325608969,4.78875950327976,-0.213971477998248,-0.785352274811687,"CBG Attributable Rate",0,4.78875950327976,4.78875950327976,4,4.78875950327976,"CBG"
"371830542192",5.78808325608969,5.32339495106519,-0.780914422600119,0.31622611757561,"RT Summer Avg. Rate",0,5.78808325608969,5.78808325608969,1,5.78808325608969,"Average"
"371830542192",5.78808325608969,5.32339495106519,-0.780914422600119,0.31622611757561,"Health Contribution",5.78808325608969,-0.780914422600119,5.00716883348957,2,5.78808325608969,"Small Below"
"371830542192",5.78808325608969,5.32339495106519,-0.780914422600119,0.31622611757561,"Heat Contribution",5.00716883348957,0.31622611757561,5.32339495106518,3,5.32339495106518,"Small Above"
"371830542192",5.78808325608969,5.32339495106519,-0.780914422600119,0.31622611757561,"CBG Attributable Rate",0,5.32339495106519,5.32339495106519,4,5.32339495106519,"CBG"
"371830528112",5.78808325608969,6.00899666365179,-0.767779586315123,0.988692993877221,"RT Summer Avg. Rate",0,5.78808325608969,5.78808325608969,1,5.78808325608969,"Average"
"371830528112",5.78808325608969,6.00899666365179,-0.767779586315123,0.988692993877221,"Health Contribution",5.78808325608969,-0.767779586315123,5.02030366977457,2,5.78808325608969,"Small Below"
"371830528112",5.78808325608969,6.00899666365179,-0.767779586315123,0.988692993877221,"Heat Contribution",5.02030366977457,0.988692993877221,6.00899666365179,3,6.00899666365179,"Small Above"
"371830528112",5.78808325608969,6.00899666365179,-0.767779586315123,0.988692993877221,"CBG Attributable Rate",0,6.00899666365179,6.00899666365179,4,6.00899666365179,"CBG"
"371830524073",5.78808325608969,5.63532339798597,-0.697567856257129,0.5448079981534,"RT Summer Avg. Rate",0,5.78808325608969,5.78808325608969,1,5.78808325608969,"Average"
"371830524073",5.78808325608969,5.63532339798597,-0.697567856257129,0.5448079981534,"Health Contribution",5.78808325608969,-0.697567856257129,5.09051539983256,2,5.78808325608969,"Small Below"
"371830524073",5.78808325608969,5.63532339798597,-0.697567856257129,0.5448079981534,"Heat Contribution",5.09051539983256,0.5448079981534,5.63532339798596,3,5.63532339798596,"Small Above"
"371830524073",5.78808325608969,5.63532339798597,-0.697567856257129,0.5448079981534,"CBG Attributable Rate",0,5.63532339798597,5.63532339798597,4,5.63532339798597,"CBG"
"371830530034",5.78808325608969,5.17961800754073,-0.769753932095427,0.161288683546467,"RT Summer Avg. Rate",0,5.78808325608969,5.78808325608969,1,5.78808325608969,"Average"
"371830530034",5.78808325608969,5.17961800754073,-0.769753932095427,0.161288683546467,"Health Contribution",5.78808325608969,-0.769753932095427,5.01832932399426,2,5.78808325608969,"Small Below"
"371830530034",5.78808325608969,5.17961800754073,-0.769753932095427,0.161288683546467,"Heat Contribution",5.01832932399426,0.161288683546467,5.17961800754073,3,5.17961800754073,"Small Above"
"371830530034",5.78808325608969,5.17961800754073,-0.769753932095427,0.161288683546467,"CBG Attributable Rate",0,5.17961800754073,5.17961800754073,4,5.17961800754073,"CBG"
"371830523051",5.78808325608969,4.41013478825792,-2.05262845646763,0.674679988635853,"RT Summer Avg. Rate",0,5.78808325608969,5.78808325608969,1,5.78808325608969,"Average"
"371830523051",5.78808325608969,4.41013478825792,-2.05262845646763,0.674679988635853,"Health Contribution",5.78808325608969,-2.05262845646763,3.73545479962206,2,5.78808325608969,"Large Below"
"371830523051",5.78808325608969,4.41013478825792,-2.05262845646763,0.674679988635853,"Heat Contribution",3.73545479962206,0.674679988635853,4.41013478825791,3,4.41013478825791,"Small Above"
"371830523051",5.78808325608969,4.41013478825792,-2.05262845646763,0.674679988635853,"CBG Attributable Rate",0,4.41013478825792,4.41013478825792,4,4.41013478825792,"CBG"
"371830528132",5.78808325608969,5.00094836032664,-0.838041901152534,0.0509070053894801,"RT Summer Avg. Rate",0,5.78808325608969,5.78808325608969,1,5.78808325608969,"Average"
"371830528132",5.78808325608969,5.00094836032664,-0.838041901152534,0.0509070053894801,"Health Contribution",5.78808325608969,-0.838041901152534,4.95004135493716,2,5.78808325608969,"Small Below"
"371830528132",5.78808325608969,5.00094836032664,-0.838041901152534,0.0509070053894801,"Heat Contribution",4.95004135493716,0.0509070053894801,5.00094836032664,3,5.00094836032664,"Small Above"
"371830528132",5.78808325608969,5.00094836032664,-0.838041901152534,0.0509070053894801,"CBG Attributable Rate",0,5.00094836032664,5.00094836032664,4,5.00094836032664,"CBG"
"371830525093",5.78808325608969,5.46660250667673,-0.105246944650412,-0.21623380476255,"RT Summer Avg. Rate",0,5.78808325608969,5.78808325608969,1,5.78808325608969,"Average"
"371830525093",5.78808325608969,5.46660250667673,-0.105246944650412,-0.21623380476255,"Health Contribution",5.78808325608969,-0.105246944650412,5.68283631143928,2,5.78808325608969,"Small Below"
"371830525093",5.78808325608969,5.46660250667673,-0.105246944650412,-0.21623380476255,"Heat Contribution",5.68283631143928,-0.21623380476255,5.46660250667673,3,5.68283631143928,"Small Below"
"371830525093",5.78808325608969,5.46660250667673,-0.105246944650412,-0.21623380476255,"CBG Attributable Rate",0,5.46660250667673,5.46660250667673,4,5.46660250667673,"CBG"
"371830542062",5.78808325608969,6.32782173151117,0.21455171205127,0.325186763370205,"RT Summer Avg. Rate",0,5.78808325608969,5.78808325608969,1,5.78808325608969,"Average"
"371830542062",5.78808325608969,6.32782173151117,0.21455171205127,0.325186763370205,"Health Contribution",5.78808325608969,0.21455171205127,6.00263496814096,2,6.00263496814096,"Small Above"
"371830542062",5.78808325608969,6.32782173151117,0.21455171205127,0.325186763370205,"Heat Contribution",6.00263496814096,0.325186763370205,6.32782173151116,3,6.32782173151116,"Small Above"
"371830542062",5.78808325608969,6.32782173151117,0.21455171205127,0.325186763370205,"CBG Attributable Rate",0,6.32782173151117,6.32782173151117,4,6.32782173151117,"CBG"
"371830542221",5.78808325608969,5.56905248476877,-0.623820651628607,0.404789880307686,"RT Summer Avg. Rate",0,5.78808325608969,5.78808325608969,1,5.78808325608969,"Average"
"371830542221",5.78808325608969,5.56905248476877,-0.623820651628607,0.404789880307686,"Health Contribution",5.78808325608969,-0.623820651628607,5.16426260446108,2,5.78808325608969,"Small Below"
"371830542221",5.78808325608969,5.56905248476877,-0.623820651628607,0.404789880307686,"Heat Contribution",5.16426260446108,0.404789880307686,5.56905248476877,3,5.56905248476877,"Small Above"
"371830542221",5.78808325608969,5.56905248476877,-0.623820651628607,0.404789880307686,"CBG Attributable Rate",0,5.56905248476877,5.56905248476877,4,5.56905248476877,"CBG"
"371830536181",5.78808325608969,3.37298862329719,-2.53512860172267,0.12003396893016,"RT Summer Avg. Rate",0,5.78808325608969,5.78808325608969,1,5.78808325608969,"Average"
"371830536181",5.78808325608969,3.37298862329719,-2.53512860172267,0.12003396893016,"Health Contribution",5.78808325608969,-2.53512860172267,3.25295465436702,2,5.78808325608969,"Large Below"
"371830536181",5.78808325608969,3.37298862329719,-2.53512860172267,0.12003396893016,"Heat Contribution",3.25295465436702,0.12003396893016,3.37298862329718,3,3.37298862329718,"Small Above"
"371830536181",5.78808325608969,3.37298862329719,-2.53512860172267,0.12003396893016,"CBG Attributable Rate",0,3.37298862329719,3.37298862329719,4,3.37298862329719,"CBG"
"371830542162",5.78808325608969,4.34233803100367,-1.79281679315471,0.347071568068687,"RT Summer Avg. Rate",0,5.78808325608969,5.78808325608969,1,5.78808325608969,"Average"
"371830542162",5.78808325608969,4.34233803100367,-1.79281679315471,0.347071568068687,"Health Contribution",5.78808325608969,-1.79281679315471,3.99526646293498,2,5.78808325608969,"Small Below"
"371830542162",5.78808325608969,4.34233803100367,-1.79281679315471,0.347071568068687,"Heat Contribution",3.99526646293498,0.347071568068687,4.34233803100367,3,4.34233803100367,"Small Above"
"371830542162",5.78808325608969,4.34233803100367,-1.79281679315471,0.347071568068687,"CBG Attributable Rate",0,4.34233803100367,4.34233803100367,4,4.34233803100367,"CBG"
"371830528142",5.78808325608969,7.1420724403763,0.708563725452236,0.645425458834369,"RT Summer Avg. Rate",0,5.78808325608969,5.78808325608969,1,5.78808325608969,"Average"
"371830528142",5.78808325608969,7.1420724403763,0.708563725452236,0.645425458834369,"Health Contribution",5.78808325608969,0.708563725452236,6.49664698154193,2,6.49664698154193,"Small Above"
"371830528142",5.78808325608969,7.1420724403763,0.708563725452236,0.645425458834369,"Heat Contribution",6.49664698154193,0.645425458834369,7.1420724403763,3,7.1420724403763,"Small Above"
"371830528142",5.78808325608969,7.1420724403763,0.708563725452236,0.645425458834369,"CBG Attributable Rate",0,7.1420724403763,7.1420724403763,4,7.1420724403763,"CBG"
"371830537282",5.78808325608969,4.27715323159113,-1.61254182210932,0.101611797610754,"RT Summer Avg. Rate",0,5.78808325608969,5.78808325608969,1,5.78808325608969,"Average"
"371830537282",5.78808325608969,4.27715323159113,-1.61254182210932,0.101611797610754,"Health Contribution",5.78808325608969,-1.61254182210932,4.17554143398037,2,5.78808325608969,"Small Below"
"371830537282",5.78808325608969,4.27715323159113,-1.61254182210932,0.101611797610754,"Heat Contribution",4.17554143398037,0.101611797610754,4.27715323159113,3,4.27715323159113,"Small Above"
"371830537282",5.78808325608969,4.27715323159113,-1.61254182210932,0.101611797610754,"CBG Attributable Rate",0,4.27715323159113,4.27715323159113,4,4.27715323159113,"CBG"
"371830542161",5.78808325608969,5.62039569713614,0.0596299108808023,-0.22731746983436,"RT Summer Avg. Rate",0,5.78808325608969,5.78808325608969,1,5.78808325608969,"Average"
"371830542161",5.78808325608969,5.62039569713614,0.0596299108808023,-0.22731746983436,"Health Contribution",5.78808325608969,0.0596299108808023,5.84771316697049,2,5.84771316697049,"Small Above"
"371830542161",5.78808325608969,5.62039569713614,0.0596299108808023,-0.22731746983436,"Heat Contribution",5.84771316697049,-0.22731746983436,5.62039569713613,3,5.84771316697049,"Small Below"
"371830542161",5.78808325608969,5.62039569713614,0.0596299108808023,-0.22731746983436,"CBG Attributable Rate",0,5.62039569713614,5.62039569713614,4,5.62039569713614,"CBG"
"371830542152",5.78808325608969,5.25278508827456,-0.0110118801153603,-0.52428628769977,"RT Summer Avg. Rate",0,5.78808325608969,5.78808325608969,1,5.78808325608969,"Average"
"371830542152",5.78808325608969,5.25278508827456,-0.0110118801153603,-0.52428628769977,"Health Contribution",5.78808325608969,-0.0110118801153603,5.77707137597433,2,5.78808325608969,"Small Below"
"371830542152",5.78808325608969,5.25278508827456,-0.0110118801153603,-0.52428628769977,"Heat Contribution",5.77707137597433,-0.52428628769977,5.25278508827456,3,5.77707137597433,"Small Below"
"371830542152",5.78808325608969,5.25278508827456,-0.0110118801153603,-0.52428628769977,"CBG Attributable Rate",0,5.25278508827456,5.25278508827456,4,5.25278508827456,"CBG"
"371830542184",5.78808325608969,5.03060532727319,-0.973741375642574,0.216263446826069,"RT Summer Avg. Rate",0,5.78808325608969,5.78808325608969,1,5.78808325608969,"Average"
"371830542184",5.78808325608969,5.03060532727319,-0.973741375642574,0.216263446826069,"Health Contribution",5.78808325608969,-0.973741375642574,4.81434188044712,2,5.78808325608969,"Small Below"
"371830542184",5.78808325608969,5.03060532727319,-0.973741375642574,0.216263446826069,"Heat Contribution",4.81434188044712,0.216263446826069,5.03060532727318,3,5.03060532727318,"Small Above"
"371830542184",5.78808325608969,5.03060532727319,-0.973741375642574,0.216263446826069,"CBG Attributable Rate",0,5.03060532727319,5.03060532727319,4,5.03060532727319,"CBG"
"371830529023",5.78808325608969,5.79441296718363,-0.211389378318745,0.217719089412677,"RT Summer Avg. Rate",0,5.78808325608969,5.78808325608969,1,5.78808325608969,"Average"
"371830529023",5.78808325608969,5.79441296718363,-0.211389378318745,0.217719089412677,"Health Contribution",5.78808325608969,-0.211389378318745,5.57669387777095,2,5.78808325608969,"Small Below"
"371830529023",5.78808325608969,5.79441296718363,-0.211389378318745,0.217719089412677,"Heat Contribution",5.57669387777095,0.217719089412677,5.79441296718362,3,5.79441296718362,"Small Above"
"371830529023",5.78808325608969,5.79441296718363,-0.211389378318745,0.217719089412677,"CBG Attributable Rate",0,5.79441296718363,5.79441296718363,4,5.79441296718363,"CBG"
"371830537271",5.78808325608969,4.24239974035508,-1.7262229353107,0.180539419576088,"RT Summer Avg. Rate",0,5.78808325608969,5.78808325608969,1,5.78808325608969,"Average"
"371830537271",5.78808325608969,4.24239974035508,-1.7262229353107,0.180539419576088,"Health Contribution",5.78808325608969,-1.7262229353107,4.06186032077899,2,5.78808325608969,"Small Below"
"371830537271",5.78808325608969,4.24239974035508,-1.7262229353107,0.180539419576088,"Heat Contribution",4.06186032077899,0.180539419576088,4.24239974035508,3,4.24239974035508,"Small Above"
"371830537271",5.78808325608969,4.24239974035508,-1.7262229353107,0.180539419576088,"CBG Attributable Rate",0,4.24239974035508,4.24239974035508,4,4.24239974035508,"CBG"
"371830528104",5.78808325608969,6.41679737537433,-0.143655750368158,0.772369869652788,"RT Summer Avg. Rate",0,5.78808325608969,5.78808325608969,1,5.78808325608969,"Average"
"371830528104",5.78808325608969,6.41679737537433,-0.143655750368158,0.772369869652788,"Health Contribution",5.78808325608969,-0.143655750368158,5.64442750572153,2,5.78808325608969,"Small Below"
"371830528104",5.78808325608969,6.41679737537433,-0.143655750368158,0.772369869652788,"Heat Contribution",5.64442750572153,0.772369869652788,6.41679737537432,3,6.41679737537432,"Small Above"
"371830528104",5.78808325608969,6.41679737537433,-0.143655750368158,0.772369869652788,"CBG Attributable Rate",0,6.41679737537433,6.41679737537433,4,6.41679737537433,"CBG"
"370370205003",5.78808325608969,5.80231574855223,1.16422321558203,-1.14999072311949,"RT Summer Avg. Rate",0,5.78808325608969,5.78808325608969,1,5.78808325608969,"Average"
"370370205003",5.78808325608969,5.80231574855223,1.16422321558203,-1.14999072311949,"Health Contribution",5.78808325608969,1.16422321558203,6.95230647167172,2,6.95230647167172,"Small Above"
"370370205003",5.78808325608969,5.80231574855223,1.16422321558203,-1.14999072311949,"Heat Contribution",6.95230647167172,-1.14999072311949,5.80231574855223,3,6.95230647167172,"Small Below"
"370370205003",5.78808325608969,5.80231574855223,1.16422321558203,-1.14999072311949,"CBG Attributable Rate",0,5.80231574855223,5.80231574855223,4,5.80231574855223,"CBG"
"370370206003",5.78808325608969,4.97762653144817,0.560663879817321,-1.37112060445885,"RT Summer Avg. Rate",0,5.78808325608969,5.78808325608969,1,5.78808325608969,"Average"
"370370206003",5.78808325608969,4.97762653144817,0.560663879817321,-1.37112060445885,"Health Contribution",5.78808325608969,0.560663879817321,6.34874713590701,2,6.34874713590701,"Small Above"
"370370206003",5.78808325608969,4.97762653144817,0.560663879817321,-1.37112060445885,"Heat Contribution",6.34874713590701,-1.37112060445885,4.97762653144816,3,6.34874713590701,"Small Below"
"370370206003",5.78808325608969,4.97762653144817,0.560663879817321,-1.37112060445885,"CBG Attributable Rate",0,4.97762653144817,4.97762653144817,4,4.97762653144817,"CBG"
"370370207022",5.78808325608969,6.30233281700242,-0.0892359086623817,0.603485469575105,"RT Summer Avg. Rate",0,5.78808325608969,5.78808325608969,1,5.78808325608969,"Average"
"370370207022",5.78808325608969,6.30233281700242,-0.0892359086623817,0.603485469575105,"Health Contribution",5.78808325608969,-0.0892359086623817,5.69884734742731,2,5.78808325608969,"Small Below"
"370370207022",5.78808325608969,6.30233281700242,-0.0892359086623817,0.603485469575105,"Heat Contribution",5.69884734742731,0.603485469575105,6.30233281700241,3,6.30233281700241,"Small Above"
"370370207022",5.78808325608969,6.30233281700242,-0.0892359086623817,0.603485469575105,"CBG Attributable Rate",0,6.30233281700242,6.30233281700242,4,6.30233281700242,"CBG"
"370690608012",5.78808325608969,8.05853426866744,2.50881588148841,-0.238364868910663,"RT Summer Avg. Rate",0,5.78808325608969,5.78808325608969,1,5.78808325608969,"Average"
"370690608012",5.78808325608969,8.05853426866744,2.50881588148841,-0.238364868910663,"Health Contribution",5.78808325608969,2.50881588148841,8.2968991375781,2,8.2968991375781,"Large Above"
"370690608012",5.78808325608969,8.05853426866744,2.50881588148841,-0.238364868910663,"Heat Contribution",8.2968991375781,-0.238364868910663,8.05853426866744,3,8.2968991375781,"Small Below"
"370690608012",5.78808325608969,8.05853426866744,2.50881588148841,-0.238364868910663,"CBG Attributable Rate",0,8.05853426866744,8.05853426866744,4,8.05853426866744,"CBG"
"370690605021",5.78808325608969,4.15886709677881,-0.630254218179342,-0.998961941131547,"RT Summer Avg. Rate",0,5.78808325608969,5.78808325608969,1,5.78808325608969,"Average"
"370690605021",5.78808325608969,4.15886709677881,-0.630254218179342,-0.998961941131547,"Health Contribution",5.78808325608969,-0.630254218179342,5.15782903791035,2,5.78808325608969,"Small Below"
"370690605021",5.78808325608969,4.15886709677881,-0.630254218179342,-0.998961941131547,"Heat Contribution",5.15782903791035,-0.998961941131547,4.1588670967788,3,5.15782903791035,"Small Below"
"370690605021",5.78808325608969,4.15886709677881,-0.630254218179342,-0.998961941131547,"CBG Attributable Rate",0,4.15886709677881,4.15886709677881,4,4.15886709677881,"CBG"
"370690605022",5.78808325608969,4.58766224124644,-0.26645583345267,-0.93396518139058,"RT Summer Avg. Rate",0,5.78808325608969,5.78808325608969,1,5.78808325608969,"Average"
"370690605022",5.78808325608969,4.58766224124644,-0.26645583345267,-0.93396518139058,"Health Contribution",5.78808325608969,-0.26645583345267,5.52162742263702,2,5.78808325608969,"Small Below"
"370690605022",5.78808325608969,4.58766224124644,-0.26645583345267,-0.93396518139058,"Heat Contribution",5.52162742263702,-0.93396518139058,4.58766224124644,3,5.52162742263702,"Small Below"
"370690605022",5.78808325608969,4.58766224124644,-0.26645583345267,-0.93396518139058,"CBG Attributable Rate",0,4.58766224124644,4.58766224124644,4,4.58766224124644,"CBG"
"370690605023",5.78808325608969,5.11292107959578,0.706410992083882,-1.3815731685778,"RT Summer Avg. Rate",0,5.78808325608969,5.78808325608969,1,5.78808325608969,"Average"
"370690605023",5.78808325608969,5.11292107959578,0.706410992083882,-1.3815731685778,"Health Contribution",5.78808325608969,0.706410992083882,6.49449424817357,2,6.49449424817357,"Small Above"
"370690605023",5.78808325608969,5.11292107959578,0.706410992083882,-1.3815731685778,"Heat Contribution",6.49449424817357,-1.3815731685778,5.11292107959577,3,6.49449424817357,"Small Below"
"370690605023",5.78808325608969,5.11292107959578,0.706410992083882,-1.3815731685778,"CBG Attributable Rate",0,5.11292107959578,5.11292107959578,4,5.11292107959578,"CBG"
"370690605011",5.78808325608969,4.13813839753723,-0.296676672296795,-1.35326818625567,"RT Summer Avg. Rate",0,5.78808325608969,5.78808325608969,1,5.78808325608969,"Average"
"370690605011",5.78808325608969,4.13813839753723,-0.296676672296795,-1.35326818625567,"Health Contribution",5.78808325608969,-0.296676672296795,5.4914065837929,2,5.78808325608969,"Small Below"
"370690605011",5.78808325608969,4.13813839753723,-0.296676672296795,-1.35326818625567,"Heat Contribution",5.4914065837929,-1.35326818625567,4.13813839753723,3,5.4914065837929,"Small Below"
"370690605011",5.78808325608969,4.13813839753723,-0.296676672296795,-1.35326818625567,"CBG Attributable Rate",0,4.13813839753723,4.13813839753723,4,4.13813839753723,"CBG"
"370690603021",5.78808325608969,8.58141194221334,3.8882941263149,-1.09496544019125,"RT Summer Avg. Rate",0,5.78808325608969,5.78808325608969,1,5.78808325608969,"Average"
"370690603021",5.78808325608969,8.58141194221334,3.8882941263149,-1.09496544019125,"Health Contribution",5.78808325608969,3.8882941263149,9.67637738240459,2,9.67637738240459,"Large Above"
"370690603021",5.78808325608969,8.58141194221334,3.8882941263149,-1.09496544019125,"Heat Contribution",9.67637738240459,-1.09496544019125,8.58141194221334,3,9.67637738240459,"Small Below"
"370690603021",5.78808325608969,8.58141194221334,3.8882941263149,-1.09496544019125,"CBG Attributable Rate",0,8.58141194221334,8.58141194221334,4,8.58141194221334,"CBG"
"371050301022",5.78808325608969,6.58126844183284,0.30608602200509,0.487099163738055,"RT Summer Avg. Rate",0,5.78808325608969,5.78808325608969,1,5.78808325608969,"Average"
"371050301022",5.78808325608969,6.58126844183284,0.30608602200509,0.487099163738055,"Health Contribution",5.78808325608969,0.30608602200509,6.09416927809478,2,6.09416927809478,"Small Above"
"371050301022",5.78808325608969,6.58126844183284,0.30608602200509,0.487099163738055,"Heat Contribution",6.09416927809478,0.487099163738055,6.58126844183283,3,6.58126844183283,"Small Above"
"371050301022",5.78808325608969,6.58126844183284,0.30608602200509,0.487099163738055,"CBG Attributable Rate",0,6.58126844183284,6.58126844183284,4,6.58126844183284,"CBG"
"371050301013",5.78808325608969,7.35808413587135,0.298096809447383,1.27190407033427,"RT Summer Avg. Rate",0,5.78808325608969,5.78808325608969,1,5.78808325608969,"Average"
"371050301013",5.78808325608969,7.35808413587135,0.298096809447383,1.27190407033427,"Health Contribution",5.78808325608969,0.298096809447383,6.08618006553707,2,6.08618006553707,"Small Above"
"371050301013",5.78808325608969,7.35808413587135,0.298096809447383,1.27190407033427,"Heat Contribution",6.08618006553707,1.27190407033427,7.35808413587134,3,7.35808413587134,"Small Above"
"371050301013",5.78808325608969,7.35808413587135,0.298096809447383,1.27190407033427,"CBG Attributable Rate",0,7.35808413587135,7.35808413587135,4,7.35808413587135,"CBG"
"370850709042",5.78808325608969,7.26294754426385,0.679770029152497,0.795094259021655,"RT Summer Avg. Rate",0,5.78808325608969,5.78808325608969,1,5.78808325608969,"Average"
"370850709042",5.78808325608969,7.26294754426385,0.679770029152497,0.795094259021655,"Health Contribution",5.78808325608969,0.679770029152497,6.46785328524219,2,6.46785328524219,"Small Above"
"370850709042",5.78808325608969,7.26294754426385,0.679770029152497,0.795094259021655,"Heat Contribution",6.46785328524219,0.795094259021655,7.26294754426384,3,7.26294754426384,"Small Above"
"370850709042",5.78808325608969,7.26294754426385,0.679770029152497,0.795094259021655,"CBG Attributable Rate",0,7.26294754426385,7.26294754426385,4,7.26294754426385,"CBG"
"370370201051",5.78808325608969,2.28883225518452,-2.41537610065741,-1.08387490024776,"RT Summer Avg. Rate",0,5.78808325608969,5.78808325608969,1,5.78808325608969,"Average"
"370370201051",5.78808325608969,2.28883225518452,-2.41537610065741,-1.08387490024776,"Health Contribution",5.78808325608969,-2.41537610065741,3.37270715543228,2,5.78808325608969,"Large Below"
"370370201051",5.78808325608969,2.28883225518452,-2.41537610065741,-1.08387490024776,"Heat Contribution",3.37270715543228,-1.08387490024776,2.28883225518452,3,3.37270715543228,"Small Below"
"370370201051",5.78808325608969,2.28883225518452,-2.41537610065741,-1.08387490024776,"CBG Attributable Rate",0,2.28883225518452,2.28883225518452,4,2.28883225518452,"CBG"
"370370204013",5.78808325608969,4.55049859843918,0.0653474420168443,-1.30293209966736,"RT Summer Avg. Rate",0,5.78808325608969,5.78808325608969,1,5.78808325608969,"Average"
"370370204013",5.78808325608969,4.55049859843918,0.0653474420168443,-1.30293209966736,"Health Contribution",5.78808325608969,0.0653474420168443,5.85343069810653,2,5.85343069810653,"Small Above"
"370370204013",5.78808325608969,4.55049859843918,0.0653474420168443,-1.30293209966736,"Heat Contribution",5.85343069810653,-1.30293209966736,4.55049859843917,3,5.85343069810653,"Small Below"
"370370204013",5.78808325608969,4.55049859843918,0.0653474420168443,-1.30293209966736,"CBG Attributable Rate",0,4.55049859843918,4.55049859843918,4,4.55049859843918,"CBG"
"371350107011",5.78808325608969,2.09339908679978,-2.72315573757241,-0.971528431717508,"RT Summer Avg. Rate",0,5.78808325608969,5.78808325608969,1,5.78808325608969,"Average"
"371350107011",5.78808325608969,2.09339908679978,-2.72315573757241,-0.971528431717508,"Health Contribution",5.78808325608969,-2.72315573757241,3.06492751851728,2,5.78808325608969,"Large Below"
"371350107011",5.78808325608969,2.09339908679978,-2.72315573757241,-0.971528431717508,"Heat Contribution",3.06492751851728,-0.971528431717508,2.09339908679977,3,3.06492751851728,"Small Below"
"371350107011",5.78808325608969,2.09339908679978,-2.72315573757241,-0.971528431717508,"CBG Attributable Rate",0,2.09339908679978,2.09339908679978,4,2.09339908679978,"CBG"
"371010410011",5.78808325608969,9.31518295913246,2.13561474821269,1.39148495483008,"RT Summer Avg. Rate",0,5.78808325608969,5.78808325608969,1,5.78808325608969,"Average"
"371010410011",5.78808325608969,9.31518295913246,2.13561474821269,1.39148495483008,"Health Contribution",5.78808325608969,2.13561474821269,7.92369800430238,2,7.92369800430238,"Large Above"
"371010410011",5.78808325608969,9.31518295913246,2.13561474821269,1.39148495483008,"Heat Contribution",7.92369800430238,1.39148495483008,9.31518295913246,3,9.31518295913246,"Small Above"
"371010410011",5.78808325608969,9.31518295913246,2.13561474821269,1.39148495483008,"CBG Attributable Rate",0,9.31518295913246,9.31518295913246,4,9.31518295913246,"CBG"
"371010404003",5.78808325608969,8.76484549875824,1.29174666582974,1.6850155768388,"RT Summer Avg. Rate",0,5.78808325608969,5.78808325608969,1,5.78808325608969,"Average"
"371010404003",5.78808325608969,8.76484549875824,1.29174666582974,1.6850155768388,"Health Contribution",5.78808325608969,1.29174666582974,7.07982992191943,2,7.07982992191943,"Small Above"
"371010404003",5.78808325608969,8.76484549875824,1.29174666582974,1.6850155768388,"Heat Contribution",7.07982992191943,1.6850155768388,8.76484549875823,3,8.76484549875823,"Small Above"
"371010404003",5.78808325608969,8.76484549875824,1.29174666582974,1.6850155768388,"CBG Attributable Rate",0,8.76484549875824,8.76484549875824,4,8.76484549875824,"CBG"
"371010410012",5.78808325608969,9.43572077316522,2.46071797677977,1.18691954029575,"RT Summer Avg. Rate",0,5.78808325608969,5.78808325608969,1,5.78808325608969,"Average"
"371010410012",5.78808325608969,9.43572077316522,2.46071797677977,1.18691954029575,"Health Contribution",5.78808325608969,2.46071797677977,8.24880123286946,2,8.24880123286946,"Large Above"
"371010410012",5.78808325608969,9.43572077316522,2.46071797677977,1.18691954029575,"Heat Contribution",8.24880123286946,1.18691954029575,9.43572077316521,3,9.43572077316521,"Small Above"
"371010410012",5.78808325608969,9.43572077316522,2.46071797677977,1.18691954029575,"CBG Attributable Rate",0,9.43572077316522,9.43572077316522,4,9.43572077316522,"CBG"
"371010403013",5.78808325608969,17.4728233762385,7.10910528083691,4.57563483931188,"RT Summer Avg. Rate",0,5.78808325608969,5.78808325608969,1,5.78808325608969,"Average"
"371010403013",5.78808325608969,17.4728233762385,7.10910528083691,4.57563483931188,"Health Contribution",5.78808325608969,7.10910528083691,12.8971885369266,2,12.8971885369266,"Large Above"
"371010403013",5.78808325608969,17.4728233762385,7.10910528083691,4.57563483931188,"Heat Contribution",12.8971885369266,4.57563483931188,17.4728233762385,3,17.4728233762385,"Large Above"
"371010403013",5.78808325608969,17.4728233762385,7.10910528083691,4.57563483931188,"CBG Attributable Rate",0,17.4728233762385,17.4728233762385,4,17.4728233762385,"CBG"
"371050302003",5.78808325608969,9.68310121477509,2.9868666545424,0.908151304142996,"RT Summer Avg. Rate",0,5.78808325608969,5.78808325608969,1,5.78808325608969,"Average"
"371050302003",5.78808325608969,9.68310121477509,2.9868666545424,0.908151304142996,"Health Contribution",5.78808325608969,2.9868666545424,8.77494991063209,2,8.77494991063209,"Large Above"
"371050302003",5.78808325608969,9.68310121477509,2.9868666545424,0.908151304142996,"Heat Contribution",8.77494991063209,0.908151304142996,9.68310121477509,3,9.68310121477509,"Small Above"
"371050302003",5.78808325608969,9.68310121477509,2.9868666545424,0.908151304142996,"CBG Attributable Rate",0,9.68310121477509,9.68310121477509,4,9.68310121477509,"CBG"
"370690601002",5.78808325608969,6.45274368162521,2.47216680363275,-1.80750637809723,"RT Summer Avg. Rate",0,5.78808325608969,5.78808325608969,1,5.78808325608969,"Average"
"370690601002",5.78808325608969,6.45274368162521,2.47216680363275,-1.80750637809723,"Health Contribution",5.78808325608969,2.47216680363275,8.26025005972244,2,8.26025005972244,"Large Above"
"370690601002",5.78808325608969,6.45274368162521,2.47216680363275,-1.80750637809723,"Heat Contribution",8.26025005972244,-1.80750637809723,6.45274368162521,3,8.26025005972244,"Small Below"
"370690601002",5.78808325608969,6.45274368162521,2.47216680363275,-1.80750637809723,"CBG Attributable Rate",0,6.45274368162521,6.45274368162521,4,6.45274368162521,"CBG"
"371830525051",5.78808325608969,5.99449075729698,-0.755581599086404,0.961989100293688,"RT Summer Avg. Rate",0,5.78808325608969,5.78808325608969,1,5.78808325608969,"Average"
"371830525051",5.78808325608969,5.99449075729698,-0.755581599086404,0.961989100293688,"Health Contribution",5.78808325608969,-0.755581599086404,5.03250165700329,2,5.78808325608969,"Small Below"
"371830525051",5.78808325608969,5.99449075729698,-0.755581599086404,0.961989100293688,"Heat Contribution",5.03250165700329,0.961989100293688,5.99449075729697,3,5.99449075729697,"Small Above"
"371830525051",5.78808325608969,5.99449075729698,-0.755581599086404,0.961989100293688,"CBG Attributable Rate",0,5.99449075729698,5.99449075729698,4,5.99449075729698,"CBG"
"371830530091",5.78808325608969,7.39656991797982,1.34104738270682,0.267439279183306,"RT Summer Avg. Rate",0,5.78808325608969,5.78808325608969,1,5.78808325608969,"Average"
"371830530091",5.78808325608969,7.39656991797982,1.34104738270682,0.267439279183306,"Health Contribution",5.78808325608969,1.34104738270682,7.12913063879651,2,7.12913063879651,"Small Above"
"371830530091",5.78808325608969,7.39656991797982,1.34104738270682,0.267439279183306,"Heat Contribution",7.12913063879651,0.267439279183306,7.39656991797982,3,7.39656991797982,"Small Above"
"371830530091",5.78808325608969,7.39656991797982,1.34104738270682,0.267439279183306,"CBG Attributable Rate",0,7.39656991797982,7.39656991797982,4,7.39656991797982,"CBG"
"371830524011",5.78808325608969,3.80811855957642,-1.91909318878898,-0.0608715077242962,"RT Summer Avg. Rate",0,5.78808325608969,5.78808325608969,1,5.78808325608969,"Average"
"371830524011",5.78808325608969,3.80811855957642,-1.91909318878898,-0.0608715077242962,"Health Contribution",5.78808325608969,-1.91909318878898,3.86899006730071,2,5.78808325608969,"Small Below"
"371830524011",5.78808325608969,3.80811855957642,-1.91909318878898,-0.0608715077242962,"Heat Contribution",3.86899006730071,-0.0608715077242962,3.80811855957641,3,3.86899006730071,"Small Below"
"371830524011",5.78808325608969,3.80811855957642,-1.91909318878898,-0.0608715077242962,"CBG Attributable Rate",0,3.80811855957642,3.80811855957642,4,3.80811855957642,"CBG"
"371830537113",5.78808325608969,3.65423034776612,-2.06468949650676,-0.0691634118168121,"RT Summer Avg. Rate",0,5.78808325608969,5.78808325608969,1,5.78808325608969,"Average"
"371830537113",5.78808325608969,3.65423034776612,-2.06468949650676,-0.0691634118168121,"Health Contribution",5.78808325608969,-2.06468949650676,3.72339375958293,2,5.78808325608969,"Large Below"
"371830537113",5.78808325608969,3.65423034776612,-2.06468949650676,-0.0691634118168121,"Heat Contribution",3.72339375958293,-0.0691634118168121,3.65423034776612,3,3.72339375958293,"Small Below"
"371830537113",5.78808325608969,3.65423034776612,-2.06468949650676,-0.0691634118168121,"CBG Attributable Rate",0,3.65423034776612,3.65423034776612,4,3.65423034776612,"CBG"
"371830537252",5.78808325608969,5.14224289179297,-0.703824616348081,0.0579842520513541,"RT Summer Avg. Rate",0,5.78808325608969,5.78808325608969,1,5.78808325608969,"Average"
"371830537252",5.78808325608969,5.14224289179297,-0.703824616348081,0.0579842520513541,"Health Contribution",5.78808325608969,-0.703824616348081,5.08425863974161,2,5.78808325608969,"Small Below"
"371830537252",5.78808325608969,5.14224289179297,-0.703824616348081,0.0579842520513541,"Heat Contribution",5.08425863974161,0.0579842520513541,5.14224289179296,3,5.14224289179296,"Small Above"
"371830537252",5.78808325608969,5.14224289179297,-0.703824616348081,0.0579842520513541,"CBG Attributable Rate",0,5.14224289179297,5.14224289179297,4,5.14224289179297,"CBG"
"371830541063",5.78808325608969,6.34274055862856,-0.596332743858993,1.15099004639786,"RT Summer Avg. Rate",0,5.78808325608969,5.78808325608969,1,5.78808325608969,"Average"
"371830541063",5.78808325608969,6.34274055862856,-0.596332743858993,1.15099004639786,"Health Contribution",5.78808325608969,-0.596332743858993,5.1917505122307,2,5.78808325608969,"Small Below"
"371830541063",5.78808325608969,6.34274055862856,-0.596332743858993,1.15099004639786,"Heat Contribution",5.1917505122307,1.15099004639786,6.34274055862856,3,6.34274055862856,"Small Above"
"371830541063",5.78808325608969,6.34274055862856,-0.596332743858993,1.15099004639786,"CBG Attributable Rate",0,6.34274055862856,6.34274055862856,4,6.34274055862856,"CBG"
"371830530031",5.78808325608969,3.30154314268672,-2.60148849443017,0.114948381027196,"RT Summer Avg. Rate",0,5.78808325608969,5.78808325608969,1,5.78808325608969,"Average"
"371830530031",5.78808325608969,3.30154314268672,-2.60148849443017,0.114948381027196,"Health Contribution",5.78808325608969,-2.60148849443017,3.18659476165952,2,5.78808325608969,"Large Below"
"371830530031",5.78808325608969,3.30154314268672,-2.60148849443017,0.114948381027196,"Heat Contribution",3.18659476165952,0.114948381027196,3.30154314268672,3,3.30154314268672,"Small Above"
"371830530031",5.78808325608969,3.30154314268672,-2.60148849443017,0.114948381027196,"CBG Attributable Rate",0,3.30154314268672,3.30154314268672,4,3.30154314268672,"CBG"
"371350117002",5.78808325608969,4.50546937633349,-1.28251795464219,-9.59251140158084e-05,"RT Summer Avg. Rate",0,5.78808325608969,5.78808325608969,1,5.78808325608969,"Average"
"371350117002",5.78808325608969,4.50546937633349,-1.28251795464219,-9.59251140158084e-05,"Health Contribution",5.78808325608969,-1.28251795464219,4.5055653014475,2,5.78808325608969,"Small Below"
"371350117002",5.78808325608969,4.50546937633349,-1.28251795464219,-9.59251140158084e-05,"Heat Contribution",4.5055653014475,-9.59251140158084e-05,4.50546937633348,3,4.5055653014475,"Small Below"
"371350117002",5.78808325608969,4.50546937633349,-1.28251795464219,-9.59251140158084e-05,"CBG Attributable Rate",0,4.50546937633349,4.50546937633349,4,4.50546937633349,"CBG"
"371830530041",5.78808325608969,4.41426157092962,-1.67082274059449,0.297001055434413,"RT Summer Avg. Rate",0,5.78808325608969,5.78808325608969,1,5.78808325608969,"Average"
"371830530041",5.78808325608969,4.41426157092962,-1.67082274059449,0.297001055434413,"Health Contribution",5.78808325608969,-1.67082274059449,4.1172605154952,2,5.78808325608969,"Small Below"
"371830530041",5.78808325608969,4.41426157092962,-1.67082274059449,0.297001055434413,"Heat Contribution",4.1172605154952,0.297001055434413,4.41426157092961,3,4.41426157092961,"Small Above"
"371830530041",5.78808325608969,4.41426157092962,-1.67082274059449,0.297001055434413,"CBG Attributable Rate",0,4.41426157092962,4.41426157092962,4,4.41426157092962,"CBG"
"371830532022",5.78808325608969,4.66322559182123,-1.16627522599965,0.0414175617311885,"RT Summer Avg. Rate",0,5.78808325608969,5.78808325608969,1,5.78808325608969,"Average"
"371830532022",5.78808325608969,4.66322559182123,-1.16627522599965,0.0414175617311885,"Health Contribution",5.78808325608969,-1.16627522599965,4.62180803009004,2,5.78808325608969,"Small Below"
"371830532022",5.78808325608969,4.66322559182123,-1.16627522599965,0.0414175617311885,"Heat Contribution",4.62180803009004,0.0414175617311885,4.66322559182123,3,4.66322559182123,"Small Above"
"371830532022",5.78808325608969,4.66322559182123,-1.16627522599965,0.0414175617311885,"CBG Attributable Rate",0,4.66322559182123,4.66322559182123,4,4.66322559182123,"CBG"
"371830532061",5.78808325608969,6.64572747349341,0.787034409294187,0.0706098081095242,"RT Summer Avg. Rate",0,5.78808325608969,5.78808325608969,1,5.78808325608969,"Average"
"371830532061",5.78808325608969,6.64572747349341,0.787034409294187,0.0706098081095242,"Health Contribution",5.78808325608969,0.787034409294187,6.57511766538388,2,6.57511766538388,"Small Above"
"371830532061",5.78808325608969,6.64572747349341,0.787034409294187,0.0706098081095242,"Heat Contribution",6.57511766538388,0.0706098081095242,6.6457274734934,3,6.6457274734934,"Small Above"
"371830532061",5.78808325608969,6.64572747349341,0.787034409294187,0.0706098081095242,"CBG Attributable Rate",0,6.64572747349341,6.64572747349341,4,6.64572747349341,"CBG"
"371830532041",5.78808325608969,6.42592863463511,0.536683292761136,0.101162085784282,"RT Summer Avg. Rate",0,5.78808325608969,5.78808325608969,1,5.78808325608969,"Average"
"371830532041",5.78808325608969,6.42592863463511,0.536683292761136,0.101162085784282,"Health Contribution",5.78808325608969,0.536683292761136,6.32476654885083,2,6.32476654885083,"Small Above"
"371830532041",5.78808325608969,6.42592863463511,0.536683292761136,0.101162085784282,"Heat Contribution",6.32476654885083,0.101162085784282,6.42592863463511,3,6.42592863463511,"Small Above"
"371830532041",5.78808325608969,6.42592863463511,0.536683292761136,0.101162085784282,"CBG Attributable Rate",0,6.42592863463511,6.42592863463511,4,6.42592863463511,"CBG"
"371830534093",5.78808325608969,4.40768582475392,-1.47071521383067,0.090317782494898,"RT Summer Avg. Rate",0,5.78808325608969,5.78808325608969,1,5.78808325608969,"Average"
"371830534093",5.78808325608969,4.40768582475392,-1.47071521383067,0.090317782494898,"Health Contribution",5.78808325608969,-1.47071521383067,4.31736804225902,2,5.78808325608969,"Small Below"
"371830534093",5.78808325608969,4.40768582475392,-1.47071521383067,0.090317782494898,"Heat Contribution",4.31736804225902,0.090317782494898,4.40768582475392,3,4.40768582475392,"Small Above"
"371830534093",5.78808325608969,4.40768582475392,-1.47071521383067,0.090317782494898,"CBG Attributable Rate",0,4.40768582475392,4.40768582475392,4,4.40768582475392,"CBG"
"371830534242",5.78808325608969,5.13353263196091,-0.822325840867389,0.167775216738609,"RT Summer Avg. Rate",0,5.78808325608969,5.78808325608969,1,5.78808325608969,"Average"
"371830534242",5.78808325608969,5.13353263196091,-0.822325840867389,0.167775216738609,"Health Contribution",5.78808325608969,-0.822325840867389,4.9657574152223,2,5.78808325608969,"Small Below"
"371830534242",5.78808325608969,5.13353263196091,-0.822325840867389,0.167775216738609,"Heat Contribution",4.9657574152223,0.167775216738609,5.13353263196091,3,5.13353263196091,"Small Above"
"371830534242",5.78808325608969,5.13353263196091,-0.822325840867389,0.167775216738609,"CBG Attributable Rate",0,5.13353263196091,5.13353263196091,4,5.13353263196091,"CBG"
"371830534111",5.78808325608969,3.82554899424407,-2.11942842776729,0.156894165921666,"RT Summer Avg. Rate",0,5.78808325608969,5.78808325608969,1,5.78808325608969,"Average"
"371830534111",5.78808325608969,3.82554899424407,-2.11942842776729,0.156894165921666,"Health Contribution",5.78808325608969,-2.11942842776729,3.6686548283224,2,5.78808325608969,"Large Below"
"371830534111",5.78808325608969,3.82554899424407,-2.11942842776729,0.156894165921666,"Heat Contribution",3.6686548283224,0.156894165921666,3.82554899424407,3,3.82554899424407,"Small Above"
"371830534111",5.78808325608969,3.82554899424407,-2.11942842776729,0.156894165921666,"CBG Attributable Rate",0,3.82554899424407,3.82554899424407,4,3.82554899424407,"CBG"
"371830534112",5.78808325608969,3.4627268231049,-2.44595846558877,0.120602032603978,"RT Summer Avg. Rate",0,5.78808325608969,5.78808325608969,1,5.78808325608969,"Average"
"371830534112",5.78808325608969,3.4627268231049,-2.44595846558877,0.120602032603978,"Health Contribution",5.78808325608969,-2.44595846558877,3.34212479050092,2,5.78808325608969,"Large Below"
"371830534112",5.78808325608969,3.4627268231049,-2.44595846558877,0.120602032603978,"Heat Contribution",3.34212479050092,0.120602032603978,3.4627268231049,3,3.4627268231049,"Small Above"
"371830534112",5.78808325608969,3.4627268231049,-2.44595846558877,0.120602032603978,"CBG Attributable Rate",0,3.4627268231049,3.4627268231049,4,3.4627268231049,"CBG"
"371830538061",5.78808325608969,3.46143847482609,-1.71530911785831,-0.611335663405291,"RT Summer Avg. Rate",0,5.78808325608969,5.78808325608969,1,5.78808325608969,"Average"
"371830538061",5.78808325608969,3.46143847482609,-1.71530911785831,-0.611335663405291,"Health Contribution",5.78808325608969,-1.71530911785831,4.07277413823138,2,5.78808325608969,"Small Below"
"371830538061",5.78808325608969,3.46143847482609,-1.71530911785831,-0.611335663405291,"Heat Contribution",4.07277413823138,-0.611335663405291,3.46143847482609,3,4.07277413823138,"Small Below"
"371830538061",5.78808325608969,3.46143847482609,-1.71530911785831,-0.611335663405291,"CBG Attributable Rate",0,3.46143847482609,3.46143847482609,4,3.46143847482609,"CBG"
"371830535211",5.78808325608969,3.351591762477,-2.18048991254484,-0.256001581067852,"RT Summer Avg. Rate",0,5.78808325608969,5.78808325608969,1,5.78808325608969,"Average"
"371830535211",5.78808325608969,3.351591762477,-2.18048991254484,-0.256001581067852,"Health Contribution",5.78808325608969,-2.18048991254484,3.60759334354485,2,5.78808325608969,"Large Below"
"371830535211",5.78808325608969,3.351591762477,-2.18048991254484,-0.256001581067852,"Heat Contribution",3.60759334354485,-0.256001581067852,3.351591762477,3,3.60759334354485,"Small Below"
"371830535211",5.78808325608969,3.351591762477,-2.18048991254484,-0.256001581067852,"CBG Attributable Rate",0,3.351591762477,3.351591762477,4,3.351591762477,"CBG"
"371830538032",5.78808325608969,2.91434339340468,-2.51230749914906,-0.361432363535957,"RT Summer Avg. Rate",0,5.78808325608969,5.78808325608969,1,5.78808325608969,"Average"
"371830538032",5.78808325608969,2.91434339340468,-2.51230749914906,-0.361432363535957,"Health Contribution",5.78808325608969,-2.51230749914906,3.27577575694063,2,5.78808325608969,"Large Below"
"371830538032",5.78808325608969,2.91434339340468,-2.51230749914906,-0.361432363535957,"Heat Contribution",3.27577575694063,-0.361432363535957,2.91434339340467,3,3.27577575694063,"Small Below"
"371830538032",5.78808325608969,2.91434339340468,-2.51230749914906,-0.361432363535957,"CBG Attributable Rate",0,2.91434339340468,2.91434339340468,4,2.91434339340468,"CBG"
"371830535221",5.78808325608969,5.64588652298508,-0.412648550198807,0.270451817094191,"RT Summer Avg. Rate",0,5.78808325608969,5.78808325608969,1,5.78808325608969,"Average"
"371830535221",5.78808325608969,5.64588652298508,-0.412648550198807,0.270451817094191,"Health Contribution",5.78808325608969,-0.412648550198807,5.37543470589088,2,5.78808325608969,"Small Below"
"371830535221",5.78808325608969,5.64588652298508,-0.412648550198807,0.270451817094191,"Heat Contribution",5.37543470589088,0.270451817094191,5.64588652298507,3,5.64588652298507,"Small Above"
"371830535221",5.78808325608969,5.64588652298508,-0.412648550198807,0.270451817094191,"CBG Attributable Rate",0,5.64588652298508,5.64588652298508,4,5.64588652298508,"CBG"
"371830537121",5.78808325608969,3.32730941692882,-1.97917929382867,-0.481594545332199,"RT Summer Avg. Rate",0,5.78808325608969,5.78808325608969,1,5.78808325608969,"Average"
"371830537121",5.78808325608969,3.32730941692882,-1.97917929382867,-0.481594545332199,"Health Contribution",5.78808325608969,-1.97917929382867,3.80890396226102,2,5.78808325608969,"Small Below"
"371830537121",5.78808325608969,3.32730941692882,-1.97917929382867,-0.481594545332199,"Heat Contribution",3.80890396226102,-0.481594545332199,3.32730941692882,3,3.80890396226102,"Small Below"
"371830537121",5.78808325608969,3.32730941692882,-1.97917929382867,-0.481594545332199,"CBG Attributable Rate",0,3.32730941692882,3.32730941692882,4,3.32730941692882,"CBG"
"371830537191",5.78808325608969,3.32029555876775,-1.75795286397853,-0.709834833343423,"RT Summer Avg. Rate",0,5.78808325608969,5.78808325608969,1,5.78808325608969,"Average"
"371830537191",5.78808325608969,3.32029555876775,-1.75795286397853,-0.709834833343423,"Health Contribution",5.78808325608969,-1.75795286397853,4.03013039211116,2,5.78808325608969,"Small Below"
"371830537191",5.78808325608969,3.32029555876775,-1.75795286397853,-0.709834833343423,"Heat Contribution",4.03013039211116,-0.709834833343423,3.32029555876774,3,4.03013039211116,"Small Below"
"371830537191",5.78808325608969,3.32029555876775,-1.75795286397853,-0.709834833343423,"CBG Attributable Rate",0,3.32029555876775,3.32029555876775,4,3.32029555876775,"CBG"
"371830538051",5.78808325608969,3.12923789202381,-2.30717935233721,-0.351666011728684,"RT Summer Avg. Rate",0,5.78808325608969,5.78808325608969,1,5.78808325608969,"Average"
"371830538051",5.78808325608969,3.12923789202381,-2.30717935233721,-0.351666011728684,"Health Contribution",5.78808325608969,-2.30717935233721,3.48090390375248,2,5.78808325608969,"Large Below"
"371830538051",5.78808325608969,3.12923789202381,-2.30717935233721,-0.351666011728684,"Heat Contribution",3.48090390375248,-0.351666011728684,3.1292378920238,3,3.48090390375248,"Small Below"
"371830538051",5.78808325608969,3.12923789202381,-2.30717935233721,-0.351666011728684,"CBG Attributable Rate",0,3.12923789202381,3.12923789202381,4,3.12923789202381,"CBG"
"371830538062",5.78808325608969,3.10932285600775,-2.35338891071162,-0.325371489370329,"RT Summer Avg. Rate",0,5.78808325608969,5.78808325608969,1,5.78808325608969,"Average"
"371830538062",5.78808325608969,3.10932285600775,-2.35338891071162,-0.325371489370329,"Health Contribution",5.78808325608969,-2.35338891071162,3.43469434537807,2,5.78808325608969,"Large Below"
"371830538062",5.78808325608969,3.10932285600775,-2.35338891071162,-0.325371489370329,"Heat Contribution",3.43469434537807,-0.325371489370329,3.10932285600774,3,3.43469434537807,"Small Below"
"371830538062",5.78808325608969,3.10932285600775,-2.35338891071162,-0.325371489370329,"CBG Attributable Rate",0,3.10932285600775,3.10932285600775,4,3.10932285600775,"CBG"
"371830537211",5.78808325608969,2.60756926406642,-2.6723429811072,-0.508171010916073,"RT Summer Avg. Rate",0,5.78808325608969,5.78808325608969,1,5.78808325608969,"Average"
"371830537211",5.78808325608969,2.60756926406642,-2.6723429811072,-0.508171010916073,"Health Contribution",5.78808325608969,-2.6723429811072,3.11574027498249,2,5.78808325608969,"Large Below"
"371830537211",5.78808325608969,2.60756926406642,-2.6723429811072,-0.508171010916073,"Heat Contribution",3.11574027498249,-0.508171010916073,2.60756926406642,3,3.11574027498249,"Small Below"
"371830537211",5.78808325608969,2.60756926406642,-2.6723429811072,-0.508171010916073,"CBG Attributable Rate",0,2.60756926406642,2.60756926406642,4,2.60756926406642,"CBG"
"371830540162",5.78808325608969,4.18599993422956,-2.15254443674631,0.550461114886173,"RT Summer Avg. Rate",0,5.78808325608969,5.78808325608969,1,5.78808325608969,"Average"
"371830540162",5.78808325608969,4.18599993422956,-2.15254443674631,0.550461114886173,"Health Contribution",5.78808325608969,-2.15254443674631,3.63553881934338,2,5.78808325608969,"Large Below"
"371830540162",5.78808325608969,4.18599993422956,-2.15254443674631,0.550461114886173,"Heat Contribution",3.63553881934338,0.550461114886173,4.18599993422955,3,4.18599993422955,"Small Above"
"371830540162",5.78808325608969,4.18599993422956,-2.15254443674631,0.550461114886173,"CBG Attributable Rate",0,4.18599993422956,4.18599993422956,4,4.18599993422956,"CBG"
"371830541083",5.78808325608969,6.83712038353727,0.760822026290347,0.288215101157228,"RT Summer Avg. Rate",0,5.78808325608969,5.78808325608969,1,5.78808325608969,"Average"
"371830541083",5.78808325608969,6.83712038353727,0.760822026290347,0.288215101157228,"Health Contribution",5.78808325608969,0.760822026290347,6.54890528238004,2,6.54890528238004,"Small Above"
"371830541083",5.78808325608969,6.83712038353727,0.760822026290347,0.288215101157228,"Heat Contribution",6.54890528238004,0.288215101157228,6.83712038353726,3,6.83712038353726,"Small Above"
"371830541083",5.78808325608969,6.83712038353727,0.760822026290347,0.288215101157228,"CBG Attributable Rate",0,6.83712038353727,6.83712038353727,4,6.83712038353727,"CBG"
"371830541132",5.78808325608969,6.1957940143455,-0.276240365601517,0.683951123857327,"RT Summer Avg. Rate",0,5.78808325608969,5.78808325608969,1,5.78808325608969,"Average"
"371830541132",5.78808325608969,6.1957940143455,-0.276240365601517,0.683951123857327,"Health Contribution",5.78808325608969,-0.276240365601517,5.51184289048817,2,5.78808325608969,"Small Below"
"371830541132",5.78808325608969,6.1957940143455,-0.276240365601517,0.683951123857327,"Heat Contribution",5.51184289048817,0.683951123857327,6.1957940143455,3,6.1957940143455,"Small Above"
"371830541132",5.78808325608969,6.1957940143455,-0.276240365601517,0.683951123857327,"CBG Attributable Rate",0,6.1957940143455,6.1957940143455,4,6.1957940143455,"CBG"
"371830541082",5.78808325608969,6.31779021530688,0.279045445684633,0.250661513532553,"RT Summer Avg. Rate",0,5.78808325608969,5.78808325608969,1,5.78808325608969,"Average"
"371830541082",5.78808325608969,6.31779021530688,0.279045445684633,0.250661513532553,"Health Contribution",5.78808325608969,0.279045445684633,6.06712870177432,2,6.06712870177432,"Small Above"
"371830541082",5.78808325608969,6.31779021530688,0.279045445684633,0.250661513532553,"Heat Contribution",6.06712870177432,0.250661513532553,6.31779021530688,3,6.31779021530688,"Small Above"
"371830541082",5.78808325608969,6.31779021530688,0.279045445684633,0.250661513532553,"CBG Attributable Rate",0,6.31779021530688,6.31779021530688,4,6.31779021530688,"CBG"
"371050302001",5.78808325608969,7.37312438617534,0.64320163398302,0.941839496102623,"RT Summer Avg. Rate",0,5.78808325608969,5.78808325608969,1,5.78808325608969,"Average"
"371050302001",5.78808325608969,7.37312438617534,0.64320163398302,0.941839496102623,"Health Contribution",5.78808325608969,0.64320163398302,6.43128489007271,2,6.43128489007271,"Small Above"
"371050302001",5.78808325608969,7.37312438617534,0.64320163398302,0.941839496102623,"Heat Contribution",6.43128489007271,0.941839496102623,7.37312438617533,3,7.37312438617533,"Small Above"
"371050302001",5.78808325608969,7.37312438617534,0.64320163398302,0.941839496102623,"CBG Attributable Rate",0,7.37312438617534,7.37312438617534,4,7.37312438617534,"CBG"
"371050303001",5.78808325608969,11.0917245611958,3.65799937937153,1.64564192573459,"RT Summer Avg. Rate",0,5.78808325608969,5.78808325608969,1,5.78808325608969,"Average"
"371050303001",5.78808325608969,11.0917245611958,3.65799937937153,1.64564192573459,"Health Contribution",5.78808325608969,3.65799937937153,9.44608263546122,2,9.44608263546122,"Large Above"
"371050303001",5.78808325608969,11.0917245611958,3.65799937937153,1.64564192573459,"Heat Contribution",9.44608263546122,1.64564192573459,11.0917245611958,3,11.0917245611958,"Small Above"
"371050303001",5.78808325608969,11.0917245611958,3.65799937937153,1.64564192573459,"CBG Attributable Rate",0,11.0917245611958,11.0917245611958,4,11.0917245611958,"CBG"
"371350113001",5.78808325608969,5.94051053991574,0.438821048913964,-0.28639376508792,"RT Summer Avg. Rate",0,5.78808325608969,5.78808325608969,1,5.78808325608969,"Average"
"371350113001",5.78808325608969,5.94051053991574,0.438821048913964,-0.28639376508792,"Health Contribution",5.78808325608969,0.438821048913964,6.22690430500365,2,6.22690430500365,"Small Above"
"371350113001",5.78808325608969,5.94051053991574,0.438821048913964,-0.28639376508792,"Heat Contribution",6.22690430500365,-0.28639376508792,5.94051053991573,3,6.22690430500365,"Small Below"
"371350113001",5.78808325608969,5.94051053991574,0.438821048913964,-0.28639376508792,"CBG Attributable Rate",0,5.94051053991574,5.94051053991574,4,5.94051053991574,"CBG"
"371350114001",5.78808325608969,3.26433696915598,-2.17831765329722,-0.345428633636496,"RT Summer Avg. Rate",0,5.78808325608969,5.78808325608969,1,5.78808325608969,"Average"
"371350114001",5.78808325608969,3.26433696915598,-2.17831765329722,-0.345428633636496,"Health Contribution",5.78808325608969,-2.17831765329722,3.60976560279247,2,5.78808325608969,"Large Below"
"371350114001",5.78808325608969,3.26433696915598,-2.17831765329722,-0.345428633636496,"Heat Contribution",3.60976560279247,-0.345428633636496,3.26433696915597,3,3.60976560279247,"Small Below"
"371350114001",5.78808325608969,3.26433696915598,-2.17831765329722,-0.345428633636496,"CBG Attributable Rate",0,3.26433696915598,3.26433696915598,4,3.26433696915598,"CBG"
"371350114002",5.78808325608969,3.7774280005226,-1.74370805084021,-0.26694720472688,"RT Summer Avg. Rate",0,5.78808325608969,5.78808325608969,1,5.78808325608969,"Average"
"371350114002",5.78808325608969,3.7774280005226,-1.74370805084021,-0.26694720472688,"Health Contribution",5.78808325608969,-1.74370805084021,4.04437520524948,2,5.78808325608969,"Small Below"
"371350114002",5.78808325608969,3.7774280005226,-1.74370805084021,-0.26694720472688,"Heat Contribution",4.04437520524948,-0.26694720472688,3.7774280005226,3,4.04437520524948,"Small Below"
"371350114002",5.78808325608969,3.7774280005226,-1.74370805084021,-0.26694720472688,"CBG Attributable Rate",0,3.7774280005226,3.7774280005226,4,3.7774280005226,"CBG"
"371350115001",5.78808325608969,3.8085174915012,-1.92945478877155,-0.050110975816943,"RT Summer Avg. Rate",0,5.78808325608969,5.78808325608969,1,5.78808325608969,"Average"
"371350115001",5.78808325608969,3.8085174915012,-1.92945478877155,-0.050110975816943,"Health Contribution",5.78808325608969,-1.92945478877155,3.85862846731814,2,5.78808325608969,"Small Below"
"371350115001",5.78808325608969,3.8085174915012,-1.92945478877155,-0.050110975816943,"Heat Contribution",3.85862846731814,-0.050110975816943,3.8085174915012,3,3.85862846731814,"Small Below"
"371350115001",5.78808325608969,3.8085174915012,-1.92945478877155,-0.050110975816943,"CBG Attributable Rate",0,3.8085174915012,3.8085174915012,4,3.8085174915012,"CBG"
"371350108021",5.78808325608969,2.6917493079651,-1.09159455431544,-2.00473939380916,"RT Summer Avg. Rate",0,5.78808325608969,5.78808325608969,1,5.78808325608969,"Average"
"371350108021",5.78808325608969,2.6917493079651,-1.09159455431544,-2.00473939380916,"Health Contribution",5.78808325608969,-1.09159455431544,4.69648870177425,2,5.78808325608969,"Small Below"
"371350108021",5.78808325608969,2.6917493079651,-1.09159455431544,-2.00473939380916,"Heat Contribution",4.69648870177425,-2.00473939380916,2.69174930796509,3,4.69648870177425,"Large Below"
"371350108021",5.78808325608969,2.6917493079651,-1.09159455431544,-2.00473939380916,"CBG Attributable Rate",0,2.6917493079651,2.6917493079651,4,2.6917493079651,"CBG"
"371830538031",5.78808325608969,2.99242177892891,-2.30739938636949,-0.48826209079129,"RT Summer Avg. Rate",0,5.78808325608969,5.78808325608969,1,5.78808325608969,"Average"
"371830538031",5.78808325608969,2.99242177892891,-2.30739938636949,-0.48826209079129,"Health Contribution",5.78808325608969,-2.30739938636949,3.4806838697202,2,5.78808325608969,"Large Below"
"371830538031",5.78808325608969,2.99242177892891,-2.30739938636949,-0.48826209079129,"Heat Contribution",3.4806838697202,-0.48826209079129,2.99242177892891,3,3.4806838697202,"Small Below"
"371830538031",5.78808325608969,2.99242177892891,-2.30739938636949,-0.48826209079129,"CBG Attributable Rate",0,2.99242177892891,2.99242177892891,4,2.99242177892891,"CBG"
"371830527073",5.78808325608969,7.12805617300064,-0.0103370851835297,1.35031000209448,"RT Summer Avg. Rate",0,5.78808325608969,5.78808325608969,1,5.78808325608969,"Average"
"371830527073",5.78808325608969,7.12805617300064,-0.0103370851835297,1.35031000209448,"Health Contribution",5.78808325608969,-0.0103370851835297,5.77774617090616,2,5.78808325608969,"Small Below"
"371830527073",5.78808325608969,7.12805617300064,-0.0103370851835297,1.35031000209448,"Heat Contribution",5.77774617090616,1.35031000209448,7.12805617300064,3,7.12805617300064,"Small Above"
"371830527073",5.78808325608969,7.12805617300064,-0.0103370851835297,1.35031000209448,"CBG Attributable Rate",0,7.12805617300064,7.12805617300064,4,7.12805617300064,"CBG"
"371830529022",5.78808325608969,5.95450529916491,-0.0809169904195479,0.247339033494763,"RT Summer Avg. Rate",0,5.78808325608969,5.78808325608969,1,5.78808325608969,"Average"
"371830529022",5.78808325608969,5.95450529916491,-0.0809169904195479,0.247339033494763,"Health Contribution",5.78808325608969,-0.0809169904195479,5.70716626567014,2,5.78808325608969,"Small Below"
"371830529022",5.78808325608969,5.95450529916491,-0.0809169904195479,0.247339033494763,"Heat Contribution",5.70716626567014,0.247339033494763,5.95450529916491,3,5.95450529916491,"Small Above"
"371830529022",5.78808325608969,5.95450529916491,-0.0809169904195479,0.247339033494763,"CBG Attributable Rate",0,5.95450529916491,5.95450529916491,4,5.95450529916491,"CBG"
"371830530051",5.78808325608969,4.8442669740925,-1.22506247845425,0.281246196457057,"RT Summer Avg. Rate",0,5.78808325608969,5.78808325608969,1,5.78808325608969,"Average"
"371830530051",5.78808325608969,4.8442669740925,-1.22506247845425,0.281246196457057,"Health Contribution",5.78808325608969,-1.22506247845425,4.56302077763544,2,5.78808325608969,"Small Below"
"371830530051",5.78808325608969,4.8442669740925,-1.22506247845425,0.281246196457057,"Heat Contribution",4.56302077763544,0.281246196457057,4.8442669740925,3,4.8442669740925,"Small Above"
"371830530051",5.78808325608969,4.8442669740925,-1.22506247845425,0.281246196457057,"CBG Attributable Rate",0,4.8442669740925,4.8442669740925,4,4.8442669740925,"CBG"
"371830530071",5.78808325608969,3.51609451650162,-2.19254067172938,-0.0794480678586963,"RT Summer Avg. Rate",0,5.78808325608969,5.78808325608969,1,5.78808325608969,"Average"
"371830530071",5.78808325608969,3.51609451650162,-2.19254067172938,-0.0794480678586963,"Health Contribution",5.78808325608969,-2.19254067172938,3.59554258436031,2,5.78808325608969,"Large Below"
"371830530071",5.78808325608969,3.51609451650162,-2.19254067172938,-0.0794480678586963,"Heat Contribution",3.59554258436031,-0.0794480678586963,3.51609451650161,3,3.59554258436031,"Small Below"
"371830530071",5.78808325608969,3.51609451650162,-2.19254067172938,-0.0794480678586963,"CBG Attributable Rate",0,3.51609451650162,3.51609451650162,4,3.51609451650162,"CBG"
"371830530072",5.78808325608969,3.2190413764606,-2.25646843406891,-0.312573445560183,"RT Summer Avg. Rate",0,5.78808325608969,5.78808325608969,1,5.78808325608969,"Average"
"371830530072",5.78808325608969,3.2190413764606,-2.25646843406891,-0.312573445560183,"Health Contribution",5.78808325608969,-2.25646843406891,3.53161482202078,2,5.78808325608969,"Large Below"
"371830530072",5.78808325608969,3.2190413764606,-2.25646843406891,-0.312573445560183,"Heat Contribution",3.53161482202078,-0.312573445560183,3.2190413764606,3,3.53161482202078,"Small Below"
"371830530072",5.78808325608969,3.2190413764606,-2.25646843406891,-0.312573445560183,"CBG Attributable Rate",0,3.2190413764606,3.2190413764606,4,3.2190413764606,"CBG"
"371830530042",5.78808325608969,4.82425892347768,-1.2579137016122,0.294089369000188,"RT Summer Avg. Rate",0,5.78808325608969,5.78808325608969,1,5.78808325608969,"Average"
"371830530042",5.78808325608969,4.82425892347768,-1.2579137016122,0.294089369000188,"Health Contribution",5.78808325608969,-1.2579137016122,4.53016955447749,2,5.78808325608969,"Small Below"
"371830530042",5.78808325608969,4.82425892347768,-1.2579137016122,0.294089369000188,"Heat Contribution",4.53016955447749,0.294089369000188,4.82425892347768,3,4.82425892347768,"Small Above"
"371830530042",5.78808325608969,4.82425892347768,-1.2579137016122,0.294089369000188,"CBG Attributable Rate",0,4.82425892347768,4.82425892347768,4,4.82425892347768,"CBG"
"371830529021",5.78808325608969,5.29832510009212,-0.738362098033776,0.248603942036201,"RT Summer Avg. Rate",0,5.78808325608969,5.78808325608969,1,5.78808325608969,"Average"
"371830529021",5.78808325608969,5.29832510009212,-0.738362098033776,0.248603942036201,"Health Contribution",5.78808325608969,-0.738362098033776,5.04972115805591,2,5.78808325608969,"Small Below"
"371830529021",5.78808325608969,5.29832510009212,-0.738362098033776,0.248603942036201,"Heat Contribution",5.04972115805591,0.248603942036201,5.29832510009212,3,5.29832510009212,"Small Above"
"371830529021",5.78808325608969,5.29832510009212,-0.738362098033776,0.248603942036201,"CBG Attributable Rate",0,5.29832510009212,5.29832510009212,4,5.29832510009212,"CBG"
"371830528072",5.78808325608969,6.78281068585697,0.695209475739013,0.299517954028267,"RT Summer Avg. Rate",0,5.78808325608969,5.78808325608969,1,5.78808325608969,"Average"
"371830528072",5.78808325608969,6.78281068585697,0.695209475739013,0.299517954028267,"Health Contribution",5.78808325608969,0.695209475739013,6.4832927318287,2,6.4832927318287,"Small Above"
"371830528072",5.78808325608969,6.78281068585697,0.695209475739013,0.299517954028267,"Heat Contribution",6.4832927318287,0.299517954028267,6.78281068585697,3,6.78281068585697,"Small Above"
"371830528072",5.78808325608969,6.78281068585697,0.695209475739013,0.299517954028267,"CBG Attributable Rate",0,6.78281068585697,6.78281068585697,4,6.78281068585697,"CBG"
"371830531103",5.78808325608969,5.77309267147547,-0.131797611812817,0.116807027198597,"RT Summer Avg. Rate",0,5.78808325608969,5.78808325608969,1,5.78808325608969,"Average"
"371830531103",5.78808325608969,5.77309267147547,-0.131797611812817,0.116807027198597,"Health Contribution",5.78808325608969,-0.131797611812817,5.65628564427687,2,5.78808325608969,"Small Below"
"371830531103",5.78808325608969,5.77309267147547,-0.131797611812817,0.116807027198597,"Heat Contribution",5.65628564427687,0.116807027198597,5.77309267147547,3,5.77309267147547,"Small Above"
"371830531103",5.78808325608969,5.77309267147547,-0.131797611812817,0.116807027198597,"CBG Attributable Rate",0,5.77309267147547,5.77309267147547,4,5.77309267147547,"CBG"
"371830531101",5.78808325608969,6.02260822859614,0.199235810084914,0.0352891624215348,"RT Summer Avg. Rate",0,5.78808325608969,5.78808325608969,1,5.78808325608969,"Average"
"371830531101",5.78808325608969,6.02260822859614,0.199235810084914,0.0352891624215348,"Health Contribution",5.78808325608969,0.199235810084914,5.9873190661746,2,5.9873190661746,"Small Above"
"371830531101",5.78808325608969,6.02260822859614,0.199235810084914,0.0352891624215348,"Heat Contribution",5.9873190661746,0.0352891624215348,6.02260822859614,3,6.02260822859614,"Small Above"
"371830531101",5.78808325608969,6.02260822859614,0.199235810084914,0.0352891624215348,"CBG Attributable Rate",0,6.02260822859614,6.02260822859614,4,6.02260822859614,"CBG"
"370690603022",5.78808325608969,6.33939425852433,0.858816173388858,-0.307505170954225,"RT Summer Avg. Rate",0,5.78808325608969,5.78808325608969,1,5.78808325608969,"Average"
"370690603022",5.78808325608969,6.33939425852433,0.858816173388858,-0.307505170954225,"Health Contribution",5.78808325608969,0.858816173388858,6.64689942947855,2,6.64689942947855,"Small Above"
"370690603022",5.78808325608969,6.33939425852433,0.858816173388858,-0.307505170954225,"Heat Contribution",6.64689942947855,-0.307505170954225,6.33939425852432,3,6.64689942947855,"Small Below"
"370690603022",5.78808325608969,6.33939425852433,0.858816173388858,-0.307505170954225,"CBG Attributable Rate",0,6.33939425852433,6.33939425852433,4,6.33939425852433,"CBG"
"371830524041",5.78808325608969,4.72900635993633,-1.32368519153175,0.264608295378378,"RT Summer Avg. Rate",0,5.78808325608969,5.78808325608969,1,5.78808325608969,"Average"
"371830524041",5.78808325608969,4.72900635993633,-1.32368519153175,0.264608295378378,"Health Contribution",5.78808325608969,-1.32368519153175,4.46439806455794,2,5.78808325608969,"Small Below"
"371830524041",5.78808325608969,4.72900635993633,-1.32368519153175,0.264608295378378,"Heat Contribution",4.46439806455794,0.264608295378378,4.72900635993632,3,4.72900635993632,"Small Above"
"371830524041",5.78808325608969,4.72900635993633,-1.32368519153175,0.264608295378378,"CBG Attributable Rate",0,4.72900635993633,4.72900635993633,4,4.72900635993633,"CBG"
"371830540121",5.78808325608969,4.74123052910233,-1.25091908329921,0.204066356311852,"RT Summer Avg. Rate",0,5.78808325608969,5.78808325608969,1,5.78808325608969,"Average"
"371830540121",5.78808325608969,4.74123052910233,-1.25091908329921,0.204066356311852,"Health Contribution",5.78808325608969,-1.25091908329921,4.53716417279048,2,5.78808325608969,"Small Below"
"371830540121",5.78808325608969,4.74123052910233,-1.25091908329921,0.204066356311852,"Heat Contribution",4.53716417279048,0.204066356311852,4.74123052910233,3,4.74123052910233,"Small Above"
"371830540121",5.78808325608969,4.74123052910233,-1.25091908329921,0.204066356311852,"CBG Attributable Rate",0,4.74123052910233,4.74123052910233,4,4.74123052910233,"CBG"
"371830540171",5.78808325608969,6.83110580280639,0.0489530802070959,0.994069466509596,"RT Summer Avg. Rate",0,5.78808325608969,5.78808325608969,1,5.78808325608969,"Average"
"371830540171",5.78808325608969,6.83110580280639,0.0489530802070959,0.994069466509596,"Health Contribution",5.78808325608969,0.0489530802070959,5.83703633629679,2,5.83703633629679,"Small Above"
"371830540171",5.78808325608969,6.83110580280639,0.0489530802070959,0.994069466509596,"Heat Contribution",5.83703633629679,0.994069466509596,6.83110580280638,3,6.83110580280638,"Small Above"
"371830540171",5.78808325608969,6.83110580280639,0.0489530802070959,0.994069466509596,"CBG Attributable Rate",0,6.83110580280639,6.83110580280639,4,6.83110580280639,"CBG"
"371830507003",5.78808325608969,9.33488204833354,1.17035806398785,2.37644072825599,"RT Summer Avg. Rate",0,5.78808325608969,5.78808325608969,1,5.78808325608969,"Average"
"371830507003",5.78808325608969,9.33488204833354,1.17035806398785,2.37644072825599,"Health Contribution",5.78808325608969,1.17035806398785,6.95844132007754,2,6.95844132007754,"Small Above"
"371830507003",5.78808325608969,9.33488204833354,1.17035806398785,2.37644072825599,"Heat Contribution",6.95844132007754,2.37644072825599,9.33488204833353,3,9.33488204833353,"Large Above"
"371830507003",5.78808325608969,9.33488204833354,1.17035806398785,2.37644072825599,"CBG Attributable Rate",0,9.33488204833354,9.33488204833354,4,9.33488204833354,"CBG"
"371830521021",5.78808325608969,8.79842435728775,1.65222090312226,1.3581201980758,"RT Summer Avg. Rate",0,5.78808325608969,5.78808325608969,1,5.78808325608969,"Average"
"371830521021",5.78808325608969,8.79842435728775,1.65222090312226,1.3581201980758,"Health Contribution",5.78808325608969,1.65222090312226,7.44030415921195,2,7.44030415921195,"Small Above"
"371830521021",5.78808325608969,8.79842435728775,1.65222090312226,1.3581201980758,"Heat Contribution",7.44030415921195,1.3581201980758,8.79842435728775,3,8.79842435728775,"Small Above"
"371830521021",5.78808325608969,8.79842435728775,1.65222090312226,1.3581201980758,"CBG Attributable Rate",0,8.79842435728775,8.79842435728775,4,8.79842435728775,"CBG"
"371830524091",5.78808325608969,5.4546918329199,-0.997076090590227,0.663684667420429,"RT Summer Avg. Rate",0,5.78808325608969,5.78808325608969,1,5.78808325608969,"Average"
"371830524091",5.78808325608969,5.4546918329199,-0.997076090590227,0.663684667420429,"Health Contribution",5.78808325608969,-0.997076090590227,4.79100716549946,2,5.78808325608969,"Small Below"
"371830524091",5.78808325608969,5.4546918329199,-0.997076090590227,0.663684667420429,"Heat Contribution",4.79100716549946,0.663684667420429,5.45469183291989,3,5.45469183291989,"Small Above"
"371830524091",5.78808325608969,5.4546918329199,-0.997076090590227,0.663684667420429,"CBG Attributable Rate",0,5.4546918329199,5.4546918329199,4,5.4546918329199,"CBG"
"371830535222",5.78808325608969,5.31959131930152,-1.02947673501278,0.560984798224605,"RT Summer Avg. Rate",0,5.78808325608969,5.78808325608969,1,5.78808325608969,"Average"
"371830535222",5.78808325608969,5.31959131930152,-1.02947673501278,0.560984798224605,"Health Contribution",5.78808325608969,-1.02947673501278,4.75860652107691,2,5.78808325608969,"Small Below"
"371830535222",5.78808325608969,5.31959131930152,-1.02947673501278,0.560984798224605,"Heat Contribution",4.75860652107691,0.560984798224605,5.31959131930151,3,5.31959131930151,"Small Above"
"371830535222",5.78808325608969,5.31959131930152,-1.02947673501278,0.560984798224605,"CBG Attributable Rate",0,5.31959131930152,5.31959131930152,4,5.31959131930152,"CBG"
"371830535231",5.78808325608969,5.41095801912145,-1.13858543653367,0.761460199565421,"RT Summer Avg. Rate",0,5.78808325608969,5.78808325608969,1,5.78808325608969,"Average"
"371830535231",5.78808325608969,5.41095801912145,-1.13858543653367,0.761460199565421,"Health Contribution",5.78808325608969,-1.13858543653367,4.64949781955602,2,5.78808325608969,"Small Below"
"371830535231",5.78808325608969,5.41095801912145,-1.13858543653367,0.761460199565421,"Heat Contribution",4.64949781955602,0.761460199565421,5.41095801912144,3,5.41095801912144,"Small Above"
"371830535231",5.78808325608969,5.41095801912145,-1.13858543653367,0.761460199565421,"CBG Attributable Rate",0,5.41095801912145,5.41095801912145,4,5.41095801912145,"CBG"
"370850701001",5.78808325608969,11.5925770982515,2.53151845805109,3.27297538411073,"RT Summer Avg. Rate",0,5.78808325608969,5.78808325608969,1,5.78808325608969,"Average"
"370850701001",5.78808325608969,11.5925770982515,2.53151845805109,3.27297538411073,"Health Contribution",5.78808325608969,2.53151845805109,8.31960171414078,2,8.31960171414078,"Large Above"
"370850701001",5.78808325608969,11.5925770982515,2.53151845805109,3.27297538411073,"Heat Contribution",8.31960171414078,3.27297538411073,11.5925770982515,3,11.5925770982515,"Large Above"
"370850701001",5.78808325608969,11.5925770982515,2.53151845805109,3.27297538411073,"CBG Attributable Rate",0,11.5925770982515,11.5925770982515,4,11.5925770982515,"CBG"
"370630020191",5.78808325608969,3.77351081754898,-2.18353773422726,0.168965295686542,"RT Summer Avg. Rate",0,5.78808325608969,5.78808325608969,1,5.78808325608969,"Average"
"370630020191",5.78808325608969,3.77351081754898,-2.18353773422726,0.168965295686542,"Health Contribution",5.78808325608969,-2.18353773422726,3.60454552186243,2,5.78808325608969,"Large Below"
"370630020191",5.78808325608969,3.77351081754898,-2.18353773422726,0.168965295686542,"Heat Contribution",3.60454552186243,0.168965295686542,3.77351081754897,3,3.77351081754897,"Small Above"
"370630020191",5.78808325608969,3.77351081754898,-2.18353773422726,0.168965295686542,"CBG Attributable Rate",0,3.77351081754898,3.77351081754898,4,3.77351081754898,"CBG"
"370630020201",5.78808325608969,4.01775921328534,-1.9840779737626,0.21375393095825,"RT Summer Avg. Rate",0,5.78808325608969,5.78808325608969,1,5.78808325608969,"Average"
"370630020201",5.78808325608969,4.01775921328534,-1.9840779737626,0.21375393095825,"Health Contribution",5.78808325608969,-1.9840779737626,3.80400528232709,2,5.78808325608969,"Small Below"
"370630020201",5.78808325608969,4.01775921328534,-1.9840779737626,0.21375393095825,"Heat Contribution",3.80400528232709,0.21375393095825,4.01775921328534,3,4.01775921328534,"Small Above"
"370630020201",5.78808325608969,4.01775921328534,-1.9840779737626,0.21375393095825,"CBG Attributable Rate",0,4.01775921328534,4.01775921328534,4,4.01775921328534,"CBG"
"370630018061",5.78808325608969,4.0221482410564,-1.4281546917419,-0.337780323291394,"RT Summer Avg. Rate",0,5.78808325608969,5.78808325608969,1,5.78808325608969,"Average"
"370630018061",5.78808325608969,4.0221482410564,-1.4281546917419,-0.337780323291394,"Health Contribution",5.78808325608969,-1.4281546917419,4.35992856434779,2,5.78808325608969,"Small Below"
"370630018061",5.78808325608969,4.0221482410564,-1.4281546917419,-0.337780323291394,"Heat Contribution",4.35992856434779,-0.337780323291394,4.0221482410564,3,4.35992856434779,"Small Below"
"370630018061",5.78808325608969,4.0221482410564,-1.4281546917419,-0.337780323291394,"CBG Attributable Rate",0,4.0221482410564,4.0221482410564,4,4.0221482410564,"CBG"
"370630018082",5.78808325608969,3.53793647470919,-1.9868440474835,-0.263302733897004,"RT Summer Avg. Rate",0,5.78808325608969,5.78808325608969,1,5.78808325608969,"Average"
"370630018082",5.78808325608969,3.53793647470919,-1.9868440474835,-0.263302733897004,"Health Contribution",5.78808325608969,-1.9868440474835,3.80123920860619,2,5.78808325608969,"Small Below"
"370630018082",5.78808325608969,3.53793647470919,-1.9868440474835,-0.263302733897004,"Heat Contribution",3.80123920860619,-0.263302733897004,3.53793647470919,3,3.80123920860619,"Small Below"
"370630018082",5.78808325608969,3.53793647470919,-1.9868440474835,-0.263302733897004,"CBG Attributable Rate",0,3.53793647470919,3.53793647470919,4,3.53793647470919,"CBG"
"370630020241",5.78808325608969,3.98385201085437,-2.14576891737982,0.34153767214449,"RT Summer Avg. Rate",0,5.78808325608969,5.78808325608969,1,5.78808325608969,"Average"
"370630020241",5.78808325608969,3.98385201085437,-2.14576891737982,0.34153767214449,"Health Contribution",5.78808325608969,-2.14576891737982,3.64231433870987,2,5.78808325608969,"Large Below"
"370630020241",5.78808325608969,3.98385201085437,-2.14576891737982,0.34153767214449,"Heat Contribution",3.64231433870987,0.34153767214449,3.98385201085436,3,3.98385201085436,"Small Above"
"370630020241",5.78808325608969,3.98385201085437,-2.14576891737982,0.34153767214449,"CBG Attributable Rate",0,3.98385201085437,3.98385201085437,4,3.98385201085437,"CBG"
"370630020261",5.78808325608969,9.09544905242737,2.9301858399986,0.377179956339081,"RT Summer Avg. Rate",0,5.78808325608969,5.78808325608969,1,5.78808325608969,"Average"
"370630020261",5.78808325608969,9.09544905242737,2.9301858399986,0.377179956339081,"Health Contribution",5.78808325608969,2.9301858399986,8.71826909608829,2,8.71826909608829,"Large Above"
"370630020261",5.78808325608969,9.09544905242737,2.9301858399986,0.377179956339081,"Heat Contribution",8.71826909608829,0.377179956339081,9.09544905242737,3,9.09544905242737,"Small Above"
"370630020261",5.78808325608969,9.09544905242737,2.9301858399986,0.377179956339081,"CBG Attributable Rate",0,9.09544905242737,9.09544905242737,4,9.09544905242737,"CBG"
"371830544022",5.78808325608969,7.33945275154936,1.46113051171413,0.090238983745531,"RT Summer Avg. Rate",0,5.78808325608969,5.78808325608969,1,5.78808325608969,"Average"
"371830544022",5.78808325608969,7.33945275154936,1.46113051171413,0.090238983745531,"Health Contribution",5.78808325608969,1.46113051171413,7.24921376780382,2,7.24921376780382,"Small Above"
"371830544022",5.78808325608969,7.33945275154936,1.46113051171413,0.090238983745531,"Heat Contribution",7.24921376780382,0.090238983745531,7.33945275154935,3,7.33945275154935,"Small Above"
"371830544022",5.78808325608969,7.33945275154936,1.46113051171413,0.090238983745531,"CBG Attributable Rate",0,7.33945275154936,7.33945275154936,4,7.33945275154936,"CBG"
"370850702002",5.78808325608969,11.5438348004739,2.80795365521438,2.94779788916978,"RT Summer Avg. Rate",0,5.78808325608969,5.78808325608969,1,5.78808325608969,"Average"
"370850702002",5.78808325608969,11.5438348004739,2.80795365521438,2.94779788916978,"Health Contribution",5.78808325608969,2.80795365521438,8.59603691130407,2,8.59603691130407,"Large Above"
"370850702002",5.78808325608969,11.5438348004739,2.80795365521438,2.94779788916978,"Heat Contribution",8.59603691130407,2.94779788916978,11.5438348004738,3,11.5438348004738,"Large Above"
"370850702002",5.78808325608969,11.5438348004739,2.80795365521438,2.94779788916978,"CBG Attributable Rate",0,11.5438348004739,11.5438348004739,4,11.5438348004739,"CBG"
"370850702003",5.78808325608969,17.5818148837303,5.47637052004408,6.31736110759656,"RT Summer Avg. Rate",0,5.78808325608969,5.78808325608969,1,5.78808325608969,"Average"
"370850702003",5.78808325608969,17.5818148837303,5.47637052004408,6.31736110759656,"Health Contribution",5.78808325608969,5.47637052004408,11.2644537761338,2,11.2644537761338,"Large Above"
"370850702003",5.78808325608969,17.5818148837303,5.47637052004408,6.31736110759656,"Heat Contribution",11.2644537761338,6.31736110759656,17.5818148837303,3,17.5818148837303,"Large Above"
"370850702003",5.78808325608969,17.5818148837303,5.47637052004408,6.31736110759656,"CBG Attributable Rate",0,17.5818148837303,17.5818148837303,4,17.5818148837303,"CBG"
"370850703003",5.78808325608969,12.5369824241488,2.47492377898214,4.273975389077,"RT Summer Avg. Rate",0,5.78808325608969,5.78808325608969,1,5.78808325608969,"Average"
"370850703003",5.78808325608969,12.5369824241488,2.47492377898214,4.273975389077,"Health Contribution",5.78808325608969,2.47492377898214,8.26300703507183,2,8.26300703507183,"Large Above"
"370850703003",5.78808325608969,12.5369824241488,2.47492377898214,4.273975389077,"Heat Contribution",8.26300703507183,4.273975389077,12.5369824241488,3,12.5369824241488,"Large Above"
"370850703003",5.78808325608969,12.5369824241488,2.47492377898214,4.273975389077,"CBG Attributable Rate",0,12.5369824241488,12.5369824241488,4,12.5369824241488,"CBG"
"370850703004",5.78808325608969,12.1439660213503,3.22587028808209,3.13001247717853,"RT Summer Avg. Rate",0,5.78808325608969,5.78808325608969,1,5.78808325608969,"Average"
"370850703004",5.78808325608969,12.1439660213503,3.22587028808209,3.13001247717853,"Health Contribution",5.78808325608969,3.22587028808209,9.01395354417178,2,9.01395354417178,"Large Above"
"370850703004",5.78808325608969,12.1439660213503,3.22587028808209,3.13001247717853,"Heat Contribution",9.01395354417178,3.13001247717853,12.1439660213503,3,12.1439660213503,"Large Above"
"370850703004",5.78808325608969,12.1439660213503,3.22587028808209,3.13001247717853,"CBG Attributable Rate",0,12.1439660213503,12.1439660213503,4,12.1439660213503,"CBG"
"371830530093",5.78808325608969,7.49511649657002,1.58197995898213,0.125053281498193,"RT Summer Avg. Rate",0,5.78808325608969,5.78808325608969,1,5.78808325608969,"Average"
"371830530093",5.78808325608969,7.49511649657002,1.58197995898213,0.125053281498193,"Health Contribution",5.78808325608969,1.58197995898213,7.37006321507182,2,7.37006321507182,"Small Above"
"371830530093",5.78808325608969,7.49511649657002,1.58197995898213,0.125053281498193,"Heat Contribution",7.37006321507182,0.125053281498193,7.49511649657001,3,7.49511649657001,"Small Above"
"371830530093",5.78808325608969,7.49511649657002,1.58197995898213,0.125053281498193,"CBG Attributable Rate",0,7.49511649657002,7.49511649657002,4,7.49511649657002,"CBG"
"371830531061",5.78808325608969,10.8567761386195,4.1107703724647,0.957922510065058,"RT Summer Avg. Rate",0,5.78808325608969,5.78808325608969,1,5.78808325608969,"Average"
"371830531061",5.78808325608969,10.8567761386195,4.1107703724647,0.957922510065058,"Health Contribution",5.78808325608969,4.1107703724647,9.89885362855439,2,9.89885362855439,"Large Above"
"371830531061",5.78808325608969,10.8567761386195,4.1107703724647,0.957922510065058,"Heat Contribution",9.89885362855439,0.957922510065058,10.8567761386194,3,10.8567761386194,"Small Above"
"371830531061",5.78808325608969,10.8567761386195,4.1107703724647,0.957922510065058,"CBG Attributable Rate",0,10.8567761386195,10.8567761386195,4,10.8567761386195,"CBG"
"371830535092",5.78808325608969,3.89610886827972,-2.07357875765435,0.181604369844371,"RT Summer Avg. Rate",0,5.78808325608969,5.78808325608969,1,5.78808325608969,"Average"
"371830535092",5.78808325608969,3.89610886827972,-2.07357875765435,0.181604369844371,"Health Contribution",5.78808325608969,-2.07357875765435,3.71450449843534,2,5.78808325608969,"Large Below"
"371830535092",5.78808325608969,3.89610886827972,-2.07357875765435,0.181604369844371,"Heat Contribution",3.71450449843534,0.181604369844371,3.89610886827971,3,3.89610886827971,"Small Above"
"371830535092",5.78808325608969,3.89610886827972,-2.07357875765435,0.181604369844371,"CBG Attributable Rate",0,3.89610886827972,3.89610886827972,4,3.89610886827972,"CBG"
"371830535183",5.78808325608969,4.42360292672327,-1.31412219078749,-0.0503581385789351,"RT Summer Avg. Rate",0,5.78808325608969,5.78808325608969,1,5.78808325608969,"Average"
"371830535183",5.78808325608969,4.42360292672327,-1.31412219078749,-0.0503581385789351,"Health Contribution",5.78808325608969,-1.31412219078749,4.4739610653022,2,5.78808325608969,"Small Below"
"371830535183",5.78808325608969,4.42360292672327,-1.31412219078749,-0.0503581385789351,"Heat Contribution",4.4739610653022,-0.0503581385789351,4.42360292672327,3,4.4739610653022,"Small Below"
"371830535183",5.78808325608969,4.42360292672327,-1.31412219078749,-0.0503581385789351,"CBG Attributable Rate",0,4.42360292672327,4.42360292672327,4,4.42360292672327,"CBG"
"371830535064",5.78808325608969,5.75743117159833,-0.0943855428290038,0.0637334583376402,"RT Summer Avg. Rate",0,5.78808325608969,5.78808325608969,1,5.78808325608969,"Average"
"371830535064",5.78808325608969,5.75743117159833,-0.0943855428290038,0.0637334583376402,"Health Contribution",5.78808325608969,-0.0943855428290038,5.69369771326069,2,5.78808325608969,"Small Below"
"371830535064",5.78808325608969,5.75743117159833,-0.0943855428290038,0.0637334583376402,"Heat Contribution",5.69369771326069,0.0637334583376402,5.75743117159833,3,5.75743117159833,"Small Above"
"371830535064",5.78808325608969,5.75743117159833,-0.0943855428290038,0.0637334583376402,"CBG Attributable Rate",0,5.75743117159833,5.75743117159833,4,5.75743117159833,"CBG"
"371830535121",5.78808325608969,3.38632460163572,-2.43669867760635,0.0349400231523744,"RT Summer Avg. Rate",0,5.78808325608969,5.78808325608969,1,5.78808325608969,"Average"
"371830535121",5.78808325608969,3.38632460163572,-2.43669867760635,0.0349400231523744,"Health Contribution",5.78808325608969,-2.43669867760635,3.35138457848334,2,5.78808325608969,"Large Below"
"371830535121",5.78808325608969,3.38632460163572,-2.43669867760635,0.0349400231523744,"Heat Contribution",3.35138457848334,0.0349400231523744,3.38632460163571,3,3.38632460163571,"Small Above"
"371830535121",5.78808325608969,3.38632460163572,-2.43669867760635,0.0349400231523744,"CBG Attributable Rate",0,3.38632460163572,3.38632460163572,4,3.38632460163572,"CBG"
"371830541062",5.78808325608969,7.42294723465958,0.299716699132672,1.33514727943721,"RT Summer Avg. Rate",0,5.78808325608969,5.78808325608969,1,5.78808325608969,"Average"
"371830541062",5.78808325608969,7.42294723465958,0.299716699132672,1.33514727943721,"Health Contribution",5.78808325608969,0.299716699132672,6.08779995522236,2,6.08779995522236,"Small Above"
"371830541062",5.78808325608969,7.42294723465958,0.299716699132672,1.33514727943721,"Heat Contribution",6.08779995522236,1.33514727943721,7.42294723465957,3,7.42294723465957,"Small Above"
"371830541062",5.78808325608969,7.42294723465958,0.299716699132672,1.33514727943721,"CBG Attributable Rate",0,7.42294723465958,7.42294723465958,4,7.42294723465958,"CBG"
"371459205004",5.78808325608969,3.68376354304601,1.84041838166658,-3.94473809471027,"RT Summer Avg. Rate",0,5.78808325608969,5.78808325608969,1,5.78808325608969,"Average"
"371459205004",5.78808325608969,3.68376354304601,1.84041838166658,-3.94473809471027,"Health Contribution",5.78808325608969,1.84041838166658,7.62850163775627,2,7.62850163775627,"Small Above"
"371459205004",5.78808325608969,3.68376354304601,1.84041838166658,-3.94473809471027,"Heat Contribution",7.62850163775627,-3.94473809471027,3.683763543046,3,7.62850163775627,"Large Below"
"371459205004",5.78808325608969,3.68376354304601,1.84041838166658,-3.94473809471027,"CBG Attributable Rate",0,3.68376354304601,3.68376354304601,4,3.68376354304601,"CBG"
"371459206011",5.78808325608969,4.33642392849423,3.21751202074428,-4.66917134833975,"RT Summer Avg. Rate",0,5.78808325608969,5.78808325608969,1,5.78808325608969,"Average"
"371459206011",5.78808325608969,4.33642392849423,3.21751202074428,-4.66917134833975,"Health Contribution",5.78808325608969,3.21751202074428,9.00559527683397,2,9.00559527683397,"Large Above"
"371459206011",5.78808325608969,4.33642392849423,3.21751202074428,-4.66917134833975,"Heat Contribution",9.00559527683397,-4.66917134833975,4.33642392849422,3,9.00559527683397,"Large Below"
"371459206011",5.78808325608969,4.33642392849423,3.21751202074428,-4.66917134833975,"CBG Attributable Rate",0,4.33642392849423,4.33642392849423,4,4.33642392849423,"CBG"
"371050301021",5.78808325608969,4.94740645511406,-1.30679797819937,0.466121177223732,"RT Summer Avg. Rate",0,5.78808325608969,5.78808325608969,1,5.78808325608969,"Average"
"371050301021",5.78808325608969,4.94740645511406,-1.30679797819937,0.466121177223732,"Health Contribution",5.78808325608969,-1.30679797819937,4.48128527789032,2,5.78808325608969,"Small Below"
"371050301021",5.78808325608969,4.94740645511406,-1.30679797819937,0.466121177223732,"Heat Contribution",4.48128527789032,0.466121177223732,4.94740645511405,3,4.94740645511405,"Small Above"
"371050301021",5.78808325608969,4.94740645511406,-1.30679797819937,0.466121177223732,"CBG Attributable Rate",0,4.94740645511406,4.94740645511406,4,4.94740645511406,"CBG"
"370370206001",5.78808325608969,6.45178016245646,1.23946674796325,-0.575769841596481,"RT Summer Avg. Rate",0,5.78808325608969,5.78808325608969,1,5.78808325608969,"Average"
"370370206001",5.78808325608969,6.45178016245646,1.23946674796325,-0.575769841596481,"Health Contribution",5.78808325608969,1.23946674796325,7.02755000405294,2,7.02755000405294,"Small Above"
"370370206001",5.78808325608969,6.45178016245646,1.23946674796325,-0.575769841596481,"Heat Contribution",7.02755000405294,-0.575769841596481,6.45178016245646,3,7.02755000405294,"Small Below"
"370370206001",5.78808325608969,6.45178016245646,1.23946674796325,-0.575769841596481,"CBG Attributable Rate",0,6.45178016245646,6.45178016245646,4,6.45178016245646,"CBG"
"370370206002",5.78808325608969,7.38949696290183,1.69885422405288,-0.0974405172407384,"RT Summer Avg. Rate",0,5.78808325608969,5.78808325608969,1,5.78808325608969,"Average"
"370370206002",5.78808325608969,7.38949696290183,1.69885422405288,-0.0974405172407384,"Health Contribution",5.78808325608969,1.69885422405288,7.48693748014257,2,7.48693748014257,"Small Above"
"370370206002",5.78808325608969,7.38949696290183,1.69885422405288,-0.0974405172407384,"Heat Contribution",7.48693748014257,-0.0974405172407384,7.38949696290183,3,7.48693748014257,"Small Below"
"370370206002",5.78808325608969,7.38949696290183,1.69885422405288,-0.0974405172407384,"CBG Attributable Rate",0,7.38949696290183,7.38949696290183,4,7.38949696290183,"CBG"
"370370206004",5.78808325608969,6.62139151712958,1.3952127055282,-0.561904444488315,"RT Summer Avg. Rate",0,5.78808325608969,5.78808325608969,1,5.78808325608969,"Average"
"370370206004",5.78808325608969,6.62139151712958,1.3952127055282,-0.561904444488315,"Health Contribution",5.78808325608969,1.3952127055282,7.18329596161789,2,7.18329596161789,"Small Above"
"370370206004",5.78808325608969,6.62139151712958,1.3952127055282,-0.561904444488315,"Heat Contribution",7.18329596161789,-0.561904444488315,6.62139151712958,3,7.18329596161789,"Small Below"
"370370206004",5.78808325608969,6.62139151712958,1.3952127055282,-0.561904444488315,"CBG Attributable Rate",0,6.62139151712958,6.62139151712958,4,6.62139151712958,"CBG"
"370370205002",5.78808325608969,5.99851401454019,2.33776103533547,-2.12733027688498,"RT Summer Avg. Rate",0,5.78808325608969,5.78808325608969,1,5.78808325608969,"Average"
"370370205002",5.78808325608969,5.99851401454019,2.33776103533547,-2.12733027688498,"Health Contribution",5.78808325608969,2.33776103533547,8.12584429142516,2,8.12584429142516,"Large Above"
"370370205002",5.78808325608969,5.99851401454019,2.33776103533547,-2.12733027688498,"Heat Contribution",8.12584429142516,-2.12733027688498,5.99851401454018,3,8.12584429142516,"Large Below"
"370370205002",5.78808325608969,5.99851401454019,2.33776103533547,-2.12733027688498,"CBG Attributable Rate",0,5.99851401454019,5.99851401454019,4,5.99851401454019,"CBG"
"370370203001",5.78808325608969,4.17944924808237,0.286429093896579,-1.8950631019039,"RT Summer Avg. Rate",0,5.78808325608969,5.78808325608969,1,5.78808325608969,"Average"
"370370203001",5.78808325608969,4.17944924808237,0.286429093896579,-1.8950631019039,"Health Contribution",5.78808325608969,0.286429093896579,6.07451234998627,2,6.07451234998627,"Small Above"
"370370203001",5.78808325608969,4.17944924808237,0.286429093896579,-1.8950631019039,"Heat Contribution",6.07451234998627,-1.8950631019039,4.17944924808237,3,6.07451234998627,"Small Below"
"370370203001",5.78808325608969,4.17944924808237,0.286429093896579,-1.8950631019039,"CBG Attributable Rate",0,4.17944924808237,4.17944924808237,4,4.17944924808237,"CBG"
"371830534361",5.78808325608969,7.13937571211264,1.31908112474227,0.0322113312806735,"RT Summer Avg. Rate",0,5.78808325608969,5.78808325608969,1,5.78808325608969,"Average"
"371830534361",5.78808325608969,7.13937571211264,1.31908112474227,0.0322113312806735,"Health Contribution",5.78808325608969,1.31908112474227,7.10716438083196,2,7.10716438083196,"Small Above"
"371830534361",5.78808325608969,7.13937571211264,1.31908112474227,0.0322113312806735,"Heat Contribution",7.10716438083196,0.0322113312806735,7.13937571211263,3,7.13937571211263,"Small Above"
"371830534361",5.78808325608969,7.13937571211264,1.31908112474227,0.0322113312806735,"CBG Attributable Rate",0,7.13937571211264,7.13937571211264,4,7.13937571211264,"CBG"
"371830542132",5.78808325608969,4.18821773331137,-1.7987355115179,0.198869988739574,"RT Summer Avg. Rate",0,5.78808325608969,5.78808325608969,1,5.78808325608969,"Average"
"371830542132",5.78808325608969,4.18821773331137,-1.7987355115179,0.198869988739574,"Health Contribution",5.78808325608969,-1.7987355115179,3.98934774457179,2,5.78808325608969,"Small Below"
"371830542132",5.78808325608969,4.18821773331137,-1.7987355115179,0.198869988739574,"Heat Contribution",3.98934774457179,0.198869988739574,4.18821773331136,3,4.18821773331136,"Small Above"
"371830542132",5.78808325608969,4.18821773331137,-1.7987355115179,0.198869988739574,"CBG Attributable Rate",0,4.18821773331137,4.18821773331137,4,4.18821773331137,"CBG"
"371830528143",5.78808325608969,6.13898206379807,-0.0989404136172906,0.449839221325665,"RT Summer Avg. Rate",0,5.78808325608969,5.78808325608969,1,5.78808325608969,"Average"
"371830528143",5.78808325608969,6.13898206379807,-0.0989404136172906,0.449839221325665,"Health Contribution",5.78808325608969,-0.0989404136172906,5.6891428424724,2,5.78808325608969,"Small Below"
"371830528143",5.78808325608969,6.13898206379807,-0.0989404136172906,0.449839221325665,"Heat Contribution",5.6891428424724,0.449839221325665,6.13898206379806,3,6.13898206379806,"Small Above"
"371830528143",5.78808325608969,6.13898206379807,-0.0989404136172906,0.449839221325665,"CBG Attributable Rate",0,6.13898206379807,6.13898206379807,4,6.13898206379807,"CBG"
"371830528121",5.78808325608969,6.63782043827864,0.0510767135039363,0.798660468685015,"RT Summer Avg. Rate",0,5.78808325608969,5.78808325608969,1,5.78808325608969,"Average"
"371830528121",5.78808325608969,6.63782043827864,0.0510767135039363,0.798660468685015,"Health Contribution",5.78808325608969,0.0510767135039363,5.83915996959363,2,5.83915996959363,"Small Above"
"371830528121",5.78808325608969,6.63782043827864,0.0510767135039363,0.798660468685015,"Heat Contribution",5.83915996959363,0.798660468685015,6.63782043827864,3,6.63782043827864,"Small Above"
"371830528121",5.78808325608969,6.63782043827864,0.0510767135039363,0.798660468685015,"CBG Attributable Rate",0,6.63782043827864,6.63782043827864,4,6.63782043827864,"CBG"
"370690604012",5.78808325608969,4.7690332628515,0.397785017477746,-1.41683501071594,"RT Summer Avg. Rate",0,5.78808325608969,5.78808325608969,1,5.78808325608969,"Average"
"370690604012",5.78808325608969,4.7690332628515,0.397785017477746,-1.41683501071594,"Health Contribution",5.78808325608969,0.397785017477746,6.18586827356744,2,6.18586827356744,"Small Above"
"370690604012",5.78808325608969,4.7690332628515,0.397785017477746,-1.41683501071594,"Heat Contribution",6.18586827356744,-1.41683501071594,4.7690332628515,3,6.18586827356744,"Small Below"
"370690604012",5.78808325608969,4.7690332628515,0.397785017477746,-1.41683501071594,"CBG Attributable Rate",0,4.7690332628515,4.7690332628515,4,4.7690332628515,"CBG"
"370690604041",5.78808325608969,6.16220949322824,1.37810128596754,-1.003975048829,"RT Summer Avg. Rate",0,5.78808325608969,5.78808325608969,1,5.78808325608969,"Average"
"370690604041",5.78808325608969,6.16220949322824,1.37810128596754,-1.003975048829,"Health Contribution",5.78808325608969,1.37810128596754,7.16618454205723,2,7.16618454205723,"Small Above"
"370690604041",5.78808325608969,6.16220949322824,1.37810128596754,-1.003975048829,"Heat Contribution",7.16618454205723,-1.003975048829,6.16220949322823,3,7.16618454205723,"Small Below"
"370690604041",5.78808325608969,6.16220949322824,1.37810128596754,-1.003975048829,"CBG Attributable Rate",0,6.16220949322824,6.16220949322824,4,6.16220949322824,"CBG"
"370690604042",5.78808325608969,6.78879562485729,2.50295039480301,-1.50223802603541,"RT Summer Avg. Rate",0,5.78808325608969,5.78808325608969,1,5.78808325608969,"Average"
"370690604042",5.78808325608969,6.78879562485729,2.50295039480301,-1.50223802603541,"Health Contribution",5.78808325608969,2.50295039480301,8.2910336508927,2,8.2910336508927,"Large Above"
"370690604042",5.78808325608969,6.78879562485729,2.50295039480301,-1.50223802603541,"Heat Contribution",8.2910336508927,-1.50223802603541,6.78879562485729,3,8.2910336508927,"Small Below"
"370690604042",5.78808325608969,6.78879562485729,2.50295039480301,-1.50223802603541,"CBG Attributable Rate",0,6.78879562485729,6.78879562485729,4,6.78879562485729,"CBG"
"370690606022",5.78808325608969,4.12314839756827,-0.96052350887845,-0.704411349642977,"RT Summer Avg. Rate",0,5.78808325608969,5.78808325608969,1,5.78808325608969,"Average"
"370690606022",5.78808325608969,4.12314839756827,-0.96052350887845,-0.704411349642977,"Health Contribution",5.78808325608969,-0.96052350887845,4.82755974721124,2,5.78808325608969,"Small Below"
"370690606022",5.78808325608969,4.12314839756827,-0.96052350887845,-0.704411349642977,"Heat Contribution",4.82755974721124,-0.704411349642977,4.12314839756826,3,4.82755974721124,"Small Below"
"370690606022",5.78808325608969,4.12314839756827,-0.96052350887845,-0.704411349642977,"CBG Attributable Rate",0,4.12314839756827,4.12314839756827,4,4.12314839756827,"CBG"
"370690605013",5.78808325608969,5.04351631902908,0.322611486548265,-1.06717842360888,"RT Summer Avg. Rate",0,5.78808325608969,5.78808325608969,1,5.78808325608969,"Average"
"370690605013",5.78808325608969,5.04351631902908,0.322611486548265,-1.06717842360888,"Health Contribution",5.78808325608969,0.322611486548265,6.11069474263796,2,6.11069474263796,"Small Above"
"370690605013",5.78808325608969,5.04351631902908,0.322611486548265,-1.06717842360888,"Heat Contribution",6.11069474263796,-1.06717842360888,5.04351631902908,3,6.11069474263796,"Small Below"
"370690605013",5.78808325608969,5.04351631902908,0.322611486548265,-1.06717842360888,"CBG Attributable Rate",0,5.04351631902908,5.04351631902908,4,5.04351631902908,"CBG"
"370690606021",5.78808325608969,5.07291825482588,0.0771076209683364,-0.792272622232154,"RT Summer Avg. Rate",0,5.78808325608969,5.78808325608969,1,5.78808325608969,"Average"
"370690606021",5.78808325608969,5.07291825482588,0.0771076209683364,-0.792272622232154,"Health Contribution",5.78808325608969,0.0771076209683364,5.86519087705803,2,5.86519087705803,"Small Above"
"370690606021",5.78808325608969,5.07291825482588,0.0771076209683364,-0.792272622232154,"Heat Contribution",5.86519087705803,-0.792272622232154,5.07291825482587,3,5.86519087705803,"Small Below"
"370690606021",5.78808325608969,5.07291825482588,0.0771076209683364,-0.792272622232154,"CBG Attributable Rate",0,5.07291825482588,5.07291825482588,4,5.07291825482588,"CBG"
"370690604031",5.78808325608969,5.22530212459003,0.92440954733371,-1.48719067883337,"RT Summer Avg. Rate",0,5.78808325608969,5.78808325608969,1,5.78808325608969,"Average"
"370690604031",5.78808325608969,5.22530212459003,0.92440954733371,-1.48719067883337,"Health Contribution",5.78808325608969,0.92440954733371,6.7124928034234,2,6.7124928034234,"Small Above"
"370690604031",5.78808325608969,5.22530212459003,0.92440954733371,-1.48719067883337,"Heat Contribution",6.7124928034234,-1.48719067883337,5.22530212459003,3,6.7124928034234,"Small Below"
"370690604031",5.78808325608969,5.22530212459003,0.92440954733371,-1.48719067883337,"CBG Attributable Rate",0,5.22530212459003,5.22530212459003,4,5.22530212459003,"CBG"
"370690604032",5.78808325608969,6.79339227521099,2.42135043771738,-1.41604141859609,"RT Summer Avg. Rate",0,5.78808325608969,5.78808325608969,1,5.78808325608969,"Average"
"370690604032",5.78808325608969,6.79339227521099,2.42135043771738,-1.41604141859609,"Health Contribution",5.78808325608969,2.42135043771738,8.20943369380707,2,8.20943369380707,"Large Above"
"370690604032",5.78808325608969,6.79339227521099,2.42135043771738,-1.41604141859609,"Heat Contribution",8.20943369380707,-1.41604141859609,6.79339227521098,3,8.20943369380707,"Small Below"
"370690604032",5.78808325608969,6.79339227521099,2.42135043771738,-1.41604141859609,"CBG Attributable Rate",0,6.79339227521099,6.79339227521099,4,6.79339227521099,"CBG"
"370690606012",5.78808325608969,5.82642030180484,0.769212170928024,-0.730875125212883,"RT Summer Avg. Rate",0,5.78808325608969,5.78808325608969,1,5.78808325608969,"Average"
"370690606012",5.78808325608969,5.82642030180484,0.769212170928024,-0.730875125212883,"Health Contribution",5.78808325608969,0.769212170928024,6.55729542701771,2,6.55729542701771,"Small Above"
"370690606012",5.78808325608969,5.82642030180484,0.769212170928024,-0.730875125212883,"Heat Contribution",6.55729542701771,-0.730875125212883,5.82642030180483,3,6.55729542701771,"Small Below"
"370690606012",5.78808325608969,5.82642030180484,0.769212170928024,-0.730875125212883,"CBG Attributable Rate",0,5.82642030180484,5.82642030180484,4,5.82642030180484,"CBG"
"370690603014",5.78808325608969,7.26178856922408,2.86899071387821,-1.39528540074382,"RT Summer Avg. Rate",0,5.78808325608969,5.78808325608969,1,5.78808325608969,"Average"
"370690603014",5.78808325608969,7.26178856922408,2.86899071387821,-1.39528540074382,"Health Contribution",5.78808325608969,2.86899071387821,8.6570739699679,2,8.6570739699679,"Large Above"
"370690603014",5.78808325608969,7.26178856922408,2.86899071387821,-1.39528540074382,"Heat Contribution",8.6570739699679,-1.39528540074382,7.26178856922408,3,8.6570739699679,"Small Below"
"370690603014",5.78808325608969,7.26178856922408,2.86899071387821,-1.39528540074382,"CBG Attributable Rate",0,7.26178856922408,7.26178856922408,4,7.26178856922408,"CBG"
"370690606023",5.78808325608969,7.01688183177235,1.67270508880644,-0.443906513123787,"RT Summer Avg. Rate",0,5.78808325608969,5.78808325608969,1,5.78808325608969,"Average"
"370690606023",5.78808325608969,7.01688183177235,1.67270508880644,-0.443906513123787,"Health Contribution",5.78808325608969,1.67270508880644,7.46078834489613,2,7.46078834489613,"Small Above"
"370690606023",5.78808325608969,7.01688183177235,1.67270508880644,-0.443906513123787,"Heat Contribution",7.46078834489613,-0.443906513123787,7.01688183177234,3,7.46078834489613,"Small Below"
"370690606023",5.78808325608969,7.01688183177235,1.67270508880644,-0.443906513123787,"CBG Attributable Rate",0,7.01688183177235,7.01688183177235,4,7.01688183177235,"CBG"
"370690606011",5.78808325608969,4.65501040905274,-0.352604016553494,-0.780468830483462,"RT Summer Avg. Rate",0,5.78808325608969,5.78808325608969,1,5.78808325608969,"Average"
"370690606011",5.78808325608969,4.65501040905274,-0.352604016553494,-0.780468830483462,"Health Contribution",5.78808325608969,-0.352604016553494,5.4354792395362,2,5.78808325608969,"Small Below"
"370690606011",5.78808325608969,4.65501040905274,-0.352604016553494,-0.780468830483462,"Heat Contribution",5.4354792395362,-0.780468830483462,4.65501040905273,3,5.4354792395362,"Small Below"
"370690606011",5.78808325608969,4.65501040905274,-0.352604016553494,-0.780468830483462,"CBG Attributable Rate",0,4.65501040905274,4.65501040905274,4,4.65501040905274,"CBG"
"371830505002",5.78808325608969,6.39794050741195,-1.03982166100991,1.64967891233216,"RT Summer Avg. Rate",0,5.78808325608969,5.78808325608969,1,5.78808325608969,"Average"
"371830505002",5.78808325608969,6.39794050741195,-1.03982166100991,1.64967891233216,"Health Contribution",5.78808325608969,-1.03982166100991,4.74826159507978,2,5.78808325608969,"Small Below"
"371830505002",5.78808325608969,6.39794050741195,-1.03982166100991,1.64967891233216,"Heat Contribution",4.74826159507978,1.64967891233216,6.39794050741194,3,6.39794050741194,"Small Above"
"371830505002",5.78808325608969,6.39794050741195,-1.03982166100991,1.64967891233216,"CBG Attributable Rate",0,6.39794050741195,6.39794050741195,4,6.39794050741195,"CBG"
"371830505001",5.78808325608969,4.79184463035564,-2.21760696157456,1.22136833584051,"RT Summer Avg. Rate",0,5.78808325608969,5.78808325608969,1,5.78808325608969,"Average"
"371830505001",5.78808325608969,4.79184463035564,-2.21760696157456,1.22136833584051,"Health Contribution",5.78808325608969,-2.21760696157456,3.57047629451513,2,5.78808325608969,"Large Below"
"371830505001",5.78808325608969,4.79184463035564,-2.21760696157456,1.22136833584051,"Heat Contribution",3.57047629451513,1.22136833584051,4.79184463035564,3,4.79184463035564,"Small Above"
"371830505001",5.78808325608969,4.79184463035564,-2.21760696157456,1.22136833584051,"CBG Attributable Rate",0,4.79184463035564,4.79184463035564,4,4.79184463035564,"CBG"
"371830506001",5.78808325608969,9.39753528049994,1.3941802226234,2.21527180178684,"RT Summer Avg. Rate",0,5.78808325608969,5.78808325608969,1,5.78808325608969,"Average"
"371830506001",5.78808325608969,9.39753528049994,1.3941802226234,2.21527180178684,"Health Contribution",5.78808325608969,1.3941802226234,7.18226347871309,2,7.18226347871309,"Small Above"
"371830506001",5.78808325608969,9.39753528049994,1.3941802226234,2.21527180178684,"Heat Contribution",7.18226347871309,2.21527180178684,9.39753528049993,3,9.39753528049993,"Large Above"
"371830506001",5.78808325608969,9.39753528049994,1.3941802226234,2.21527180178684,"CBG Attributable Rate",0,9.39753528049994,9.39753528049994,4,9.39753528049994,"CBG"
"371830518001",5.78808325608969,5.17554588235301,-2.04093005565877,1.42839268192208,"RT Summer Avg. Rate",0,5.78808325608969,5.78808325608969,1,5.78808325608969,"Average"
"371830518001",5.78808325608969,5.17554588235301,-2.04093005565877,1.42839268192208,"Health Contribution",5.78808325608969,-2.04093005565877,3.74715320043092,2,5.78808325608969,"Large Below"
"371830518001",5.78808325608969,5.17554588235301,-2.04093005565877,1.42839268192208,"Heat Contribution",3.74715320043092,1.42839268192208,5.175545882353,3,5.175545882353,"Small Above"
"371830518001",5.78808325608969,5.17554588235301,-2.04093005565877,1.42839268192208,"CBG Attributable Rate",0,5.17554588235301,5.17554588235301,4,5.17554588235301,"CBG"
"371830506003",5.78808325608969,7.8769024902368,0.0404888285566915,2.04833040559041,"RT Summer Avg. Rate",0,5.78808325608969,5.78808325608969,1,5.78808325608969,"Average"
"371830506003",5.78808325608969,7.8769024902368,0.0404888285566915,2.04833040559041,"Health Contribution",5.78808325608969,0.0404888285566915,5.82857208464638,2,5.82857208464638,"Small Above"
"371830506003",5.78808325608969,7.8769024902368,0.0404888285566915,2.04833040559041,"Heat Contribution",5.82857208464638,2.04833040559041,7.87690249023679,3,7.87690249023679,"Large Above"
"371830506003",5.78808325608969,7.8769024902368,0.0404888285566915,2.04833040559041,"CBG Attributable Rate",0,7.8769024902368,7.8769024902368,4,7.8769024902368,"CBG"
"371830507002",5.78808325608969,9.72102813606514,1.25271824722845,2.68022663274699,"RT Summer Avg. Rate",0,5.78808325608969,5.78808325608969,1,5.78808325608969,"Average"
"371830507002",5.78808325608969,9.72102813606514,1.25271824722845,2.68022663274699,"Health Contribution",5.78808325608969,1.25271824722845,7.04080150331814,2,7.04080150331814,"Small Above"
"371830507002",5.78808325608969,9.72102813606514,1.25271824722845,2.68022663274699,"Heat Contribution",7.04080150331814,2.68022663274699,9.72102813606513,3,9.72102813606513,"Large Above"
"371830507002",5.78808325608969,9.72102813606514,1.25271824722845,2.68022663274699,"CBG Attributable Rate",0,9.72102813606514,9.72102813606514,4,9.72102813606514,"CBG"
"371830507001",5.78808325608969,11.683748808613,2.79237015210397,3.1032954004193,"RT Summer Avg. Rate",0,5.78808325608969,5.78808325608969,1,5.78808325608969,"Average"
"371830507001",5.78808325608969,11.683748808613,2.79237015210397,3.1032954004193,"Health Contribution",5.78808325608969,2.79237015210397,8.58045340819366,2,8.58045340819366,"Large Above"
"371830507001",5.78808325608969,11.683748808613,2.79237015210397,3.1032954004193,"Heat Contribution",8.58045340819366,3.1032954004193,11.683748808613,3,11.683748808613,"Large Above"
"371830507001",5.78808325608969,11.683748808613,2.79237015210397,3.1032954004193,"CBG Attributable Rate",0,11.683748808613,11.683748808613,4,11.683748808613,"CBG"
"371830508003",5.78808325608969,10.4482581472135,2.03538929863674,2.62478559248706,"RT Summer Avg. Rate",0,5.78808325608969,5.78808325608969,1,5.78808325608969,"Average"
"371830508003",5.78808325608969,10.4482581472135,2.03538929863674,2.62478559248706,"Health Contribution",5.78808325608969,2.03538929863674,7.82347255472643,2,7.82347255472643,"Large Above"
"371830508003",5.78808325608969,10.4482581472135,2.03538929863674,2.62478559248706,"Heat Contribution",7.82347255472643,2.62478559248706,10.4482581472135,3,10.4482581472135,"Large Above"
"371830508003",5.78808325608969,10.4482581472135,2.03538929863674,2.62478559248706,"CBG Attributable Rate",0,10.4482581472135,10.4482581472135,4,10.4482581472135,"CBG"
"371830508002",5.78808325608969,10.1107476452952,1.65353652124472,2.66912786796077,"RT Summer Avg. Rate",0,5.78808325608969,5.78808325608969,1,5.78808325608969,"Average"
"371830508002",5.78808325608969,10.1107476452952,1.65353652124472,2.66912786796077,"Health Contribution",5.78808325608969,1.65353652124472,7.44161977733441,2,7.44161977733441,"Small Above"
"371830508002",5.78808325608969,10.1107476452952,1.65353652124472,2.66912786796077,"Heat Contribution",7.44161977733441,2.66912786796077,10.1107476452952,3,10.1107476452952,"Large Above"
"371830508002",5.78808325608969,10.1107476452952,1.65353652124472,2.66912786796077,"CBG Attributable Rate",0,10.1107476452952,10.1107476452952,4,10.1107476452952,"CBG"
"371830509001",5.78808325608969,11.9936812036621,3.05772449504854,3.14787345252384,"RT Summer Avg. Rate",0,5.78808325608969,5.78808325608969,1,5.78808325608969,"Average"
"371830509001",5.78808325608969,11.9936812036621,3.05772449504854,3.14787345252384,"Health Contribution",5.78808325608969,3.05772449504854,8.84580775113823,2,8.84580775113823,"Large Above"
"371830509001",5.78808325608969,11.9936812036621,3.05772449504854,3.14787345252384,"Heat Contribution",8.84580775113823,3.14787345252384,11.9936812036621,3,11.9936812036621,"Large Above"
"371830509001",5.78808325608969,11.9936812036621,3.05772449504854,3.14787345252384,"CBG Attributable Rate",0,11.9936812036621,11.9936812036621,4,11.9936812036621,"CBG"
"370630005001",5.78808325608969,16.8657786999084,9.756484612014,1.32121083180467,"RT Summer Avg. Rate",0,5.78808325608969,5.78808325608969,1,5.78808325608969,"Average"
"370630005001",5.78808325608969,16.8657786999084,9.756484612014,1.32121083180467,"Health Contribution",5.78808325608969,9.756484612014,15.5445678681037,2,15.5445678681037,"Large Above"
"370630005001",5.78808325608969,16.8657786999084,9.756484612014,1.32121083180467,"Heat Contribution",15.5445678681037,1.32121083180467,16.8657786999084,3,16.8657786999084,"Small Above"
"370630005001",5.78808325608969,16.8657786999084,9.756484612014,1.32121083180467,"CBG Attributable Rate",0,16.8657786999084,16.8657786999084,4,16.8657786999084,"CBG"
"370630005003",5.78808325608969,5.83288842672941,-0.127131656605155,0.171936827244875,"RT Summer Avg. Rate",0,5.78808325608969,5.78808325608969,1,5.78808325608969,"Average"
"370630005003",5.78808325608969,5.83288842672941,-0.127131656605155,0.171936827244875,"Health Contribution",5.78808325608969,-0.127131656605155,5.66095159948454,2,5.78808325608969,"Small Below"
"370630005003",5.78808325608969,5.83288842672941,-0.127131656605155,0.171936827244875,"Heat Contribution",5.66095159948454,0.171936827244875,5.83288842672941,3,5.83288842672941,"Small Above"
"370630005003",5.78808325608969,5.83288842672941,-0.127131656605155,0.171936827244875,"CBG Attributable Rate",0,5.83288842672941,5.83288842672941,4,5.83288842672941,"CBG"
"370630005004",5.78808325608969,9.3154903397341,3.49027552690329,0.0371315567411167,"RT Summer Avg. Rate",0,5.78808325608969,5.78808325608969,1,5.78808325608969,"Average"
"370630005004",5.78808325608969,9.3154903397341,3.49027552690329,0.0371315567411167,"Health Contribution",5.78808325608969,3.49027552690329,9.27835878299298,2,9.27835878299298,"Large Above"
"370630005004",5.78808325608969,9.3154903397341,3.49027552690329,0.0371315567411167,"Heat Contribution",9.27835878299298,0.0371315567411167,9.3154903397341,3,9.3154903397341,"Small Above"
"370630005004",5.78808325608969,9.3154903397341,3.49027552690329,0.0371315567411167,"CBG Attributable Rate",0,9.3154903397341,9.3154903397341,4,9.3154903397341,"CBG"
"371830536171",5.78808325608969,3.89451224505838,-2.33950381476889,0.445932803737577,"RT Summer Avg. Rate",0,5.78808325608969,5.78808325608969,1,5.78808325608969,"Average"
"371830536171",5.78808325608969,3.89451224505838,-2.33950381476889,0.445932803737577,"Health Contribution",5.78808325608969,-2.33950381476889,3.4485794413208,2,5.78808325608969,"Large Below"
"371830536171",5.78808325608969,3.89451224505838,-2.33950381476889,0.445932803737577,"Heat Contribution",3.4485794413208,0.445932803737577,3.89451224505838,3,3.89451224505838,"Small Above"
"371830536171",5.78808325608969,3.89451224505838,-2.33950381476889,0.445932803737577,"CBG Attributable Rate",0,3.89451224505838,3.89451224505838,4,3.89451224505838,"CBG"
"371830534102",5.78808325608969,3.72017591015186,-2.40448899309447,0.336581647156636,"RT Summer Avg. Rate",0,5.78808325608969,5.78808325608969,1,5.78808325608969,"Average"
"371830534102",5.78808325608969,3.72017591015186,-2.40448899309447,0.336581647156636,"Health Contribution",5.78808325608969,-2.40448899309447,3.38359426299522,2,5.78808325608969,"Large Below"
"371830534102",5.78808325608969,3.72017591015186,-2.40448899309447,0.336581647156636,"Heat Contribution",3.38359426299522,0.336581647156636,3.72017591015186,3,3.72017591015186,"Small Above"
"371830534102",5.78808325608969,3.72017591015186,-2.40448899309447,0.336581647156636,"CBG Attributable Rate",0,3.72017591015186,3.72017591015186,4,3.72017591015186,"CBG"
"371830531152",5.78808325608969,8.14904738810294,1.6157355907291,0.745228541284143,"RT Summer Avg. Rate",0,5.78808325608969,5.78808325608969,1,5.78808325608969,"Average"
"371830531152",5.78808325608969,8.14904738810294,1.6157355907291,0.745228541284143,"Health Contribution",5.78808325608969,1.6157355907291,7.40381884681879,2,7.40381884681879,"Small Above"
"371830531152",5.78808325608969,8.14904738810294,1.6157355907291,0.745228541284143,"Heat Contribution",7.40381884681879,0.745228541284143,8.14904738810293,3,8.14904738810293,"Small Above"
"371830531152",5.78808325608969,8.14904738810294,1.6157355907291,0.745228541284143,"CBG Attributable Rate",0,8.14904738810294,8.14904738810294,4,8.14904738810294,"CBG"
"371830531141",5.78808325608969,4.85100142659053,-1.23051105173287,0.293429222233705,"RT Summer Avg. Rate",0,5.78808325608969,5.78808325608969,1,5.78808325608969,"Average"
"371830531141",5.78808325608969,4.85100142659053,-1.23051105173287,0.293429222233705,"Health Contribution",5.78808325608969,-1.23051105173287,4.55757220435682,2,5.78808325608969,"Small Below"
"371830531141",5.78808325608969,4.85100142659053,-1.23051105173287,0.293429222233705,"Heat Contribution",4.55757220435682,0.293429222233705,4.85100142659052,3,4.85100142659052,"Small Above"
"371830531141",5.78808325608969,4.85100142659053,-1.23051105173287,0.293429222233705,"CBG Attributable Rate",0,4.85100142659053,4.85100142659053,4,4.85100142659053,"CBG"
"371830531133",5.78808325608969,5.74867719330004,-0.122714158472902,0.0833080956832434,"RT Summer Avg. Rate",0,5.78808325608969,5.78808325608969,1,5.78808325608969,"Average"
"371830531133",5.78808325608969,5.74867719330004,-0.122714158472902,0.0833080956832434,"Health Contribution",5.78808325608969,-0.122714158472902,5.66536909761679,2,5.78808325608969,"Small Below"
"371830531133",5.78808325608969,5.74867719330004,-0.122714158472902,0.0833080956832434,"Heat Contribution",5.66536909761679,0.0833080956832434,5.74867719330003,3,5.74867719330003,"Small Above"
"371830531133",5.78808325608969,5.74867719330004,-0.122714158472902,0.0833080956832434,"CBG Attributable Rate",0,5.74867719330004,5.74867719330004,4,5.74867719330004,"CBG"
"371830539021",5.78808325608969,6.17022440066058,0.412689622237685,-0.0305484776668002,"RT Summer Avg. Rate",0,5.78808325608969,5.78808325608969,1,5.78808325608969,"Average"
"371830539021",5.78808325608969,6.17022440066058,0.412689622237685,-0.0305484776668002,"Health Contribution",5.78808325608969,0.412689622237685,6.20077287832738,2,6.20077287832738,"Small Above"
"371830539021",5.78808325608969,6.17022440066058,0.412689622237685,-0.0305484776668002,"Heat Contribution",6.20077287832738,-0.0305484776668002,6.17022440066058,3,6.20077287832738,"Small Below"
"371830539021",5.78808325608969,6.17022440066058,0.412689622237685,-0.0305484776668002,"CBG Attributable Rate",0,6.17022440066058,6.17022440066058,4,6.17022440066058,"CBG"
"371830537194",5.78808325608969,2.74018688825965,-2.40937619645019,-0.638520171379848,"RT Summer Avg. Rate",0,5.78808325608969,5.78808325608969,1,5.78808325608969,"Average"
"371830537194",5.78808325608969,2.74018688825965,-2.40937619645019,-0.638520171379848,"Health Contribution",5.78808325608969,-2.40937619645019,3.3787070596395,2,5.78808325608969,"Large Below"
"371830537194",5.78808325608969,2.74018688825965,-2.40937619645019,-0.638520171379848,"Heat Contribution",3.3787070596395,-0.638520171379848,2.74018688825965,3,3.3787070596395,"Small Below"
"371830537194",5.78808325608969,2.74018688825965,-2.40937619645019,-0.638520171379848,"CBG Attributable Rate",0,2.74018688825965,2.74018688825965,4,2.74018688825965,"CBG"
"371830536161",5.78808325608969,4.82974282402219,-1.69761262176629,0.739272189698795,"RT Summer Avg. Rate",0,5.78808325608969,5.78808325608969,1,5.78808325608969,"Average"
"371830536161",5.78808325608969,4.82974282402219,-1.69761262176629,0.739272189698795,"Health Contribution",5.78808325608969,-1.69761262176629,4.0904706343234,2,5.78808325608969,"Small Below"
"371830536161",5.78808325608969,4.82974282402219,-1.69761262176629,0.739272189698795,"Heat Contribution",4.0904706343234,0.739272189698795,4.8297428240222,3,4.8297428240222,"Small Above"
"371830536161",5.78808325608969,4.82974282402219,-1.69761262176629,0.739272189698795,"CBG Attributable Rate",0,4.82974282402219,4.82974282402219,4,4.82974282402219,"CBG"
"371830536132",5.78808325608969,5.13757470128849,-0.548897963467688,-0.101610591333513,"RT Summer Avg. Rate",0,5.78808325608969,5.78808325608969,1,5.78808325608969,"Average"
"371830536132",5.78808325608969,5.13757470128849,-0.548897963467688,-0.101610591333513,"Health Contribution",5.78808325608969,-0.548897963467688,5.239185292622,2,5.78808325608969,"Small Below"
"371830536132",5.78808325608969,5.13757470128849,-0.548897963467688,-0.101610591333513,"Heat Contribution",5.239185292622,-0.101610591333513,5.13757470128849,3,5.239185292622,"Small Below"
"371830536132",5.78808325608969,5.13757470128849,-0.548897963467688,-0.101610591333513,"CBG Attributable Rate",0,5.13757470128849,5.13757470128849,4,5.13757470128849,"CBG"
"371830536162",5.78808325608969,5.4022718627435,-1.19847218421885,0.812660790872656,"RT Summer Avg. Rate",0,5.78808325608969,5.78808325608969,1,5.78808325608969,"Average"
"371830536162",5.78808325608969,5.4022718627435,-1.19847218421885,0.812660790872656,"Health Contribution",5.78808325608969,-1.19847218421885,4.58961107187084,2,5.78808325608969,"Small Below"
"371830536162",5.78808325608969,5.4022718627435,-1.19847218421885,0.812660790872656,"Heat Contribution",4.58961107187084,0.812660790872656,5.4022718627435,3,5.4022718627435,"Small Above"
"371830536162",5.78808325608969,5.4022718627435,-1.19847218421885,0.812660790872656,"CBG Attributable Rate",0,5.4022718627435,5.4022718627435,4,5.4022718627435,"CBG"
"371830534152",5.78808325608969,5.15870204705129,-0.855223256011111,0.225842046972708,"RT Summer Avg. Rate",0,5.78808325608969,5.78808325608969,1,5.78808325608969,"Average"
"371830534152",5.78808325608969,5.15870204705129,-0.855223256011111,0.225842046972708,"Health Contribution",5.78808325608969,-0.855223256011111,4.93286000007858,2,5.78808325608969,"Small Below"
"371830534152",5.78808325608969,5.15870204705129,-0.855223256011111,0.225842046972708,"Heat Contribution",4.93286000007858,0.225842046972708,5.15870204705129,3,5.15870204705129,"Small Above"
"371830534152",5.78808325608969,5.15870204705129,-0.855223256011111,0.225842046972708,"CBG Attributable Rate",0,5.15870204705129,5.15870204705129,4,5.15870204705129,"CBG"
"371830537253",5.78808325608969,3.87902652537234,-1.78082481204562,-0.128231918671737,"RT Summer Avg. Rate",0,5.78808325608969,5.78808325608969,1,5.78808325608969,"Average"
"371830537253",5.78808325608969,3.87902652537234,-1.78082481204562,-0.128231918671737,"Health Contribution",5.78808325608969,-1.78082481204562,4.00725844404407,2,5.78808325608969,"Small Below"
"371830537253",5.78808325608969,3.87902652537234,-1.78082481204562,-0.128231918671737,"Heat Contribution",4.00725844404407,-0.128231918671737,3.87902652537233,3,4.00725844404407,"Small Below"
"371830537253",5.78808325608969,3.87902652537234,-1.78082481204562,-0.128231918671737,"CBG Attributable Rate",0,3.87902652537234,3.87902652537234,4,3.87902652537234,"CBG"
"371830525092",5.78808325608969,5.49314160854482,-0.00309374719632639,-0.29184790034855,"RT Summer Avg. Rate",0,5.78808325608969,5.78808325608969,1,5.78808325608969,"Average"
"371830525092",5.78808325608969,5.49314160854482,-0.00309374719632639,-0.29184790034855,"Health Contribution",5.78808325608969,-0.00309374719632639,5.78498950889336,2,5.78808325608969,"Small Below"
"371830525092",5.78808325608969,5.49314160854482,-0.00309374719632639,-0.29184790034855,"Heat Contribution",5.78498950889336,-0.29184790034855,5.49314160854481,3,5.78498950889336,"Small Below"
"371830525092",5.78808325608969,5.49314160854482,-0.00309374719632639,-0.29184790034855,"CBG Attributable Rate",0,5.49314160854482,5.49314160854482,4,5.49314160854482,"CBG"
"371830539023",5.7880832560897,3.45091932390638,-1.49071533210196,-0.846448600081351,"RT Summer Avg. Rate",0,5.7880832560897,5.7880832560897,1,5.7880832560897,"Average"
"371830539023",5.7880832560897,3.45091932390638,-1.49071533210196,-0.846448600081351,"Health Contribution",5.7880832560897,-1.49071533210196,4.29736792398774,2,5.7880832560897,"Small Below"
"371830539023",5.7880832560897,3.45091932390638,-1.49071533210196,-0.846448600081351,"Heat Contribution",4.29736792398774,-0.846448600081351,3.45091932390639,3,4.29736792398774,"Small Below"
"371830539023",5.7880832560897,3.45091932390638,-1.49071533210196,-0.846448600081351,"CBG Attributable Rate",0,3.45091932390638,3.45091932390638,4,3.45091932390638,"CBG"
"371830539011",5.78808325608969,5.24911684615259,-0.610052712946904,0.071086303009803,"RT Summer Avg. Rate",0,5.78808325608969,5.78808325608969,1,5.78808325608969,"Average"
"371830539011",5.78808325608969,5.24911684615259,-0.610052712946904,0.071086303009803,"Health Contribution",5.78808325608969,-0.610052712946904,5.17803054314279,2,5.78808325608969,"Small Below"
"371830539011",5.78808325608969,5.24911684615259,-0.610052712946904,0.071086303009803,"Heat Contribution",5.17803054314279,0.071086303009803,5.24911684615259,3,5.24911684615259,"Small Above"
"371830539011",5.78808325608969,5.24911684615259,-0.610052712946904,0.071086303009803,"CBG Attributable Rate",0,5.24911684615259,5.24911684615259,4,5.24911684615259,"CBG"
"371830541143",5.78808325608969,7.46646945242543,0.937559621045111,0.740826575290625,"RT Summer Avg. Rate",0,5.78808325608969,5.78808325608969,1,5.78808325608969,"Average"
"371830541143",5.78808325608969,7.46646945242543,0.937559621045111,0.740826575290625,"Health Contribution",5.78808325608969,0.937559621045111,6.7256428771348,2,6.7256428771348,"Small Above"
"371830541143",5.78808325608969,7.46646945242543,0.937559621045111,0.740826575290625,"Heat Contribution",6.7256428771348,0.740826575290625,7.46646945242543,3,7.46646945242543,"Small Above"
"371830541143",5.78808325608969,7.46646945242543,0.937559621045111,0.740826575290625,"CBG Attributable Rate",0,7.46646945242543,7.46646945242543,4,7.46646945242543,"CBG"
"371830542173",5.78808325608969,4.84295954133966,-1.28772938171204,0.342605666962002,"RT Summer Avg. Rate",0,5.78808325608969,5.78808325608969,1,5.78808325608969,"Average"
"371830542173",5.78808325608969,4.84295954133966,-1.28772938171204,0.342605666962002,"Health Contribution",5.78808325608969,-1.28772938171204,4.50035387437765,2,5.78808325608969,"Small Below"
"371830542173",5.78808325608969,4.84295954133966,-1.28772938171204,0.342605666962002,"Heat Contribution",4.50035387437765,0.342605666962002,4.84295954133965,3,4.84295954133965,"Small Above"
"371830542173",5.78808325608969,4.84295954133966,-1.28772938171204,0.342605666962002,"CBG Attributable Rate",0,4.84295954133966,4.84295954133966,4,4.84295954133966,"CBG"
"371050301011",5.78808325608969,7.43377128549459,0.703771540123247,0.941916489281643,"RT Summer Avg. Rate",0,5.78808325608969,5.78808325608969,1,5.78808325608969,"Average"
"371050301011",5.78808325608969,7.43377128549459,0.703771540123247,0.941916489281643,"Health Contribution",5.78808325608969,0.703771540123247,6.49185479621294,2,6.49185479621294,"Small Above"
"371050301011",5.78808325608969,7.43377128549459,0.703771540123247,0.941916489281643,"Heat Contribution",6.49185479621294,0.941916489281643,7.43377128549458,3,7.43377128549458,"Small Above"
"371050301011",5.78808325608969,7.43377128549459,0.703771540123247,0.941916489281643,"CBG Attributable Rate",0,7.43377128549459,7.43377128549459,4,7.43377128549459,"CBG"
"371830529063",5.78808325608969,6.17816787415533,0.485927261471189,-0.0958426434055556,"RT Summer Avg. Rate",0,5.78808325608969,5.78808325608969,1,5.78808325608969,"Average"
"371830529063",5.78808325608969,6.17816787415533,0.485927261471189,-0.0958426434055556,"Health Contribution",5.78808325608969,0.485927261471189,6.27401051756088,2,6.27401051756088,"Small Above"
"371830529063",5.78808325608969,6.17816787415533,0.485927261471189,-0.0958426434055556,"Heat Contribution",6.27401051756088,-0.0958426434055556,6.17816787415532,3,6.27401051756088,"Small Below"
"371830529063",5.78808325608969,6.17816787415533,0.485927261471189,-0.0958426434055556,"CBG Attributable Rate",0,6.17816787415533,6.17816787415533,4,6.17816787415533,"CBG"
"371830532052",5.78808325608969,5.35916832007507,-0.683209312495498,0.254294376480874,"RT Summer Avg. Rate",0,5.78808325608969,5.78808325608969,1,5.78808325608969,"Average"
"371830532052",5.78808325608969,5.35916832007507,-0.683209312495498,0.254294376480874,"Health Contribution",5.78808325608969,-0.683209312495498,5.10487394359419,2,5.78808325608969,"Small Below"
"371830532052",5.78808325608969,5.35916832007507,-0.683209312495498,0.254294376480874,"Heat Contribution",5.10487394359419,0.254294376480874,5.35916832007507,3,5.35916832007507,"Small Above"
"371830532052",5.78808325608969,5.35916832007507,-0.683209312495498,0.254294376480874,"CBG Attributable Rate",0,5.35916832007507,5.35916832007507,4,5.35916832007507,"CBG"
"371830528111",5.78808325608969,6.68451010217995,0.239983497993594,0.656443348096666,"RT Summer Avg. Rate",0,5.78808325608969,5.78808325608969,1,5.78808325608969,"Average"
"371830528111",5.78808325608969,6.68451010217995,0.239983497993594,0.656443348096666,"Health Contribution",5.78808325608969,0.239983497993594,6.02806675408328,2,6.02806675408328,"Small Above"
"371830528111",5.78808325608969,6.68451010217995,0.239983497993594,0.656443348096666,"Heat Contribution",6.02806675408328,0.656443348096666,6.68451010217995,3,6.68451010217995,"Small Above"
"371830528111",5.78808325608969,6.68451010217995,0.239983497993594,0.656443348096666,"CBG Attributable Rate",0,6.68451010217995,6.68451010217995,4,6.68451010217995,"CBG"
"371830537213",5.78808325608969,2.71347380415922,-2.48463560587977,-0.589973846050712,"RT Summer Avg. Rate",0,5.78808325608969,5.78808325608969,1,5.78808325608969,"Average"
"371830537213",5.78808325608969,2.71347380415922,-2.48463560587977,-0.589973846050712,"Health Contribution",5.78808325608969,-2.48463560587977,3.30344765020992,2,5.78808325608969,"Large Below"
"371830537213",5.78808325608969,2.71347380415922,-2.48463560587977,-0.589973846050712,"Heat Contribution",3.30344765020992,-0.589973846050712,2.71347380415921,3,3.30344765020992,"Small Below"
"371830537213",5.78808325608969,2.71347380415922,-2.48463560587977,-0.589973846050712,"CBG Attributable Rate",0,2.71347380415922,2.71347380415922,4,2.71347380415922,"CBG"
"371830536151",5.78808325608969,4.26478905593108,-1.69360514932618,0.170310949167566,"RT Summer Avg. Rate",0,5.78808325608969,5.78808325608969,1,5.78808325608969,"Average"
"371830536151",5.78808325608969,4.26478905593108,-1.69360514932618,0.170310949167566,"Health Contribution",5.78808325608969,-1.69360514932618,4.09447810676351,2,5.78808325608969,"Small Below"
"371830536151",5.78808325608969,4.26478905593108,-1.69360514932618,0.170310949167566,"Heat Contribution",4.09447810676351,0.170310949167566,4.26478905593108,3,4.26478905593108,"Small Above"
"371830536151",5.78808325608969,4.26478905593108,-1.69360514932618,0.170310949167566,"CBG Attributable Rate",0,4.26478905593108,4.26478905593108,4,4.26478905593108,"CBG"
"371830525082",5.78808325608969,5.83369019628534,0.0508923768264622,-0.00528543663082053,"RT Summer Avg. Rate",0,5.78808325608969,5.78808325608969,1,5.78808325608969,"Average"
"371830525082",5.78808325608969,5.83369019628534,0.0508923768264622,-0.00528543663082053,"Health Contribution",5.78808325608969,0.0508923768264622,5.83897563291615,2,5.83897563291615,"Small Above"
"371830525082",5.78808325608969,5.83369019628534,0.0508923768264622,-0.00528543663082053,"Heat Contribution",5.83897563291615,-0.00528543663082053,5.83369019628533,3,5.83897563291615,"Small Below"
"371830525082",5.78808325608969,5.83369019628534,0.0508923768264622,-0.00528543663082053,"CBG Attributable Rate",0,5.83369019628534,5.83369019628534,4,5.83369019628534,"CBG"
"371830532062",5.78808325608969,5.67762235641507,0.0324813333977919,-0.142942233072415,"RT Summer Avg. Rate",0,5.78808325608969,5.78808325608969,1,5.78808325608969,"Average"
"371830532062",5.78808325608969,5.67762235641507,0.0324813333977919,-0.142942233072415,"Health Contribution",5.78808325608969,0.0324813333977919,5.82056458948748,2,5.82056458948748,"Small Above"
"371830532062",5.78808325608969,5.67762235641507,0.0324813333977919,-0.142942233072415,"Heat Contribution",5.82056458948748,-0.142942233072415,5.67762235641507,3,5.82056458948748,"Small Below"
"371830532062",5.78808325608969,5.67762235641507,0.0324813333977919,-0.142942233072415,"CBG Attributable Rate",0,5.67762235641507,5.67762235641507,4,5.67762235641507,"CBG"
"371830536122",5.78808325608969,4.4477070429483,-1.90434939214862,0.56397317900722,"RT Summer Avg. Rate",0,5.78808325608969,5.78808325608969,1,5.78808325608969,"Average"
"371830536122",5.78808325608969,4.4477070429483,-1.90434939214862,0.56397317900722,"Health Contribution",5.78808325608969,-1.90434939214862,3.88373386394107,2,5.78808325608969,"Small Below"
"371830536122",5.78808325608969,4.4477070429483,-1.90434939214862,0.56397317900722,"Heat Contribution",3.88373386394107,0.56397317900722,4.44770704294829,3,4.44770704294829,"Small Above"
"371830536122",5.78808325608969,4.4477070429483,-1.90434939214862,0.56397317900722,"CBG Attributable Rate",0,4.4477070429483,4.4477070429483,4,4.4477070429483,"CBG"
"371830530054",5.78808325608969,3.90627763322519,-1.85574633025258,-0.0260592926119219,"RT Summer Avg. Rate",0,5.78808325608969,5.78808325608969,1,5.78808325608969,"Average"
"371830530054",5.78808325608969,3.90627763322519,-1.85574633025258,-0.0260592926119219,"Health Contribution",5.78808325608969,-1.85574633025258,3.93233692583711,2,5.78808325608969,"Small Below"
"371830530054",5.78808325608969,3.90627763322519,-1.85574633025258,-0.0260592926119219,"Heat Contribution",3.93233692583711,-0.0260592926119219,3.90627763322519,3,3.93233692583711,"Small Below"
"371830530054",5.78808325608969,3.90627763322519,-1.85574633025258,-0.0260592926119219,"CBG Attributable Rate",0,3.90627763322519,3.90627763322519,4,3.90627763322519,"CBG"
"371830530114",5.78808325608969,4.64300178056817,-1.16434769814587,0.0192662226243488,"RT Summer Avg. Rate",0,5.78808325608969,5.78808325608969,1,5.78808325608969,"Average"
"371830530114",5.78808325608969,4.64300178056817,-1.16434769814587,0.0192662226243488,"Health Contribution",5.78808325608969,-1.16434769814587,4.62373555794382,2,5.78808325608969,"Small Below"
"371830530114",5.78808325608969,4.64300178056817,-1.16434769814587,0.0192662226243488,"Heat Contribution",4.62373555794382,0.0192662226243488,4.64300178056817,3,4.64300178056817,"Small Above"
"371830530114",5.78808325608969,4.64300178056817,-1.16434769814587,0.0192662226243488,"CBG Attributable Rate",0,4.64300178056817,4.64300178056817,4,4.64300178056817,"CBG"
"371830530035",5.78808325608969,4.63127044873219,-1.38746327257096,0.230650465213454,"RT Summer Avg. Rate",0,5.78808325608969,5.78808325608969,1,5.78808325608969,"Average"
"371830530035",5.78808325608969,4.63127044873219,-1.38746327257096,0.230650465213454,"Health Contribution",5.78808325608969,-1.38746327257096,4.40061998351873,2,5.78808325608969,"Small Below"
"371830530035",5.78808325608969,4.63127044873219,-1.38746327257096,0.230650465213454,"Heat Contribution",4.40061998351873,0.230650465213454,4.63127044873218,3,4.63127044873218,"Small Above"
"371830530035",5.78808325608969,4.63127044873219,-1.38746327257096,0.230650465213454,"CBG Attributable Rate",0,4.63127044873219,4.63127044873219,4,4.63127044873219,"CBG"
"371830536204",5.78808325608969,4.20247878505778,-1.88583774677813,0.300233275746219,"RT Summer Avg. Rate",0,5.78808325608969,5.78808325608969,1,5.78808325608969,"Average"
"371830536204",5.78808325608969,4.20247878505778,-1.88583774677813,0.300233275746219,"Health Contribution",5.78808325608969,-1.88583774677813,3.90224550931156,2,5.78808325608969,"Small Below"
"371830536204",5.78808325608969,4.20247878505778,-1.88583774677813,0.300233275746219,"Heat Contribution",3.90224550931156,0.300233275746219,4.20247878505778,3,4.20247878505778,"Small Above"
"371830536204",5.78808325608969,4.20247878505778,-1.88583774677813,0.300233275746219,"CBG Attributable Rate",0,4.20247878505778,4.20247878505778,4,4.20247878505778,"CBG"
"371830530033",5.78808325608969,4.5906246564309,-1.41556243008993,0.218103830431132,"RT Summer Avg. Rate",0,5.78808325608969,5.78808325608969,1,5.78808325608969,"Average"
"371830530033",5.78808325608969,4.5906246564309,-1.41556243008993,0.218103830431132,"Health Contribution",5.78808325608969,-1.41556243008993,4.37252082599976,2,5.78808325608969,"Small Below"
"371830530033",5.78808325608969,4.5906246564309,-1.41556243008993,0.218103830431132,"Heat Contribution",4.37252082599976,0.218103830431132,4.59062465643089,3,4.59062465643089,"Small Above"
"371830530033",5.78808325608969,4.5906246564309,-1.41556243008993,0.218103830431132,"CBG Attributable Rate",0,4.5906246564309,4.5906246564309,4,4.5906246564309,"CBG"
"371830523031",5.78808325608969,3.99115834558583,-1.90701481821725,0.110089907713392,"RT Summer Avg. Rate",0,5.78808325608969,5.78808325608969,1,5.78808325608969,"Average"
"371830523031",5.78808325608969,3.99115834558583,-1.90701481821725,0.110089907713392,"Health Contribution",5.78808325608969,-1.90701481821725,3.88106843787244,2,5.78808325608969,"Small Below"
"371830523031",5.78808325608969,3.99115834558583,-1.90701481821725,0.110089907713392,"Heat Contribution",3.88106843787244,0.110089907713392,3.99115834558583,3,3.99115834558583,"Small Above"
"371830523031",5.78808325608969,3.99115834558583,-1.90701481821725,0.110089907713392,"CBG Attributable Rate",0,3.99115834558583,3.99115834558583,4,3.99115834558583,"CBG"
"371830542141",5.78808325608969,5.36279179425582,0.104995390332457,-0.530286852166335,"RT Summer Avg. Rate",0,5.78808325608969,5.78808325608969,1,5.78808325608969,"Average"
"371830542141",5.78808325608969,5.36279179425582,0.104995390332457,-0.530286852166335,"Health Contribution",5.78808325608969,0.104995390332457,5.89307864642215,2,5.89307864642215,"Small Above"
"371830542141",5.78808325608969,5.36279179425582,0.104995390332457,-0.530286852166335,"Heat Contribution",5.89307864642215,-0.530286852166335,5.36279179425581,3,5.89307864642215,"Small Below"
"371830542141",5.78808325608969,5.36279179425582,0.104995390332457,-0.530286852166335,"CBG Attributable Rate",0,5.36279179425582,5.36279179425582,4,5.36279179425582,"CBG"
"371830541171",5.78808325608969,5.58914009907121,-1.1230062525275,0.924063095509016,"RT Summer Avg. Rate",0,5.78808325608969,5.78808325608969,1,5.78808325608969,"Average"
"371830541171",5.78808325608969,5.58914009907121,-1.1230062525275,0.924063095509016,"Health Contribution",5.78808325608969,-1.1230062525275,4.66507700356219,2,5.78808325608969,"Small Below"
"371830541171",5.78808325608969,5.58914009907121,-1.1230062525275,0.924063095509016,"Heat Contribution",4.66507700356219,0.924063095509016,5.58914009907121,3,5.58914009907121,"Small Above"
"371830541171",5.78808325608969,5.58914009907121,-1.1230062525275,0.924063095509016,"CBG Attributable Rate",0,5.58914009907121,5.58914009907121,4,5.58914009907121,"CBG"
"371830531093",5.78808325608969,5.58157134902009,-0.447108892618379,0.240596985548779,"RT Summer Avg. Rate",0,5.78808325608969,5.78808325608969,1,5.78808325608969,"Average"
"371830531093",5.78808325608969,5.58157134902009,-0.447108892618379,0.240596985548779,"Health Contribution",5.78808325608969,-0.447108892618379,5.34097436347131,2,5.78808325608969,"Small Below"
"371830531093",5.78808325608969,5.58157134902009,-0.447108892618379,0.240596985548779,"Heat Contribution",5.34097436347131,0.240596985548779,5.58157134902009,3,5.58157134902009,"Small Above"
"371830531093",5.78808325608969,5.58157134902009,-0.447108892618379,0.240596985548779,"CBG Attributable Rate",0,5.58157134902009,5.58157134902009,4,5.58157134902009,"CBG"
"371830536201",5.78808325608969,4.25207489690102,-1.81693144167417,0.280923082485495,"RT Summer Avg. Rate",0,5.78808325608969,5.78808325608969,1,5.78808325608969,"Average"
"371830536201",5.78808325608969,4.25207489690102,-1.81693144167417,0.280923082485495,"Health Contribution",5.78808325608969,-1.81693144167417,3.97115181441552,2,5.78808325608969,"Small Below"
"371830536201",5.78808325608969,4.25207489690102,-1.81693144167417,0.280923082485495,"Heat Contribution",3.97115181441552,0.280923082485495,4.25207489690102,3,4.25207489690102,"Small Above"
"371830536201",5.78808325608969,4.25207489690102,-1.81693144167417,0.280923082485495,"CBG Attributable Rate",0,4.25207489690102,4.25207489690102,4,4.25207489690102,"CBG"
"371830542203",5.78808325608969,8.10035291508268,1.38398570423042,0.928283954762561,"RT Summer Avg. Rate",0,5.78808325608969,5.78808325608969,1,5.78808325608969,"Average"
"371830542203",5.78808325608969,8.10035291508268,1.38398570423042,0.928283954762561,"Health Contribution",5.78808325608969,1.38398570423042,7.17206896032011,2,7.17206896032011,"Small Above"
"371830542203",5.78808325608969,8.10035291508268,1.38398570423042,0.928283954762561,"Heat Contribution",7.17206896032011,0.928283954762561,8.10035291508267,3,8.10035291508267,"Small Above"
"371830542203",5.78808325608969,8.10035291508268,1.38398570423042,0.928283954762561,"CBG Attributable Rate",0,8.10035291508268,8.10035291508268,4,8.10035291508268,"CBG"
"371830542202",5.78808325608969,5.2117356927251,-0.981875439023572,0.405527875658974,"RT Summer Avg. Rate",0,5.78808325608969,5.78808325608969,1,5.78808325608969,"Average"
"371830542202",5.78808325608969,5.2117356927251,-0.981875439023572,0.405527875658974,"Health Contribution",5.78808325608969,-0.981875439023572,4.80620781706612,2,5.78808325608969,"Small Below"
"371830542202",5.78808325608969,5.2117356927251,-0.981875439023572,0.405527875658974,"Heat Contribution",4.80620781706612,0.405527875658974,5.21173569272509,3,5.21173569272509,"Small Above"
"371830542202",5.78808325608969,5.2117356927251,-0.981875439023572,0.405527875658974,"CBG Attributable Rate",0,5.2117356927251,5.2117356927251,4,5.2117356927251,"CBG"
"371830542201",5.78808325608969,5.69845506456652,-0.469923943343414,0.380295751820238,"RT Summer Avg. Rate",0,5.78808325608969,5.78808325608969,1,5.78808325608969,"Average"
"371830542201",5.78808325608969,5.69845506456652,-0.469923943343414,0.380295751820238,"Health Contribution",5.78808325608969,-0.469923943343414,5.31815931274628,2,5.78808325608969,"Small Below"
"371830542201",5.78808325608969,5.69845506456652,-0.469923943343414,0.380295751820238,"Heat Contribution",5.31815931274628,0.380295751820238,5.69845506456651,3,5.69845506456651,"Small Above"
"371830542201",5.78808325608969,5.69845506456652,-0.469923943343414,0.380295751820238,"CBG Attributable Rate",0,5.69845506456652,5.69845506456652,4,5.69845506456652,"CBG"
"371830541122",5.78808325608969,5.75567373497832,0.0348836150601352,-0.0672931361715068,"RT Summer Avg. Rate",0,5.78808325608969,5.78808325608969,1,5.78808325608969,"Average"
"371830541122",5.78808325608969,5.75567373497832,0.0348836150601352,-0.0672931361715068,"Health Contribution",5.78808325608969,0.0348836150601352,5.82296687114983,2,5.82296687114983,"Small Above"
"371830541122",5.78808325608969,5.75567373497832,0.0348836150601352,-0.0672931361715068,"Heat Contribution",5.82296687114983,-0.0672931361715068,5.75567373497832,3,5.82296687114983,"Small Below"
"371830541122",5.78808325608969,5.75567373497832,0.0348836150601352,-0.0672931361715068,"CBG Attributable Rate",0,5.75567373497832,5.75567373497832,4,5.75567373497832,"CBG"
"371830545021",5.7880832560897,9.1646225639698,1.18620267904077,2.19033662883933,"RT Summer Avg. Rate",0,5.7880832560897,5.7880832560897,1,5.7880832560897,"Average"
"371830545021",5.7880832560897,9.1646225639698,1.18620267904077,2.19033662883933,"Health Contribution",5.7880832560897,1.18620267904077,6.97428593513047,2,6.97428593513047,"Small Above"
"371830545021",5.7880832560897,9.1646225639698,1.18620267904077,2.19033662883933,"Heat Contribution",6.97428593513047,2.19033662883933,9.1646225639698,3,9.1646225639698,"Large Above"
"371830545021",5.7880832560897,9.1646225639698,1.18620267904077,2.19033662883933,"CBG Attributable Rate",0,9.1646225639698,9.1646225639698,4,9.1646225639698,"CBG"
"371830537273",5.78808325608969,4.1949121119227,-0.951980504183649,-0.64119063998335,"RT Summer Avg. Rate",0,5.78808325608969,5.78808325608969,1,5.78808325608969,"Average"
"371830537273",5.78808325608969,4.1949121119227,-0.951980504183649,-0.64119063998335,"Health Contribution",5.78808325608969,-0.951980504183649,4.83610275190604,2,5.78808325608969,"Small Below"
"371830537273",5.78808325608969,4.1949121119227,-0.951980504183649,-0.64119063998335,"Heat Contribution",4.83610275190604,-0.64119063998335,4.19491211192269,3,4.83610275190604,"Small Below"
"371830537273",5.78808325608969,4.1949121119227,-0.951980504183649,-0.64119063998335,"CBG Attributable Rate",0,4.1949121119227,4.1949121119227,4,4.1949121119227,"CBG"
"371830545022",5.78808325608969,5.47190886780143,-1.22244065494528,0.906266266657008,"RT Summer Avg. Rate",0,5.78808325608969,5.78808325608969,1,5.78808325608969,"Average"
"371830545022",5.78808325608969,5.47190886780143,-1.22244065494528,0.906266266657008,"Health Contribution",5.78808325608969,-1.22244065494528,4.56564260114441,2,5.78808325608969,"Small Below"
"371830545022",5.78808325608969,5.47190886780143,-1.22244065494528,0.906266266657008,"Heat Contribution",4.56564260114441,0.906266266657008,5.47190886780142,3,5.47190886780142,"Small Above"
"371830545022",5.78808325608969,5.47190886780143,-1.22244065494528,0.906266266657008,"CBG Attributable Rate",0,5.47190886780143,5.47190886780143,4,5.47190886780143,"CBG"
"371830541161",5.78808325608969,5.56691825485368,-0.982730663429894,0.761565662193876,"RT Summer Avg. Rate",0,5.78808325608969,5.78808325608969,1,5.78808325608969,"Average"
"371830541161",5.78808325608969,5.56691825485368,-0.982730663429894,0.761565662193876,"Health Contribution",5.78808325608969,-0.982730663429894,4.8053525926598,2,5.78808325608969,"Small Below"
"371830541161",5.78808325608969,5.56691825485368,-0.982730663429894,0.761565662193876,"Heat Contribution",4.8053525926598,0.761565662193876,5.56691825485367,3,5.56691825485367,"Small Above"
"371830541161",5.78808325608969,5.56691825485368,-0.982730663429894,0.761565662193876,"CBG Attributable Rate",0,5.56691825485368,5.56691825485368,4,5.56691825485368,"CBG"
"371830525091",5.78808325608969,5.97661557809496,0.447788608250688,-0.259256286245423,"RT Summer Avg. Rate",0,5.78808325608969,5.78808325608969,1,5.78808325608969,"Average"
"371830525091",5.78808325608969,5.97661557809496,0.447788608250688,-0.259256286245423,"Health Contribution",5.78808325608969,0.447788608250688,6.23587186434038,2,6.23587186434038,"Small Above"
"371830525091",5.78808325608969,5.97661557809496,0.447788608250688,-0.259256286245423,"Heat Contribution",6.23587186434038,-0.259256286245423,5.97661557809496,3,6.23587186434038,"Small Below"
"371830525091",5.78808325608969,5.97661557809496,0.447788608250688,-0.259256286245423,"CBG Attributable Rate",0,5.97661557809496,5.97661557809496,4,5.97661557809496,"CBG"
"371819603001",5.78808325608969,4.68590544746342,1.19643629857335,-2.29861410719962,"RT Summer Avg. Rate",0,5.78808325608969,5.78808325608969,1,5.78808325608969,"Average"
"371819603001",5.78808325608969,4.68590544746342,1.19643629857335,-2.29861410719962,"Health Contribution",5.78808325608969,1.19643629857335,6.98451955466304,2,6.98451955466304,"Small Above"
"371819603001",5.78808325608969,4.68590544746342,1.19643629857335,-2.29861410719962,"Heat Contribution",6.98451955466304,-2.29861410719962,4.68590544746342,3,6.98451955466304,"Large Below"
"371819603001",5.78808325608969,4.68590544746342,1.19643629857335,-2.29861410719962,"CBG Attributable Rate",0,4.68590544746342,4.68590544746342,4,4.68590544746342,"CBG"
"371819610001",5.78808325608969,4.9758959106792,1.08432329306766,-1.89651063847815,"RT Summer Avg. Rate",0,5.78808325608969,5.78808325608969,1,5.78808325608969,"Average"
"371819610001",5.78808325608969,4.9758959106792,1.08432329306766,-1.89651063847815,"Health Contribution",5.78808325608969,1.08432329306766,6.87240654915735,2,6.87240654915735,"Small Above"
"371819610001",5.78808325608969,4.9758959106792,1.08432329306766,-1.89651063847815,"Heat Contribution",6.87240654915735,-1.89651063847815,4.9758959106792,3,6.87240654915735,"Small Below"
"371819610001",5.78808325608969,4.9758959106792,1.08432329306766,-1.89651063847815,"CBG Attributable Rate",0,4.9758959106792,4.9758959106792,4,4.9758959106792,"CBG"
"371050301012",5.78808325608969,8.76104903591519,1.51953847328504,1.45342730654045,"RT Summer Avg. Rate",0,5.78808325608969,5.78808325608969,1,5.78808325608969,"Average"
"371050301012",5.78808325608969,8.76104903591519,1.51953847328504,1.45342730654045,"Health Contribution",5.78808325608969,1.51953847328504,7.30762172937473,2,7.30762172937473,"Small Above"
"371050301012",5.78808325608969,8.76104903591519,1.51953847328504,1.45342730654045,"Heat Contribution",7.30762172937473,1.45342730654045,8.76104903591518,3,8.76104903591518,"Small Above"
"371050301012",5.78808325608969,8.76104903591519,1.51953847328504,1.45342730654045,"CBG Attributable Rate",0,8.76104903591519,8.76104903591519,4,8.76104903591519,"CBG"
"370779702002",5.78808325608969,6.63349615986392,3.40546852766016,-2.56005562388593,"RT Summer Avg. Rate",0,5.78808325608969,5.78808325608969,1,5.78808325608969,"Average"
"370779702002",5.78808325608969,6.63349615986392,3.40546852766016,-2.56005562388593,"Health Contribution",5.78808325608969,3.40546852766016,9.19355178374985,2,9.19355178374985,"Large Above"
"370779702002",5.78808325608969,6.63349615986392,3.40546852766016,-2.56005562388593,"Heat Contribution",9.19355178374985,-2.56005562388593,6.63349615986392,3,9.19355178374985,"Large Below"
"370779702002",5.78808325608969,6.63349615986392,3.40546852766016,-2.56005562388593,"CBG Attributable Rate",0,6.63349615986392,6.63349615986392,4,6.63349615986392,"CBG"
"370779701021",5.78808325608969,4.22557677712471,1.41949904712235,-2.98200552608733,"RT Summer Avg. Rate",0,5.78808325608969,5.78808325608969,1,5.78808325608969,"Average"
"370779701021",5.78808325608969,4.22557677712471,1.41949904712235,-2.98200552608733,"Health Contribution",5.78808325608969,1.41949904712235,7.20758230321204,2,7.20758230321204,"Small Above"
"370779701021",5.78808325608969,4.22557677712471,1.41949904712235,-2.98200552608733,"Heat Contribution",7.20758230321204,-2.98200552608733,4.22557677712471,3,7.20758230321204,"Large Below"
"370779701021",5.78808325608969,4.22557677712471,1.41949904712235,-2.98200552608733,"CBG Attributable Rate",0,4.22557677712471,4.22557677712471,4,4.22557677712471,"CBG"
"371050301023",5.78808325608969,5.81840573923925,0.0388865838739139,-0.0085641007243534,"RT Summer Avg. Rate",0,5.78808325608969,5.78808325608969,1,5.78808325608969,"Average"
"371050301023",5.78808325608969,5.81840573923925,0.0388865838739139,-0.0085641007243534,"Health Contribution",5.78808325608969,0.0388865838739139,5.8269698399636,2,5.8269698399636,"Small Above"
"371050301023",5.78808325608969,5.81840573923925,0.0388865838739139,-0.0085641007243534,"Heat Contribution",5.8269698399636,-0.0085641007243534,5.81840573923925,3,5.8269698399636,"Small Below"
"371050301023",5.78808325608969,5.81840573923925,0.0388865838739139,-0.0085641007243534,"CBG Attributable Rate",0,5.81840573923925,5.81840573923925,4,5.81840573923925,"CBG"
"371350117001",5.78808325608969,3.40675343897377,-2.23881791868751,-0.142511898428407,"RT Summer Avg. Rate",0,5.78808325608969,5.78808325608969,1,5.78808325608969,"Average"
"371350117001",5.78808325608969,3.40675343897377,-2.23881791868751,-0.142511898428407,"Health Contribution",5.78808325608969,-2.23881791868751,3.54926533740218,2,5.78808325608969,"Large Below"
"371350117001",5.78808325608969,3.40675343897377,-2.23881791868751,-0.142511898428407,"Heat Contribution",3.54926533740218,-0.142511898428407,3.40675343897377,3,3.54926533740218,"Small Below"
"371350117001",5.78808325608969,3.40675343897377,-2.23881791868751,-0.142511898428407,"CBG Attributable Rate",0,3.40675343897377,3.40675343897377,4,3.40675343897377,"CBG"
"371350109021",5.78808325608969,3.27032079416889,-0.649124625986541,-1.86863783593426,"RT Summer Avg. Rate",0,5.78808325608969,5.78808325608969,1,5.78808325608969,"Average"
"371350109021",5.78808325608969,3.27032079416889,-0.649124625986541,-1.86863783593426,"Health Contribution",5.78808325608969,-0.649124625986541,5.13895863010315,2,5.78808325608969,"Small Below"
"371350109021",5.78808325608969,3.27032079416889,-0.649124625986541,-1.86863783593426,"Heat Contribution",5.13895863010315,-1.86863783593426,3.27032079416889,3,5.13895863010315,"Small Below"
"371350109021",5.78808325608969,3.27032079416889,-0.649124625986541,-1.86863783593426,"CBG Attributable Rate",0,3.27032079416889,3.27032079416889,4,3.27032079416889,"CBG"
"370690601003",5.78808325608969,5.02223014432151,0.736798775756849,-1.50265188752504,"RT Summer Avg. Rate",0,5.78808325608969,5.78808325608969,1,5.78808325608969,"Average"
"370690601003",5.78808325608969,5.02223014432151,0.736798775756849,-1.50265188752504,"Health Contribution",5.78808325608969,0.736798775756849,6.52488203184654,2,6.52488203184654,"Small Above"
"370690601003",5.78808325608969,5.02223014432151,0.736798775756849,-1.50265188752504,"Heat Contribution",6.52488203184654,-1.50265188752504,5.0222301443215,3,6.52488203184654,"Small Below"
"370690601003",5.78808325608969,5.02223014432151,0.736798775756849,-1.50265188752504,"CBG Attributable Rate",0,5.02223014432151,5.02223014432151,4,5.02223014432151,"CBG"
"370690604011",5.78808325608969,5.48918832412479,1.05208336039604,-1.35097829236094,"RT Summer Avg. Rate",0,5.78808325608969,5.78808325608969,1,5.78808325608969,"Average"
"370690604011",5.78808325608969,5.48918832412479,1.05208336039604,-1.35097829236094,"Health Contribution",5.78808325608969,1.05208336039604,6.84016661648573,2,6.84016661648573,"Small Above"
"370690604011",5.78808325608969,5.48918832412479,1.05208336039604,-1.35097829236094,"Heat Contribution",6.84016661648573,-1.35097829236094,5.48918832412479,3,6.84016661648573,"Small Below"
"370690604011",5.78808325608969,5.48918832412479,1.05208336039604,-1.35097829236094,"CBG Attributable Rate",0,5.48918832412479,5.48918832412479,4,5.48918832412479,"CBG"
"370690603013",5.78808325608969,5.59441606062936,0.0370578935263198,-0.230725088986655,"RT Summer Avg. Rate",0,5.78808325608969,5.78808325608969,1,5.78808325608969,"Average"
"370690603013",5.78808325608969,5.59441606062936,0.0370578935263198,-0.230725088986655,"Health Contribution",5.78808325608969,0.0370578935263198,5.82514114961601,2,5.82514114961601,"Small Above"
"370690603013",5.78808325608969,5.59441606062936,0.0370578935263198,-0.230725088986655,"Heat Contribution",5.82514114961601,-0.230725088986655,5.59441606062935,3,5.82514114961601,"Small Below"
"370690603013",5.78808325608969,5.59441606062936,0.0370578935263198,-0.230725088986655,"CBG Attributable Rate",0,5.59441606062936,5.59441606062936,4,5.59441606062936,"CBG"
"371350107052",5.78808325608969,4.38789146734621,-1.342871893037,-0.0573198957064779,"RT Summer Avg. Rate",0,5.78808325608969,5.78808325608969,1,5.78808325608969,"Average"
"371350107052",5.78808325608969,4.38789146734621,-1.342871893037,-0.0573198957064779,"Health Contribution",5.78808325608969,-1.342871893037,4.44521136305269,2,5.78808325608969,"Small Below"
"371350107052",5.78808325608969,4.38789146734621,-1.342871893037,-0.0573198957064779,"Heat Contribution",4.44521136305269,-0.0573198957064779,4.38789146734621,3,4.44521136305269,"Small Below"
"371350107052",5.78808325608969,4.38789146734621,-1.342871893037,-0.0573198957064779,"CBG Attributable Rate",0,4.38789146734621,4.38789146734621,4,4.38789146734621,"CBG"
"371350118001",5.78808325608969,2.573029915354,-2.29339825651092,-0.921655084224776,"RT Summer Avg. Rate",0,5.78808325608969,5.78808325608969,1,5.78808325608969,"Average"
"371350118001",5.78808325608969,2.573029915354,-2.29339825651092,-0.921655084224776,"Health Contribution",5.78808325608969,-2.29339825651092,3.49468499957877,2,5.78808325608969,"Large Below"
"371350118001",5.78808325608969,2.573029915354,-2.29339825651092,-0.921655084224776,"Heat Contribution",3.49468499957877,-0.921655084224776,2.57302991535399,3,3.49468499957877,"Small Below"
"371350118001",5.78808325608969,2.573029915354,-2.29339825651092,-0.921655084224776,"CBG Attributable Rate",0,2.573029915354,2.573029915354,4,2.573029915354,"CBG"
"371350118002",5.78808325608969,2.13127348079454,-3.25224072665168,-0.404569048643479,"RT Summer Avg. Rate",0,5.78808325608969,5.78808325608969,1,5.78808325608969,"Average"
"371350118002",5.78808325608969,2.13127348079454,-3.25224072665168,-0.404569048643479,"Health Contribution",5.78808325608969,-3.25224072665168,2.53584252943801,2,5.78808325608969,"Large Below"
"371350118002",5.78808325608969,2.13127348079454,-3.25224072665168,-0.404569048643479,"Heat Contribution",2.53584252943801,-0.404569048643479,2.13127348079453,3,2.53584252943801,"Small Below"
"371350118002",5.78808325608969,2.13127348079454,-3.25224072665168,-0.404569048643479,"CBG Attributable Rate",0,2.13127348079454,2.13127348079454,4,2.13127348079454,"CBG"
"371830531051",5.78808325608969,5.81367437599231,-0.372845176767482,0.398436296670098,"RT Summer Avg. Rate",0,5.78808325608969,5.78808325608969,1,5.78808325608969,"Average"
"371830531051",5.78808325608969,5.81367437599231,-0.372845176767482,0.398436296670098,"Health Contribution",5.78808325608969,-0.372845176767482,5.41523807932221,2,5.78808325608969,"Small Below"
"371830531051",5.78808325608969,5.81367437599231,-0.372845176767482,0.398436296670098,"Heat Contribution",5.41523807932221,0.398436296670098,5.81367437599231,3,5.81367437599231,"Small Above"
"371830531051",5.78808325608969,5.81367437599231,-0.372845176767482,0.398436296670098,"CBG Attributable Rate",0,5.81367437599231,5.81367437599231,4,5.81367437599231,"CBG"
"371350122012",5.78808325608969,3.1456687233674,-2.40352512156305,-0.238889411159246,"RT Summer Avg. Rate",0,5.78808325608969,5.78808325608969,1,5.78808325608969,"Average"
"371350122012",5.78808325608969,3.1456687233674,-2.40352512156305,-0.238889411159246,"Health Contribution",5.78808325608969,-2.40352512156305,3.38455813452664,2,5.78808325608969,"Large Below"
"371350122012",5.78808325608969,3.1456687233674,-2.40352512156305,-0.238889411159246,"Heat Contribution",3.38455813452664,-0.238889411159246,3.14566872336739,3,3.38455813452664,"Small Below"
"371350122012",5.78808325608969,3.1456687233674,-2.40352512156305,-0.238889411159246,"CBG Attributable Rate",0,3.1456687233674,3.1456687233674,4,3.1456687233674,"CBG"
"371050306012",5.78808325608969,5.18878285288101,-0.941434357093516,0.342133953884833,"RT Summer Avg. Rate",0,5.78808325608969,5.78808325608969,1,5.78808325608969,"Average"
"371050306012",5.78808325608969,5.18878285288101,-0.941434357093516,0.342133953884833,"Health Contribution",5.78808325608969,-0.941434357093516,4.84664889899617,2,5.78808325608969,"Small Below"
"371050306012",5.78808325608969,5.18878285288101,-0.941434357093516,0.342133953884833,"Heat Contribution",4.84664889899617,0.342133953884833,5.18878285288101,3,5.18878285288101,"Small Above"
"371050306012",5.78808325608969,5.18878285288101,-0.941434357093516,0.342133953884833,"CBG Attributable Rate",0,5.18878285288101,5.18878285288101,4,5.18878285288101,"CBG"
"370850701002",5.78808325608969,17.1973416147494,5.64193070282094,5.76732765583875,"RT Summer Avg. Rate",0,5.78808325608969,5.78808325608969,1,5.78808325608969,"Average"
"370850701002",5.78808325608969,17.1973416147494,5.64193070282094,5.76732765583875,"Health Contribution",5.78808325608969,5.64193070282094,11.4300139589106,2,11.4300139589106,"Large Above"
"370850701002",5.78808325608969,17.1973416147494,5.64193070282094,5.76732765583875,"Heat Contribution",11.4300139589106,5.76732765583875,17.1973416147494,3,17.1973416147494,"Large Above"
"370850701002",5.78808325608969,17.1973416147494,5.64193070282094,5.76732765583875,"CBG Attributable Rate",0,17.1973416147494,17.1973416147494,4,17.1973416147494,"CBG"
"370850709041",5.78808325608969,8.19039152236297,1.58316800537563,0.819140260897641,"RT Summer Avg. Rate",0,5.78808325608969,5.78808325608969,1,5.78808325608969,"Average"
"370850709041",5.78808325608969,8.19039152236297,1.58316800537563,0.819140260897641,"Health Contribution",5.78808325608969,1.58316800537563,7.37125126146532,2,7.37125126146532,"Small Above"
"370850709041",5.78808325608969,8.19039152236297,1.58316800537563,0.819140260897641,"Heat Contribution",7.37125126146532,0.819140260897641,8.19039152236296,3,8.19039152236296,"Small Above"
"370850709041",5.78808325608969,8.19039152236297,1.58316800537563,0.819140260897641,"CBG Attributable Rate",0,8.19039152236297,8.19039152236297,4,8.19039152236297,"CBG"
"371830534053",5.78808325608969,6.18442498993613,-0.0615099586466018,0.45785169249304,"RT Summer Avg. Rate",0,5.78808325608969,5.78808325608969,1,5.78808325608969,"Average"
"371830534053",5.78808325608969,6.18442498993613,-0.0615099586466018,0.45785169249304,"Health Contribution",5.78808325608969,-0.0615099586466018,5.72657329744309,2,5.78808325608969,"Small Below"
"371830534053",5.78808325608969,6.18442498993613,-0.0615099586466018,0.45785169249304,"Heat Contribution",5.72657329744309,0.45785169249304,6.18442498993613,3,6.18442498993613,"Small Above"
"371830534053",5.78808325608969,6.18442498993613,-0.0615099586466018,0.45785169249304,"CBG Attributable Rate",0,6.18442498993613,6.18442498993613,4,6.18442498993613,"CBG"
"371830542061",5.78808325608969,4.13217208604136,-1.31470988882783,-0.341201281220496,"RT Summer Avg. Rate",0,5.78808325608969,5.78808325608969,1,5.78808325608969,"Average"
"371830542061",5.78808325608969,4.13217208604136,-1.31470988882783,-0.341201281220496,"Health Contribution",5.78808325608969,-1.31470988882783,4.47337336726186,2,5.78808325608969,"Small Below"
"371830542061",5.78808325608969,4.13217208604136,-1.31470988882783,-0.341201281220496,"Heat Contribution",4.47337336726186,-0.341201281220496,4.13217208604136,3,4.47337336726186,"Small Below"
"371830542061",5.78808325608969,4.13217208604136,-1.31470988882783,-0.341201281220496,"CBG Attributable Rate",0,4.13217208604136,4.13217208604136,4,4.13217208604136,"CBG"
"371830536042",5.78808325608969,4.23297186281297,-2.00607513820956,0.45096374493283,"RT Summer Avg. Rate",0,5.78808325608969,5.78808325608969,1,5.78808325608969,"Average"
"371830536042",5.78808325608969,4.23297186281297,-2.00607513820956,0.45096374493283,"Health Contribution",5.78808325608969,-2.00607513820956,3.78200811788013,2,5.78808325608969,"Large Below"
"371830536042",5.78808325608969,4.23297186281297,-2.00607513820956,0.45096374493283,"Heat Contribution",3.78200811788013,0.45096374493283,4.23297186281296,3,4.23297186281296,"Small Above"
"371830536042",5.78808325608969,4.23297186281297,-2.00607513820956,0.45096374493283,"CBG Attributable Rate",0,4.23297186281297,4.23297186281297,4,4.23297186281297,"CBG"
"370690608022",5.78808325608969,7.60099291390305,2.25517403322313,-0.442264375409769,"RT Summer Avg. Rate",0,5.78808325608969,5.78808325608969,1,5.78808325608969,"Average"
"370690608022",5.78808325608969,7.60099291390305,2.25517403322313,-0.442264375409769,"Health Contribution",5.78808325608969,2.25517403322313,8.04325728931282,2,8.04325728931282,"Large Above"
"370690608022",5.78808325608969,7.60099291390305,2.25517403322313,-0.442264375409769,"Heat Contribution",8.04325728931282,-0.442264375409769,7.60099291390305,3,8.04325728931282,"Small Below"
"370690608022",5.78808325608969,7.60099291390305,2.25517403322313,-0.442264375409769,"CBG Attributable Rate",0,7.60099291390305,7.60099291390305,4,7.60099291390305,"CBG"
"370690601004",5.78808325608969,5.91609097833392,1.58342539103175,-1.45541766878753,"RT Summer Avg. Rate",0,5.78808325608969,5.78808325608969,1,5.78808325608969,"Average"
"370690601004",5.78808325608969,5.91609097833392,1.58342539103175,-1.45541766878753,"Health Contribution",5.78808325608969,1.58342539103175,7.37150864712144,2,7.37150864712144,"Small Above"
"370690601004",5.78808325608969,5.91609097833392,1.58342539103175,-1.45541766878753,"Heat Contribution",7.37150864712144,-1.45541766878753,5.91609097833391,3,7.37150864712144,"Small Below"
"370690601004",5.78808325608969,5.91609097833392,1.58342539103175,-1.45541766878753,"CBG Attributable Rate",0,5.91609097833392,5.91609097833392,4,5.91609097833392,"CBG"
"370690601001",5.78808325608969,6.14558590524138,1.94269265993691,-1.58519001078522,"RT Summer Avg. Rate",0,5.78808325608969,5.78808325608969,1,5.78808325608969,"Average"
"370690601001",5.78808325608969,6.14558590524138,1.94269265993691,-1.58519001078522,"Health Contribution",5.78808325608969,1.94269265993691,7.7307759160266,2,7.7307759160266,"Small Above"
"370690601001",5.78808325608969,6.14558590524138,1.94269265993691,-1.58519001078522,"Heat Contribution",7.7307759160266,-1.58519001078522,6.14558590524138,3,7.7307759160266,"Small Below"
"370690601001",5.78808325608969,6.14558590524138,1.94269265993691,-1.58519001078522,"CBG Attributable Rate",0,6.14558590524138,6.14558590524138,4,6.14558590524138,"CBG"
"370850709011",5.78808325608969,8.09070757197121,1.15239908407664,1.15022523180487,"RT Summer Avg. Rate",0,5.78808325608969,5.78808325608969,1,5.78808325608969,"Average"
"370850709011",5.78808325608969,8.09070757197121,1.15239908407664,1.15022523180487,"Health Contribution",5.78808325608969,1.15239908407664,6.94048234016633,2,6.94048234016633,"Small Above"
"370850709011",5.78808325608969,8.09070757197121,1.15239908407664,1.15022523180487,"Heat Contribution",6.94048234016633,1.15022523180487,8.0907075719712,3,8.0907075719712,"Small Above"
"370850709011",5.78808325608969,8.09070757197121,1.15239908407664,1.15022523180487,"CBG Attributable Rate",0,8.09070757197121,8.09070757197121,4,8.09070757197121,"CBG"
"371830544043",5.78808325608969,7.21206615462155,1.50923444578584,-0.0852515472539872,"RT Summer Avg. Rate",0,5.78808325608969,5.78808325608969,1,5.78808325608969,"Average"
"371830544043",5.78808325608969,7.21206615462155,1.50923444578584,-0.0852515472539872,"Health Contribution",5.78808325608969,1.50923444578584,7.29731770187553,2,7.29731770187553,"Small Above"
"371830544043",5.78808325608969,7.21206615462155,1.50923444578584,-0.0852515472539872,"Heat Contribution",7.29731770187553,-0.0852515472539872,7.21206615462154,3,7.29731770187553,"Small Below"
"371830544043",5.78808325608969,7.21206615462155,1.50923444578584,-0.0852515472539872,"CBG Attributable Rate",0,7.21206615462155,7.21206615462155,4,7.21206615462155,"CBG"
"371830527013",5.78808325608969,9.42516696928766,1.47408889202688,2.16299482117109,"RT Summer Avg. Rate",0,5.78808325608969,5.78808325608969,1,5.78808325608969,"Average"
"371830527013",5.78808325608969,9.42516696928766,1.47408889202688,2.16299482117109,"Health Contribution",5.78808325608969,1.47408889202688,7.26217214811657,2,7.26217214811657,"Small Above"
"371830527013",5.78808325608969,9.42516696928766,1.47408889202688,2.16299482117109,"Heat Contribution",7.26217214811657,2.16299482117109,9.42516696928766,3,9.42516696928766,"Large Above"
"371830527013",5.78808325608969,9.42516696928766,1.47408889202688,2.16299482117109,"CBG Attributable Rate",0,9.42516696928766,9.42516696928766,4,9.42516696928766,"CBG"
"371830531113",5.78808325608969,5.57395292963185,-0.370310351740059,0.15618002528221,"RT Summer Avg. Rate",0,5.78808325608969,5.78808325608969,1,5.78808325608969,"Average"
"371830531113",5.78808325608969,5.57395292963185,-0.370310351740059,0.15618002528221,"Health Contribution",5.78808325608969,-0.370310351740059,5.41777290434963,2,5.78808325608969,"Small Below"
"371830531113",5.78808325608969,5.57395292963185,-0.370310351740059,0.15618002528221,"Heat Contribution",5.41777290434963,0.15618002528221,5.57395292963184,3,5.57395292963184,"Small Above"
"371830531113",5.78808325608969,5.57395292963185,-0.370310351740059,0.15618002528221,"CBG Attributable Rate",0,5.57395292963185,5.57395292963185,4,5.57395292963185,"CBG"
"370630010021",5.78808325608969,9.59459635667445,2.86357847854046,0.942934622044298,"RT Summer Avg. Rate",0,5.78808325608969,5.78808325608969,1,5.78808325608969,"Average"
"370630010021",5.78808325608969,9.59459635667445,2.86357847854046,0.942934622044298,"Health Contribution",5.78808325608969,2.86357847854046,8.65166173463015,2,8.65166173463015,"Large Above"
"370630010021",5.78808325608969,9.59459635667445,2.86357847854046,0.942934622044298,"Heat Contribution",8.65166173463015,0.942934622044298,9.59459635667445,3,9.59459635667445,"Small Above"
"370630010021",5.78808325608969,9.59459635667445,2.86357847854046,0.942934622044298,"CBG Attributable Rate",0,9.59459635667445,9.59459635667445,4,9.59459635667445,"CBG"
"370630010023",5.78808325608969,11.3925136654809,4.10495667189297,1.49947373749818,"RT Summer Avg. Rate",0,5.78808325608969,5.78808325608969,1,5.78808325608969,"Average"
"370630010023",5.78808325608969,11.3925136654809,4.10495667189297,1.49947373749818,"Health Contribution",5.78808325608969,4.10495667189297,9.89303992798266,2,9.89303992798266,"Large Above"
"370630010023",5.78808325608969,11.3925136654809,4.10495667189297,1.49947373749818,"Heat Contribution",9.89303992798266,1.49947373749818,11.3925136654808,3,11.3925136654808,"Small Above"
"370630010023",5.78808325608969,11.3925136654809,4.10495667189297,1.49947373749818,"CBG Attributable Rate",0,11.3925136654809,11.3925136654809,4,11.3925136654809,"CBG"
"370630010024",5.78808325608969,10.736411152442,3.98879010913493,0.959537787217372,"RT Summer Avg. Rate",0,5.78808325608969,5.78808325608969,1,5.78808325608969,"Average"
"370630010024",5.78808325608969,10.736411152442,3.98879010913493,0.959537787217372,"Health Contribution",5.78808325608969,3.98879010913493,9.77687336522462,2,9.77687336522462,"Large Above"
"370630010024",5.78808325608969,10.736411152442,3.98879010913493,0.959537787217372,"Heat Contribution",9.77687336522462,0.959537787217372,10.736411152442,3,10.736411152442,"Small Above"
"370630010024",5.78808325608969,10.736411152442,3.98879010913493,0.959537787217372,"CBG Attributable Rate",0,10.736411152442,10.736411152442,4,10.736411152442,"CBG"
"370630011001",5.78808325608969,11.690049819088,4.41138738530299,1.4905791776953,"RT Summer Avg. Rate",0,5.78808325608969,5.78808325608969,1,5.78808325608969,"Average"
"370630011001",5.78808325608969,11.690049819088,4.41138738530299,1.4905791776953,"Health Contribution",5.78808325608969,4.41138738530299,10.1994706413927,2,10.1994706413927,"Large Above"
"370630011001",5.78808325608969,11.690049819088,4.41138738530299,1.4905791776953,"Heat Contribution",10.1994706413927,1.4905791776953,11.690049819088,3,11.690049819088,"Small Above"
"370630011001",5.78808325608969,11.690049819088,4.41138738530299,1.4905791776953,"CBG Attributable Rate",0,11.690049819088,11.690049819088,4,11.690049819088,"CBG"
"370630013031",5.78808325608969,7.96350125766837,1.45187865348871,0.723539348089967,"RT Summer Avg. Rate",0,5.78808325608969,5.78808325608969,1,5.78808325608969,"Average"
"370630013031",5.78808325608969,7.96350125766837,1.45187865348871,0.723539348089967,"Health Contribution",5.78808325608969,1.45187865348871,7.2399619095784,2,7.2399619095784,"Small Above"
"370630013031",5.78808325608969,7.96350125766837,1.45187865348871,0.723539348089967,"Heat Contribution",7.2399619095784,0.723539348089967,7.96350125766837,3,7.96350125766837,"Small Above"
"370630013031",5.78808325608969,7.96350125766837,1.45187865348871,0.723539348089967,"CBG Attributable Rate",0,7.96350125766837,7.96350125766837,4,7.96350125766837,"CBG"
"370630013041",5.78808325608969,11.6691857228395,4.93576256973635,0.945339897013473,"RT Summer Avg. Rate",0,5.78808325608969,5.78808325608969,1,5.78808325608969,"Average"
"370630013041",5.78808325608969,11.6691857228395,4.93576256973635,0.945339897013473,"Health Contribution",5.78808325608969,4.93576256973635,10.723845825826,2,10.723845825826,"Large Above"
"370630013041",5.78808325608969,11.6691857228395,4.93576256973635,0.945339897013473,"Heat Contribution",10.723845825826,0.945339897013473,11.6691857228395,3,11.6691857228395,"Small Above"
"370630013041",5.78808325608969,11.6691857228395,4.93576256973635,0.945339897013473,"CBG Attributable Rate",0,11.6691857228395,11.6691857228395,4,11.6691857228395,"CBG"
"370630014002",5.78808325608969,12.4678279888587,5.42720444053133,1.25254029223769,"RT Summer Avg. Rate",0,5.78808325608969,5.78808325608969,1,5.78808325608969,"Average"
"370630014002",5.78808325608969,12.4678279888587,5.42720444053133,1.25254029223769,"Health Contribution",5.78808325608969,5.42720444053133,11.215287696621,2,11.215287696621,"Large Above"
"370630014002",5.78808325608969,12.4678279888587,5.42720444053133,1.25254029223769,"Heat Contribution",11.215287696621,1.25254029223769,12.4678279888587,3,12.4678279888587,"Small Above"
"370630014002",5.78808325608969,12.4678279888587,5.42720444053133,1.25254029223769,"CBG Attributable Rate",0,12.4678279888587,12.4678279888587,4,12.4678279888587,"CBG"
"370630013032",5.78808325608969,11.8328308756881,4.8487832155359,1.19596440406253,"RT Summer Avg. Rate",0,5.78808325608969,5.78808325608969,1,5.78808325608969,"Average"
"370630013032",5.78808325608969,11.8328308756881,4.8487832155359,1.19596440406253,"Health Contribution",5.78808325608969,4.8487832155359,10.6368664716256,2,10.6368664716256,"Large Above"
"370630013032",5.78808325608969,11.8328308756881,4.8487832155359,1.19596440406253,"Heat Contribution",10.6368664716256,1.19596440406253,11.8328308756881,3,11.8328308756881,"Small Above"
"370630013032",5.78808325608969,11.8328308756881,4.8487832155359,1.19596440406253,"CBG Attributable Rate",0,11.8328308756881,11.8328308756881,4,11.8328308756881,"CBG"
"370630016013",5.78808325608969,4.98213139731087,0.0797801619871643,-0.885732020765991,"RT Summer Avg. Rate",0,5.78808325608969,5.78808325608969,1,5.78808325608969,"Average"
"370630016013",5.78808325608969,4.98213139731087,0.0797801619871643,-0.885732020765991,"Health Contribution",5.78808325608969,0.0797801619871643,5.86786341807685,2,5.86786341807685,"Small Above"
"370630016013",5.78808325608969,4.98213139731087,0.0797801619871643,-0.885732020765991,"Heat Contribution",5.86786341807685,-0.885732020765991,4.98213139731086,3,5.86786341807685,"Small Below"
"370630016013",5.78808325608969,4.98213139731087,0.0797801619871643,-0.885732020765991,"CBG Attributable Rate",0,4.98213139731087,4.98213139731087,4,4.98213139731087,"CBG"
"370630010011",5.78808325608969,8.59366336241938,1.6185240677987,1.18705603853099,"RT Summer Avg. Rate",0,5.78808325608969,5.78808325608969,1,5.78808325608969,"Average"
"370630010011",5.78808325608969,8.59366336241938,1.6185240677987,1.18705603853099,"Health Contribution",5.78808325608969,1.6185240677987,7.40660732388839,2,7.40660732388839,"Small Above"
"370630010011",5.78808325608969,8.59366336241938,1.6185240677987,1.18705603853099,"Heat Contribution",7.40660732388839,1.18705603853099,8.59366336241938,3,8.59366336241938,"Small Above"
"370630010011",5.78808325608969,8.59366336241938,1.6185240677987,1.18705603853099,"CBG Attributable Rate",0,8.59366336241938,8.59366336241938,4,8.59366336241938,"CBG"
"370630010012",5.78808325608969,9.02254011617427,2.49828719617287,0.736169663911703,"RT Summer Avg. Rate",0,5.78808325608969,5.78808325608969,1,5.78808325608969,"Average"
"370630010012",5.78808325608969,9.02254011617427,2.49828719617287,0.736169663911703,"Health Contribution",5.78808325608969,2.49828719617287,8.28637045226256,2,8.28637045226256,"Large Above"
"370630010012",5.78808325608969,9.02254011617427,2.49828719617287,0.736169663911703,"Heat Contribution",8.28637045226256,0.736169663911703,9.02254011617426,3,9.02254011617426,"Small Above"
"370630010012",5.78808325608969,9.02254011617427,2.49828719617287,0.736169663911703,"CBG Attributable Rate",0,9.02254011617427,9.02254011617427,4,9.02254011617427,"CBG"
"370630017052",5.78808325608969,6.35910830567857,0.326755123019031,0.244269926569842,"RT Summer Avg. Rate",0,5.78808325608969,5.78808325608969,1,5.78808325608969,"Average"
"370630017052",5.78808325608969,6.35910830567857,0.326755123019031,0.244269926569842,"Health Contribution",5.78808325608969,0.326755123019031,6.11483837910872,2,6.11483837910872,"Small Above"
"370630017052",5.78808325608969,6.35910830567857,0.326755123019031,0.244269926569842,"Heat Contribution",6.11483837910872,0.244269926569842,6.35910830567856,3,6.35910830567856,"Small Above"
"370630017052",5.78808325608969,6.35910830567857,0.326755123019031,0.244269926569842,"CBG Attributable Rate",0,6.35910830567857,6.35910830567857,4,6.35910830567857,"CBG"
"370630017053",5.78808325608969,8.85913008307824,2.79749340312244,0.273553423866105,"RT Summer Avg. Rate",0,5.78808325608969,5.78808325608969,1,5.78808325608969,"Average"
"370630017053",5.78808325608969,8.85913008307824,2.79749340312244,0.273553423866105,"Health Contribution",5.78808325608969,2.79749340312244,8.58557665921213,2,8.58557665921213,"Large Above"
"370630017053",5.78808325608969,8.85913008307824,2.79749340312244,0.273553423866105,"Heat Contribution",8.58557665921213,0.273553423866105,8.85913008307823,3,8.85913008307823,"Small Above"
"370630017053",5.78808325608969,8.85913008307824,2.79749340312244,0.273553423866105,"CBG Attributable Rate",0,8.85913008307824,8.85913008307824,4,8.85913008307824,"CBG"
"370630017061",5.78808325608969,3.63833722875207,-1.96183072525002,-0.187915302087601,"RT Summer Avg. Rate",0,5.78808325608969,5.78808325608969,1,5.78808325608969,"Average"
"370630017061",5.78808325608969,3.63833722875207,-1.96183072525002,-0.187915302087601,"Health Contribution",5.78808325608969,-1.96183072525002,3.82625253083967,2,5.78808325608969,"Small Below"
"370630017061",5.78808325608969,3.63833722875207,-1.96183072525002,-0.187915302087601,"Heat Contribution",3.82625253083967,-0.187915302087601,3.63833722875207,3,3.82625253083967,"Small Below"
"370630017061",5.78808325608969,3.63833722875207,-1.96183072525002,-0.187915302087601,"CBG Attributable Rate",0,3.63833722875207,3.63833722875207,4,3.63833722875207,"CBG"
"370630022001",5.78808325608969,3.67472210474772,-2.38017755532209,0.266816403980114,"RT Summer Avg. Rate",0,5.78808325608969,5.78808325608969,1,5.78808325608969,"Average"
"370630022001",5.78808325608969,3.67472210474772,-2.38017755532209,0.266816403980114,"Health Contribution",5.78808325608969,-2.38017755532209,3.4079057007676,2,5.78808325608969,"Large Below"
"370630022001",5.78808325608969,3.67472210474772,-2.38017755532209,0.266816403980114,"Heat Contribution",3.4079057007676,0.266816403980114,3.67472210474771,3,3.67472210474771,"Small Above"
"370630022001",5.78808325608969,3.67472210474772,-2.38017755532209,0.266816403980114,"CBG Attributable Rate",0,3.67472210474772,3.67472210474772,4,3.67472210474772,"CBG"
"370630017101",5.78808325608969,7.41274892193751,1.61449853034748,0.0101671355003313,"RT Summer Avg. Rate",0,5.78808325608969,5.78808325608969,1,5.78808325608969,"Average"
"370630017101",5.78808325608969,7.41274892193751,1.61449853034748,0.0101671355003313,"Health Contribution",5.78808325608969,1.61449853034748,7.40258178643717,2,7.40258178643717,"Small Above"
"370630017101",5.78808325608969,7.41274892193751,1.61449853034748,0.0101671355003313,"Heat Contribution",7.40258178643717,0.0101671355003313,7.4127489219375,3,7.4127489219375,"Small Above"
"370630017101",5.78808325608969,7.41274892193751,1.61449853034748,0.0101671355003313,"CBG Attributable Rate",0,7.41274892193751,7.41274892193751,4,7.41274892193751,"CBG"
"370630017102",5.78808325608969,6.39179994056091,1.14244965191465,-0.538732967443441,"RT Summer Avg. Rate",0,5.78808325608969,5.78808325608969,1,5.78808325608969,"Average"
"370630017102",5.78808325608969,6.39179994056091,1.14244965191465,-0.538732967443441,"Health Contribution",5.78808325608969,1.14244965191465,6.93053290800434,2,6.93053290800434,"Small Above"
"370630017102",5.78808325608969,6.39179994056091,1.14244965191465,-0.538732967443441,"Heat Contribution",6.93053290800434,-0.538732967443441,6.3917999405609,3,6.93053290800434,"Small Below"
"370630017102",5.78808325608969,6.39179994056091,1.14244965191465,-0.538732967443441,"CBG Attributable Rate",0,6.39179994056091,6.39179994056091,4,6.39179994056091,"CBG"
"370630017111",5.78808325608969,6.86983883393904,1.7957791703731,-0.714023592523751,"RT Summer Avg. Rate",0,5.78808325608969,5.78808325608969,1,5.78808325608969,"Average"
"370630017111",5.78808325608969,6.86983883393904,1.7957791703731,-0.714023592523751,"Health Contribution",5.78808325608969,1.7957791703731,7.58386242646279,2,7.58386242646279,"Small Above"
"370630017111",5.78808325608969,6.86983883393904,1.7957791703731,-0.714023592523751,"Heat Contribution",7.58386242646279,-0.714023592523751,6.86983883393904,3,7.58386242646279,"Small Below"
"370630017111",5.78808325608969,6.86983883393904,1.7957791703731,-0.714023592523751,"CBG Attributable Rate",0,6.86983883393904,6.86983883393904,4,6.86983883393904,"CBG"
"370630017112",5.78808325608969,5.45310112893237,0.0995448093263624,-0.434526936483685,"RT Summer Avg. Rate",0,5.78808325608969,5.78808325608969,1,5.78808325608969,"Average"
"370630017112",5.78808325608969,5.45310112893237,0.0995448093263624,-0.434526936483685,"Health Contribution",5.78808325608969,0.0995448093263624,5.88762806541605,2,5.88762806541605,"Small Above"
"370630017112",5.78808325608969,5.45310112893237,0.0995448093263624,-0.434526936483685,"Heat Contribution",5.88762806541605,-0.434526936483685,5.45310112893237,3,5.88762806541605,"Small Below"
"370630017112",5.78808325608969,5.45310112893237,0.0995448093263624,-0.434526936483685,"CBG Attributable Rate",0,5.45310112893237,5.45310112893237,4,5.45310112893237,"CBG"
"370779706051",5.78808325608969,3.44611669578451,-1.00185828604877,-1.34010827425642,"RT Summer Avg. Rate",0,5.78808325608969,5.78808325608969,1,5.78808325608969,"Average"
"370779706051",5.78808325608969,3.44611669578451,-1.00185828604877,-1.34010827425642,"Health Contribution",5.78808325608969,-1.00185828604877,4.78622497004092,2,5.78808325608969,"Small Below"
"370779706051",5.78808325608969,3.44611669578451,-1.00185828604877,-1.34010827425642,"Heat Contribution",4.78622497004092,-1.34010827425642,3.4461166957845,3,4.78622497004092,"Small Below"
"370779706051",5.78808325608969,3.44611669578451,-1.00185828604877,-1.34010827425642,"CBG Attributable Rate",0,3.44611669578451,3.44611669578451,4,3.44611669578451,"CBG"
"370779706073",5.78808325608969,5.37210299861837,0.256462349321852,-0.672442606793177,"RT Summer Avg. Rate",0,5.78808325608969,5.78808325608969,1,5.78808325608969,"Average"
"370779706073",5.78808325608969,5.37210299861837,0.256462349321852,-0.672442606793177,"Health Contribution",5.78808325608969,0.256462349321852,6.04454560541154,2,6.04454560541154,"Small Above"
"370779706073",5.78808325608969,5.37210299861837,0.256462349321852,-0.672442606793177,"Heat Contribution",6.04454560541154,-0.672442606793177,5.37210299861837,3,6.04454560541154,"Small Below"
"370779706073",5.78808325608969,5.37210299861837,0.256462349321852,-0.672442606793177,"CBG Attributable Rate",0,5.37210299861837,5.37210299861837,4,5.37210299861837,"CBG"
"370779706041",5.78808325608969,5.32654618823349,0.794041579669486,-1.2555786475257,"RT Summer Avg. Rate",0,5.78808325608969,5.78808325608969,1,5.78808325608969,"Average"
"370779706041",5.78808325608969,5.32654618823349,0.794041579669486,-1.2555786475257,"Health Contribution",5.78808325608969,0.794041579669486,6.58212483575918,2,6.58212483575918,"Small Above"
"370779706041",5.78808325608969,5.32654618823349,0.794041579669486,-1.2555786475257,"Heat Contribution",6.58212483575918,-1.2555786475257,5.32654618823348,3,6.58212483575918,"Small Below"
"370779706041",5.78808325608969,5.32654618823349,0.794041579669486,-1.2555786475257,"CBG Attributable Rate",0,5.32654618823349,5.32654618823349,4,5.32654618823349,"CBG"
"370779706013",5.78808325608969,5.28800891140033,0.9565701686926,-1.45664451338196,"RT Summer Avg. Rate",0,5.78808325608969,5.78808325608969,1,5.78808325608969,"Average"
"370779706013",5.78808325608969,5.28800891140033,0.9565701686926,-1.45664451338196,"Health Contribution",5.78808325608969,0.9565701686926,6.74465342478229,2,6.74465342478229,"Small Above"
"370779706013",5.78808325608969,5.28800891140033,0.9565701686926,-1.45664451338196,"Heat Contribution",6.74465342478229,-1.45664451338196,5.28800891140033,3,6.74465342478229,"Small Below"
"370779706013",5.78808325608969,5.28800891140033,0.9565701686926,-1.45664451338196,"CBG Attributable Rate",0,5.28800891140033,5.28800891140033,4,5.28800891140033,"CBG"
"370630020131",5.78808325608969,5.53113407114903,-0.856147355196937,0.599198170256277,"RT Summer Avg. Rate",0,5.78808325608969,5.78808325608969,1,5.78808325608969,"Average"
"370630020131",5.78808325608969,5.53113407114903,-0.856147355196937,0.599198170256277,"Health Contribution",5.78808325608969,-0.856147355196937,4.93193590089275,2,5.78808325608969,"Small Below"
"370630020131",5.78808325608969,5.53113407114903,-0.856147355196937,0.599198170256277,"Heat Contribution",4.93193590089275,0.599198170256277,5.53113407114903,3,5.53113407114903,"Small Above"
"370630020131",5.78808325608969,5.53113407114903,-0.856147355196937,0.599198170256277,"CBG Attributable Rate",0,5.53113407114903,5.53113407114903,4,5.53113407114903,"CBG"
"370779706071",5.78808325608969,6.26738890351,0.957107686645146,-0.477802039224843,"RT Summer Avg. Rate",0,5.78808325608969,5.78808325608969,1,5.78808325608969,"Average"
"370779706071",5.78808325608969,6.26738890351,0.957107686645146,-0.477802039224843,"Health Contribution",5.78808325608969,0.957107686645146,6.74519094273484,2,6.74519094273484,"Small Above"
"370779706071",5.78808325608969,6.26738890351,0.957107686645146,-0.477802039224843,"Heat Contribution",6.74519094273484,-0.477802039224843,6.26738890350999,3,6.74519094273484,"Small Below"
"370779706071",5.78808325608969,6.26738890351,0.957107686645146,-0.477802039224843,"CBG Attributable Rate",0,6.26738890351,6.26738890351,4,6.26738890351,"CBG"
"370779706061",5.78808325608969,6.14772283980612,1.28703124928226,-0.927391665565838,"RT Summer Avg. Rate",0,5.78808325608969,5.78808325608969,1,5.78808325608969,"Average"
"370779706061",5.78808325608969,6.14772283980612,1.28703124928226,-0.927391665565838,"Health Contribution",5.78808325608969,1.28703124928226,7.07511450537195,2,7.07511450537195,"Small Above"
"370779706061",5.78808325608969,6.14772283980612,1.28703124928226,-0.927391665565838,"Heat Contribution",7.07511450537195,-0.927391665565838,6.14772283980611,3,7.07511450537195,"Small Below"
"370779706061",5.78808325608969,6.14772283980612,1.28703124928226,-0.927391665565838,"CBG Attributable Rate",0,6.14772283980612,6.14772283980612,4,6.14772283980612,"CBG"
"370779706072",5.78808325608969,5.53124947367896,0.559570711378375,-0.81640449378911,"RT Summer Avg. Rate",0,5.78808325608969,5.78808325608969,1,5.78808325608969,"Average"
"370779706072",5.78808325608969,5.53124947367896,0.559570711378375,-0.81640449378911,"Health Contribution",5.78808325608969,0.559570711378375,6.34765396746806,2,6.34765396746806,"Small Above"
"370779706072",5.78808325608969,5.53124947367896,0.559570711378375,-0.81640449378911,"Heat Contribution",6.34765396746806,-0.81640449378911,5.53124947367895,3,6.34765396746806,"Small Below"
"370779706072",5.78808325608969,5.53124947367896,0.559570711378375,-0.81640449378911,"CBG Attributable Rate",0,5.53124947367896,5.53124947367896,4,5.53124947367896,"CBG"
"370779706062",5.78808325608969,3.9178187234589,-1.32003213335548,-0.550232399275309,"RT Summer Avg. Rate",0,5.78808325608969,5.78808325608969,1,5.78808325608969,"Average"
"370779706062",5.78808325608969,3.9178187234589,-1.32003213335548,-0.550232399275309,"Health Contribution",5.78808325608969,-1.32003213335548,4.46805112273421,2,5.78808325608969,"Small Below"
"370779706062",5.78808325608969,3.9178187234589,-1.32003213335548,-0.550232399275309,"Heat Contribution",4.46805112273421,-0.550232399275309,3.9178187234589,3,4.46805112273421,"Small Below"
"370779706062",5.78808325608969,3.9178187234589,-1.32003213335548,-0.550232399275309,"CBG Attributable Rate",0,3.9178187234589,3.9178187234589,4,3.9178187234589,"CBG"
"370779706012",5.78808325608969,3.59785723282656,-0.954284356175848,-1.23594166708728,"RT Summer Avg. Rate",0,5.78808325608969,5.78808325608969,1,5.78808325608969,"Average"
"370779706012",5.78808325608969,3.59785723282656,-0.954284356175848,-1.23594166708728,"Health Contribution",5.78808325608969,-0.954284356175848,4.83379889991384,2,5.78808325608969,"Small Below"
"370779706012",5.78808325608969,3.59785723282656,-0.954284356175848,-1.23594166708728,"Heat Contribution",4.83379889991384,-1.23594166708728,3.59785723282656,3,4.83379889991384,"Small Below"
"370779706012",5.78808325608969,3.59785723282656,-0.954284356175848,-1.23594166708728,"CBG Attributable Rate",0,3.59785723282656,3.59785723282656,4,3.59785723282656,"CBG"
"370779706042",5.78808325608969,5.35427646629814,0.696460718762247,-1.1302675085538,"RT Summer Avg. Rate",0,5.78808325608969,5.78808325608969,1,5.78808325608969,"Average"
"370779706042",5.78808325608969,5.35427646629814,0.696460718762247,-1.1302675085538,"Health Contribution",5.78808325608969,0.696460718762247,6.48454397485194,2,6.48454397485194,"Small Above"
"370779706042",5.78808325608969,5.35427646629814,0.696460718762247,-1.1302675085538,"Heat Contribution",6.48454397485194,-1.1302675085538,5.35427646629814,3,6.48454397485194,"Small Below"
"370779706042",5.78808325608969,5.35427646629814,0.696460718762247,-1.1302675085538,"CBG Attributable Rate",0,5.35427646629814,5.35427646629814,4,5.35427646629814,"CBG"
"370779706052",5.78808325608969,3.71745612498503,-0.880414784868049,-1.19021234623662,"RT Summer Avg. Rate",0,5.78808325608969,5.78808325608969,1,5.78808325608969,"Average"
"370779706052",5.78808325608969,3.71745612498503,-0.880414784868049,-1.19021234623662,"Health Contribution",5.78808325608969,-0.880414784868049,4.90766847122164,2,5.78808325608969,"Small Below"
"370779706052",5.78808325608969,3.71745612498503,-0.880414784868049,-1.19021234623662,"Heat Contribution",4.90766847122164,-1.19021234623662,3.71745612498502,3,4.90766847122164,"Small Below"
"370779706052",5.78808325608969,3.71745612498503,-0.880414784868049,-1.19021234623662,"CBG Attributable Rate",0,3.71745612498503,3.71745612498503,4,3.71745612498503,"CBG"
"370630020262",5.78808325608969,8.33298283851594,2.3901199453937,0.154779637032547,"RT Summer Avg. Rate",0,5.78808325608969,5.78808325608969,1,5.78808325608969,"Average"
"370630020262",5.78808325608969,8.33298283851594,2.3901199453937,0.154779637032547,"Health Contribution",5.78808325608969,2.3901199453937,8.17820320148339,2,8.17820320148339,"Large Above"
"370630020262",5.78808325608969,8.33298283851594,2.3901199453937,0.154779637032547,"Heat Contribution",8.17820320148339,0.154779637032547,8.33298283851594,3,8.33298283851594,"Small Above"
"370630020262",5.78808325608969,8.33298283851594,2.3901199453937,0.154779637032547,"CBG Attributable Rate",0,8.33298283851594,8.33298283851594,4,8.33298283851594,"CBG"
"370630020151",5.78808325608969,9.56147959252722,2.96012492898087,0.813271407456652,"RT Summer Avg. Rate",0,5.78808325608969,5.78808325608969,1,5.78808325608969,"Average"
"370630020151",5.78808325608969,9.56147959252722,2.96012492898087,0.813271407456652,"Health Contribution",5.78808325608969,2.96012492898087,8.74820818507056,2,8.74820818507056,"Large Above"
"370630020151",5.78808325608969,9.56147959252722,2.96012492898087,0.813271407456652,"Heat Contribution",8.74820818507056,0.813271407456652,9.56147959252721,3,9.56147959252721,"Small Above"
"370630020151",5.78808325608969,9.56147959252722,2.96012492898087,0.813271407456652,"CBG Attributable Rate",0,9.56147959252722,9.56147959252722,4,9.56147959252722,"CBG"
"370630016031",5.78808325608969,2.75137729724785,-1.68743353929985,-1.34927241954199,"RT Summer Avg. Rate",0,5.78808325608969,5.78808325608969,1,5.78808325608969,"Average"
"370630016031",5.78808325608969,2.75137729724785,-1.68743353929985,-1.34927241954199,"Health Contribution",5.78808325608969,-1.68743353929985,4.10064971678984,2,5.78808325608969,"Small Below"
"370630016031",5.78808325608969,2.75137729724785,-1.68743353929985,-1.34927241954199,"Heat Contribution",4.10064971678984,-1.34927241954199,2.75137729724785,3,4.10064971678984,"Small Below"
"370630016031",5.78808325608969,2.75137729724785,-1.68743353929985,-1.34927241954199,"CBG Attributable Rate",0,2.75137729724785,2.75137729724785,4,2.75137729724785,"CBG"
"370630016033",5.78808325608969,4.59288361133861,1.17675411195267,-2.37195375670375,"RT Summer Avg. Rate",0,5.78808325608969,5.78808325608969,1,5.78808325608969,"Average"
"370630016033",5.78808325608969,4.59288361133861,1.17675411195267,-2.37195375670375,"Health Contribution",5.78808325608969,1.17675411195267,6.96483736804236,2,6.96483736804236,"Small Above"
"370630016033",5.78808325608969,4.59288361133861,1.17675411195267,-2.37195375670375,"Heat Contribution",6.96483736804236,-2.37195375670375,4.59288361133861,3,6.96483736804236,"Large Below"
"370630016033",5.78808325608969,4.59288361133861,1.17675411195267,-2.37195375670375,"CBG Attributable Rate",0,4.59288361133861,4.59288361133861,4,4.59288361133861,"CBG"
"370630017051",5.78808325608969,4.3214490502564,-1.17834014605501,-0.288294059778283,"RT Summer Avg. Rate",0,5.78808325608969,5.78808325608969,1,5.78808325608969,"Average"
"370630017051",5.78808325608969,4.3214490502564,-1.17834014605501,-0.288294059778283,"Health Contribution",5.78808325608969,-1.17834014605501,4.60974311003468,2,5.78808325608969,"Small Below"
"370630017051",5.78808325608969,4.3214490502564,-1.17834014605501,-0.288294059778283,"Heat Contribution",4.60974311003468,-0.288294059778283,4.3214490502564,3,4.60974311003468,"Small Below"
"370630017051",5.78808325608969,4.3214490502564,-1.17834014605501,-0.288294059778283,"CBG Attributable Rate",0,4.3214490502564,4.3214490502564,4,4.3214490502564,"CBG"
"370630017081",5.78808325608969,6.20841587164023,0.626962872100905,-0.20663025655037,"RT Summer Avg. Rate",0,5.78808325608969,5.78808325608969,1,5.78808325608969,"Average"
"370630017081",5.78808325608969,6.20841587164023,0.626962872100905,-0.20663025655037,"Health Contribution",5.78808325608969,0.626962872100905,6.4150461281906,2,6.4150461281906,"Small Above"
"370630017081",5.78808325608969,6.20841587164023,0.626962872100905,-0.20663025655037,"Heat Contribution",6.4150461281906,-0.20663025655037,6.20841587164023,3,6.4150461281906,"Small Below"
"370630017081",5.78808325608969,6.20841587164023,0.626962872100905,-0.20663025655037,"CBG Attributable Rate",0,6.20841587164023,6.20841587164023,4,6.20841587164023,"CBG"
"370630017091",5.78808325608969,9.69121302534846,4.10337830225854,-0.200248532999777,"RT Summer Avg. Rate",0,5.78808325608969,5.78808325608969,1,5.78808325608969,"Average"
"370630017091",5.78808325608969,9.69121302534846,4.10337830225854,-0.200248532999777,"Health Contribution",5.78808325608969,4.10337830225854,9.89146155834823,2,9.89146155834823,"Large Above"
"370630017091",5.78808325608969,9.69121302534846,4.10337830225854,-0.200248532999777,"Heat Contribution",9.89146155834823,-0.200248532999777,9.69121302534845,3,9.89146155834823,"Small Below"
"370630017091",5.78808325608969,9.69121302534846,4.10337830225854,-0.200248532999777,"CBG Attributable Rate",0,9.69121302534846,9.69121302534846,4,9.69121302534846,"CBG"
"370630017093",5.78808325608969,8.91730210595928,3.59203798910363,-0.462819139234054,"RT Summer Avg. Rate",0,5.78808325608969,5.78808325608969,1,5.78808325608969,"Average"
"370630017093",5.78808325608969,8.91730210595928,3.59203798910363,-0.462819139234054,"Health Contribution",5.78808325608969,3.59203798910363,9.38012124519332,2,9.38012124519332,"Large Above"
"370630017093",5.78808325608969,8.91730210595928,3.59203798910363,-0.462819139234054,"Heat Contribution",9.38012124519332,-0.462819139234054,8.91730210595927,3,9.38012124519332,"Small Below"
"370630017093",5.78808325608969,8.91730210595928,3.59203798910363,-0.462819139234054,"CBG Attributable Rate",0,8.91730210595928,8.91730210595928,4,8.91730210595928,"CBG"
"370630018021",5.78808325608969,8.35026398541326,2.31966315503984,0.242517574283731,"RT Summer Avg. Rate",0,5.78808325608969,5.78808325608969,1,5.78808325608969,"Average"
"370630018021",5.78808325608969,8.35026398541326,2.31966315503984,0.242517574283731,"Health Contribution",5.78808325608969,2.31966315503984,8.10774641112953,2,8.10774641112953,"Large Above"
"370630018021",5.78808325608969,8.35026398541326,2.31966315503984,0.242517574283731,"Heat Contribution",8.10774641112953,0.242517574283731,8.35026398541326,3,8.35026398541326,"Small Above"
"370630018021",5.78808325608969,8.35026398541326,2.31966315503984,0.242517574283731,"CBG Attributable Rate",0,8.35026398541326,8.35026398541326,4,8.35026398541326,"CBG"
"370630018022",5.78808325608969,6.90250529964398,1.12608674370311,-0.0116647001488168,"RT Summer Avg. Rate",0,5.78808325608969,5.78808325608969,1,5.78808325608969,"Average"
"370630018022",5.78808325608969,6.90250529964398,1.12608674370311,-0.0116647001488168,"Health Contribution",5.78808325608969,1.12608674370311,6.9141699997928,2,6.9141699997928,"Small Above"
"370630018022",5.78808325608969,6.90250529964398,1.12608674370311,-0.0116647001488168,"Heat Contribution",6.9141699997928,-0.0116647001488168,6.90250529964398,3,6.9141699997928,"Small Below"
"370630018022",5.78808325608969,6.90250529964398,1.12608674370311,-0.0116647001488168,"CBG Attributable Rate",0,6.90250529964398,6.90250529964398,4,6.90250529964398,"CBG"
"370630018023",5.78808325608969,7.08784450176881,1.170119082576,0.129642163103115,"RT Summer Avg. Rate",0,5.78808325608969,5.78808325608969,1,5.78808325608969,"Average"
"370630018023",5.78808325608969,7.08784450176881,1.170119082576,0.129642163103115,"Health Contribution",5.78808325608969,1.170119082576,6.95820233866569,2,6.95820233866569,"Small Above"
"370630018023",5.78808325608969,7.08784450176881,1.170119082576,0.129642163103115,"Heat Contribution",6.95820233866569,0.129642163103115,7.0878445017688,3,7.0878445017688,"Small Above"
"370630018023",5.78808325608969,7.08784450176881,1.170119082576,0.129642163103115,"CBG Attributable Rate",0,7.08784450176881,7.08784450176881,4,7.08784450176881,"CBG"
"370779705003",5.78808325608969,5.68711467639567,1.56439171592341,-1.66536029561744,"RT Summer Avg. Rate",0,5.78808325608969,5.78808325608969,1,5.78808325608969,"Average"
"370779705003",5.78808325608969,5.68711467639567,1.56439171592341,-1.66536029561744,"Health Contribution",5.78808325608969,1.56439171592341,7.3524749720131,2,7.3524749720131,"Small Above"
"370779705003",5.78808325608969,5.68711467639567,1.56439171592341,-1.66536029561744,"Heat Contribution",7.3524749720131,-1.66536029561744,5.68711467639566,3,7.3524749720131,"Small Below"
"370779705003",5.78808325608969,5.68711467639567,1.56439171592341,-1.66536029561744,"CBG Attributable Rate",0,5.68711467639567,5.68711467639567,4,5.68711467639567,"CBG"
"370779703003",5.78808325608969,5.33811812155181,1.95105363853316,-2.40101877307105,"RT Summer Avg. Rate",0,5.78808325608969,5.78808325608969,1,5.78808325608969,"Average"
"370779703003",5.78808325608969,5.33811812155181,1.95105363853316,-2.40101877307105,"Health Contribution",5.78808325608969,1.95105363853316,7.73913689462285,2,7.73913689462285,"Small Above"
"370779703003",5.78808325608969,5.33811812155181,1.95105363853316,-2.40101877307105,"Heat Contribution",7.73913689462285,-2.40101877307105,5.3381181215518,3,7.73913689462285,"Large Below"
"370779703003",5.78808325608969,5.33811812155181,1.95105363853316,-2.40101877307105,"CBG Attributable Rate",0,5.33811812155181,5.33811812155181,4,5.33811812155181,"CBG"
"370779702001",5.78808325608969,4.18678171497522,0.691839780563091,-2.29314132167756,"RT Summer Avg. Rate",0,5.78808325608969,5.78808325608969,1,5.78808325608969,"Average"
"370779702001",5.78808325608969,4.18678171497522,0.691839780563091,-2.29314132167756,"Health Contribution",5.78808325608969,0.691839780563091,6.47992303665278,2,6.47992303665278,"Small Above"
"370779702001",5.78808325608969,4.18678171497522,0.691839780563091,-2.29314132167756,"Heat Contribution",6.47992303665278,-2.29314132167756,4.18678171497522,3,6.47992303665278,"Large Below"
"370779702001",5.78808325608969,4.18678171497522,0.691839780563091,-2.29314132167756,"CBG Attributable Rate",0,4.18678171497522,4.18678171497522,4,4.18678171497522,"CBG"
"370779703001",5.78808325608969,5.36140040159239,1.65279500225379,-2.07947785675109,"RT Summer Avg. Rate",0,5.78808325608969,5.78808325608969,1,5.78808325608969,"Average"
"370779703001",5.78808325608969,5.36140040159239,1.65279500225379,-2.07947785675109,"Health Contribution",5.78808325608969,1.65279500225379,7.44087825834348,2,7.44087825834348,"Small Above"
"370779703001",5.78808325608969,5.36140040159239,1.65279500225379,-2.07947785675109,"Heat Contribution",7.44087825834348,-2.07947785675109,5.36140040159239,3,7.44087825834348,"Large Below"
"370779703001",5.78808325608969,5.36140040159239,1.65279500225379,-2.07947785675109,"CBG Attributable Rate",0,5.36140040159239,5.36140040159239,4,5.36140040159239,"CBG"
"370779703002",5.78808325608969,6.37609163950408,2.55877088342741,-1.97076250001302,"RT Summer Avg. Rate",0,5.78808325608969,5.78808325608969,1,5.78808325608969,"Average"
"370779703002",5.78808325608969,6.37609163950408,2.55877088342741,-1.97076250001302,"Health Contribution",5.78808325608969,2.55877088342741,8.3468541395171,2,8.3468541395171,"Large Above"
"370779703002",5.78808325608969,6.37609163950408,2.55877088342741,-1.97076250001302,"Heat Contribution",8.3468541395171,-1.97076250001302,6.37609163950408,3,8.3468541395171,"Small Below"
"370779703002",5.78808325608969,6.37609163950408,2.55877088342741,-1.97076250001302,"CBG Attributable Rate",0,6.37609163950408,6.37609163950408,4,6.37609163950408,"CBG"
"370779704001",5.78808325608969,4.92035243404043,0.818358624671117,-1.68608944672038,"RT Summer Avg. Rate",0,5.78808325608969,5.78808325608969,1,5.78808325608969,"Average"
"370779704001",5.78808325608969,4.92035243404043,0.818358624671117,-1.68608944672038,"Health Contribution",5.78808325608969,0.818358624671117,6.60644188076081,2,6.60644188076081,"Small Above"
"370779704001",5.78808325608969,4.92035243404043,0.818358624671117,-1.68608944672038,"Heat Contribution",6.60644188076081,-1.68608944672038,4.92035243404043,3,6.60644188076081,"Small Below"
"370779704001",5.78808325608969,4.92035243404043,0.818358624671117,-1.68608944672038,"CBG Attributable Rate",0,4.92035243404043,4.92035243404043,4,4.92035243404043,"CBG"
"370779704002",5.78808325608969,6.88270036779548,3.31184810092857,-2.21723098922278,"RT Summer Avg. Rate",0,5.78808325608969,5.78808325608969,1,5.78808325608969,"Average"
"370779704002",5.78808325608969,6.88270036779548,3.31184810092857,-2.21723098922278,"Health Contribution",5.78808325608969,3.31184810092857,9.09993135701826,2,9.09993135701826,"Large Above"
"370779704002",5.78808325608969,6.88270036779548,3.31184810092857,-2.21723098922278,"Heat Contribution",9.09993135701826,-2.21723098922278,6.88270036779548,3,9.09993135701826,"Large Below"
"370779704002",5.78808325608969,6.88270036779548,3.31184810092857,-2.21723098922278,"CBG Attributable Rate",0,6.88270036779548,6.88270036779548,4,6.88270036779548,"CBG"
"370779704003",5.78808325608969,7.8351700968093,4.70878510854494,-2.66169826782533,"RT Summer Avg. Rate",0,5.78808325608969,5.78808325608969,1,5.78808325608969,"Average"
"370779704003",5.78808325608969,7.8351700968093,4.70878510854494,-2.66169826782533,"Health Contribution",5.78808325608969,4.70878510854494,10.4968683646346,2,10.4968683646346,"Large Above"
"370779704003",5.78808325608969,7.8351700968093,4.70878510854494,-2.66169826782533,"Heat Contribution",10.4968683646346,-2.66169826782533,7.8351700968093,3,10.4968683646346,"Large Below"
"370779704003",5.78808325608969,7.8351700968093,4.70878510854494,-2.66169826782533,"CBG Attributable Rate",0,7.8351700968093,7.8351700968093,4,7.8351700968093,"CBG"
"371830528014",5.78808325608969,7.87997161597889,1.07707073964707,1.01481762024212,"RT Summer Avg. Rate",0,5.78808325608969,5.78808325608969,1,5.78808325608969,"Average"
"371830528014",5.78808325608969,7.87997161597889,1.07707073964707,1.01481762024212,"Health Contribution",5.78808325608969,1.07707073964707,6.86515399573676,2,6.86515399573676,"Small Above"
"371830528014",5.78808325608969,7.87997161597889,1.07707073964707,1.01481762024212,"Heat Contribution",6.86515399573676,1.01481762024212,7.87997161597888,3,7.87997161597888,"Small Above"
"371830528014",5.78808325608969,7.87997161597889,1.07707073964707,1.01481762024212,"CBG Attributable Rate",0,7.87997161597889,7.87997161597889,4,7.87997161597889,"CBG"
"371830528021",5.78808325608969,8.11259748494309,1.13496834776046,1.18954588109293,"RT Summer Avg. Rate",0,5.78808325608969,5.78808325608969,1,5.78808325608969,"Average"
"371830528021",5.78808325608969,8.11259748494309,1.13496834776046,1.18954588109293,"Health Contribution",5.78808325608969,1.13496834776046,6.92305160385015,2,6.92305160385015,"Small Above"
"371830528021",5.78808325608969,8.11259748494309,1.13496834776046,1.18954588109293,"Heat Contribution",6.92305160385015,1.18954588109293,8.11259748494308,3,8.11259748494308,"Small Above"
"371830528021",5.78808325608969,8.11259748494309,1.13496834776046,1.18954588109293,"CBG Attributable Rate",0,8.11259748494309,8.11259748494309,4,8.11259748494309,"CBG"
"371830528023",5.78808325608969,8.4512173992429,1.83371407606754,0.829420067085665,"RT Summer Avg. Rate",0,5.78808325608969,5.78808325608969,1,5.78808325608969,"Average"
"371830528023",5.78808325608969,8.4512173992429,1.83371407606754,0.829420067085665,"Health Contribution",5.78808325608969,1.83371407606754,7.62179733215723,2,7.62179733215723,"Small Above"
"371830528023",5.78808325608969,8.4512173992429,1.83371407606754,0.829420067085665,"Heat Contribution",7.62179733215723,0.829420067085665,8.4512173992429,3,8.4512173992429,"Small Above"
"371830528023",5.78808325608969,8.4512173992429,1.83371407606754,0.829420067085665,"CBG Attributable Rate",0,8.4512173992429,8.4512173992429,4,8.4512173992429,"CBG"
"370850703001",5.78808325608969,10.7376731400864,2.59371111819711,2.35587876579964,"RT Summer Avg. Rate",0,5.78808325608969,5.78808325608969,1,5.78808325608969,"Average"
"370850703001",5.78808325608969,10.7376731400864,2.59371111819711,2.35587876579964,"Health Contribution",5.78808325608969,2.59371111819711,8.3817943742868,2,8.3817943742868,"Large Above"
"370850703001",5.78808325608969,10.7376731400864,2.59371111819711,2.35587876579964,"Heat Contribution",8.3817943742868,2.35587876579964,10.7376731400864,3,10.7376731400864,"Large Above"
"370850703001",5.78808325608969,10.7376731400864,2.59371111819711,2.35587876579964,"CBG Attributable Rate",0,10.7376731400864,10.7376731400864,4,10.7376731400864,"CBG"
"371830535174",5.78808325608969,4.04155424361301,-1.75948665920659,0.0129576467299076,"RT Summer Avg. Rate",0,5.78808325608969,5.78808325608969,1,5.78808325608969,"Average"
"371830535174",5.78808325608969,4.04155424361301,-1.75948665920659,0.0129576467299076,"Health Contribution",5.78808325608969,-1.75948665920659,4.0285965968831,2,5.78808325608969,"Small Below"
"371830535174",5.78808325608969,4.04155424361301,-1.75948665920659,0.0129576467299076,"Heat Contribution",4.0285965968831,0.0129576467299076,4.04155424361301,3,4.04155424361301,"Small Above"
"371830535174",5.78808325608969,4.04155424361301,-1.75948665920659,0.0129576467299076,"CBG Attributable Rate",0,4.04155424361301,4.04155424361301,4,4.04155424361301,"CBG"
"371830535172",5.78808325608969,6.82621823231491,1.04154140507656,-0.00340642885134655,"RT Summer Avg. Rate",0,5.78808325608969,5.78808325608969,1,5.78808325608969,"Average"
"371830535172",5.78808325608969,6.82621823231491,1.04154140507656,-0.00340642885134655,"Health Contribution",5.78808325608969,1.04154140507656,6.82962466116625,2,6.82962466116625,"Small Above"
"371830535172",5.78808325608969,6.82621823231491,1.04154140507656,-0.00340642885134655,"Heat Contribution",6.82962466116625,-0.00340642885134655,6.8262182323149,3,6.82962466116625,"Small Below"
"371830535172",5.78808325608969,6.82621823231491,1.04154140507656,-0.00340642885134655,"CBG Attributable Rate",0,6.82621823231491,6.82621823231491,4,6.82621823231491,"CBG"
"371830535171",5.78808325608969,6.14349927351096,0.482609284158183,-0.127193266736915,"RT Summer Avg. Rate",0,5.78808325608969,5.78808325608969,1,5.78808325608969,"Average"
"371830535171",5.78808325608969,6.14349927351096,0.482609284158183,-0.127193266736915,"Health Contribution",5.78808325608969,0.482609284158183,6.27069254024787,2,6.27069254024787,"Small Above"
"371830535171",5.78808325608969,6.14349927351096,0.482609284158183,-0.127193266736915,"Heat Contribution",6.27069254024787,-0.127193266736915,6.14349927351096,3,6.27069254024787,"Small Below"
"371830535171",5.78808325608969,6.14349927351096,0.482609284158183,-0.127193266736915,"CBG Attributable Rate",0,6.14349927351096,6.14349927351096,4,6.14349927351096,"CBG"
"371830535052",5.78808325608969,5.293721140835,-0.500882606462294,0.00652049120759996,"RT Summer Avg. Rate",0,5.78808325608969,5.78808325608969,1,5.78808325608969,"Average"
"371830535052",5.78808325608969,5.293721140835,-0.500882606462294,0.00652049120759996,"Health Contribution",5.78808325608969,-0.500882606462294,5.2872006496274,2,5.78808325608969,"Small Below"
"371830535052",5.78808325608969,5.293721140835,-0.500882606462294,0.00652049120759996,"Heat Contribution",5.2872006496274,0.00652049120759996,5.293721140835,3,5.293721140835,"Small Above"
"371830535052",5.78808325608969,5.293721140835,-0.500882606462294,0.00652049120759996,"CBG Attributable Rate",0,5.293721140835,5.293721140835,4,5.293721140835,"CBG"
"371830535061",5.78808325608969,5.48929224753801,-0.157649486069522,-0.141141522482163,"RT Summer Avg. Rate",0,5.78808325608969,5.78808325608969,1,5.78808325608969,"Average"
"371830535061",5.78808325608969,5.48929224753801,-0.157649486069522,-0.141141522482163,"Health Contribution",5.78808325608969,-0.157649486069522,5.63043377002017,2,5.78808325608969,"Small Below"
"371830535061",5.78808325608969,5.48929224753801,-0.157649486069522,-0.141141522482163,"Heat Contribution",5.63043377002017,-0.141141522482163,5.48929224753801,3,5.63043377002017,"Small Below"
"371830535061",5.78808325608969,5.48929224753801,-0.157649486069522,-0.141141522482163,"CBG Attributable Rate",0,5.48929224753801,5.48929224753801,4,5.48929224753801,"CBG"
"371830535062",5.78808325608969,4.81087123012973,-0.90630772621324,-0.0709042997467258,"RT Summer Avg. Rate",0,5.78808325608969,5.78808325608969,1,5.78808325608969,"Average"
"371830535062",5.78808325608969,4.81087123012973,-0.90630772621324,-0.0709042997467258,"Health Contribution",5.78808325608969,-0.90630772621324,4.88177552987645,2,5.78808325608969,"Small Below"
"371830535062",5.78808325608969,4.81087123012973,-0.90630772621324,-0.0709042997467258,"Heat Contribution",4.88177552987645,-0.0709042997467258,4.81087123012972,3,4.88177552987645,"Small Below"
"371830535062",5.78808325608969,4.81087123012973,-0.90630772621324,-0.0709042997467258,"CBG Attributable Rate",0,4.81087123012973,4.81087123012973,4,4.81087123012973,"CBG"
"371830535071",5.78808325608969,5.75796054702518,-0.025506776337699,-0.00461593272681469,"RT Summer Avg. Rate",0,5.78808325608969,5.78808325608969,1,5.78808325608969,"Average"
"371830535071",5.78808325608969,5.75796054702518,-0.025506776337699,-0.00461593272681469,"Health Contribution",5.78808325608969,-0.025506776337699,5.76257647975199,2,5.78808325608969,"Small Below"
"371830535071",5.78808325608969,5.75796054702518,-0.025506776337699,-0.00461593272681469,"Heat Contribution",5.76257647975199,-0.00461593272681469,5.75796054702518,3,5.76257647975199,"Small Below"
"371830535071",5.78808325608969,5.75796054702518,-0.025506776337699,-0.00461593272681469,"CBG Attributable Rate",0,5.75796054702518,5.75796054702518,4,5.75796054702518,"CBG"
"371010407002",5.78808325608969,17.0095043492177,5.83452599170965,5.38689510141835,"RT Summer Avg. Rate",0,5.78808325608969,5.78808325608969,1,5.78808325608969,"Average"
"371010407002",5.78808325608969,17.0095043492177,5.83452599170965,5.38689510141835,"Health Contribution",5.78808325608969,5.83452599170965,11.6226092477993,2,11.6226092477993,"Large Above"
"371010407002",5.78808325608969,17.0095043492177,5.83452599170965,5.38689510141835,"Heat Contribution",11.6226092477993,5.38689510141835,17.0095043492177,3,17.0095043492177,"Large Above"
"371010407002",5.78808325608969,17.0095043492177,5.83452599170965,5.38689510141835,"CBG Attributable Rate",0,17.0095043492177,17.0095043492177,4,17.0095043492177,"CBG"
"371010404001",5.78808325608969,10.0223382168746,2.1543932271871,2.07986173359784,"RT Summer Avg. Rate",0,5.78808325608969,5.78808325608969,1,5.78808325608969,"Average"
"371010404001",5.78808325608969,10.0223382168746,2.1543932271871,2.07986173359784,"Health Contribution",5.78808325608969,2.1543932271871,7.94247648327679,2,7.94247648327679,"Large Above"
"371010404001",5.78808325608969,10.0223382168746,2.1543932271871,2.07986173359784,"Heat Contribution",7.94247648327679,2.07986173359784,10.0223382168746,3,10.0223382168746,"Large Above"
"371010404001",5.78808325608969,10.0223382168746,2.1543932271871,2.07986173359784,"CBG Attributable Rate",0,10.0223382168746,10.0223382168746,4,10.0223382168746,"CBG"
"371010408003",5.78808325608969,9.99496167042195,2.04094462199182,2.16593379234044,"RT Summer Avg. Rate",0,5.78808325608969,5.78808325608969,1,5.78808325608969,"Average"
"371010408003",5.78808325608969,9.99496167042195,2.04094462199182,2.16593379234044,"Health Contribution",5.78808325608969,2.04094462199182,7.82902787808151,2,7.82902787808151,"Large Above"
"371010408003",5.78808325608969,9.99496167042195,2.04094462199182,2.16593379234044,"Heat Contribution",7.82902787808151,2.16593379234044,9.99496167042195,3,9.99496167042195,"Large Above"
"371010408003",5.78808325608969,9.99496167042195,2.04094462199182,2.16593379234044,"CBG Attributable Rate",0,9.99496167042195,9.99496167042195,4,9.99496167042195,"CBG"
"371010406002",5.78808325608969,13.5358949549343,4.96177368177612,2.78603801706848,"RT Summer Avg. Rate",0,5.78808325608969,5.78808325608969,1,5.78808325608969,"Average"
"371010406002",5.78808325608969,13.5358949549343,4.96177368177612,2.78603801706848,"Health Contribution",5.78808325608969,4.96177368177612,10.7498569378658,2,10.7498569378658,"Large Above"
"371010406002",5.78808325608969,13.5358949549343,4.96177368177612,2.78603801706848,"Heat Contribution",10.7498569378658,2.78603801706848,13.5358949549343,3,13.5358949549343,"Large Above"
"371010406002",5.78808325608969,13.5358949549343,4.96177368177612,2.78603801706848,"CBG Attributable Rate",0,13.5358949549343,13.5358949549343,4,13.5358949549343,"CBG"
"371830535181",5.78808325608969,5.1566633165808,-0.732643731900862,0.101223792391962,"RT Summer Avg. Rate",0,5.78808325608969,5.78808325608969,1,5.78808325608969,"Average"
"371830535181",5.78808325608969,5.1566633165808,-0.732643731900862,0.101223792391962,"Health Contribution",5.78808325608969,-0.732643731900862,5.05543952418883,2,5.78808325608969,"Small Below"
"371830535181",5.78808325608969,5.1566633165808,-0.732643731900862,0.101223792391962,"Heat Contribution",5.05543952418883,0.101223792391962,5.15666331658079,3,5.15666331658079,"Small Above"
"371830535181",5.78808325608969,5.1566633165808,-0.732643731900862,0.101223792391962,"CBG Attributable Rate",0,5.1566633165808,5.1566633165808,4,5.1566633165808,"CBG"
"371830535182",5.78808325608969,4.60755879405809,-1.19580571381832,0.0152812517867134,"RT Summer Avg. Rate",0,5.78808325608969,5.78808325608969,1,5.78808325608969,"Average"
"371830535182",5.78808325608969,4.60755879405809,-1.19580571381832,0.0152812517867134,"Health Contribution",5.78808325608969,-1.19580571381832,4.59227754227137,2,5.78808325608969,"Small Below"
"371830535182",5.78808325608969,4.60755879405809,-1.19580571381832,0.0152812517867134,"Heat Contribution",4.59227754227137,0.0152812517867134,4.60755879405808,3,4.60755879405808,"Small Above"
"371830535182",5.78808325608969,4.60755879405809,-1.19580571381832,0.0152812517867134,"CBG Attributable Rate",0,4.60755879405809,4.60755879405809,4,4.60755879405809,"CBG"
"371830527012",5.78808325608969,9.38081082425136,1.57141883731384,2.02130873084782,"RT Summer Avg. Rate",0,5.78808325608969,5.78808325608969,1,5.78808325608969,"Average"
"371830527012",5.78808325608969,9.38081082425136,1.57141883731384,2.02130873084782,"Health Contribution",5.78808325608969,1.57141883731384,7.35950209340353,2,7.35950209340353,"Small Above"
"371830527012",5.78808325608969,9.38081082425136,1.57141883731384,2.02130873084782,"Heat Contribution",7.35950209340353,2.02130873084782,9.38081082425135,3,9.38081082425135,"Large Above"
"371830527012",5.78808325608969,9.38081082425136,1.57141883731384,2.02130873084782,"CBG Attributable Rate",0,9.38081082425136,9.38081082425136,4,9.38081082425136,"CBG"
"371010404002",5.78808325608969,8.62231682828909,1.23886014115868,1.59537343104071,"RT Summer Avg. Rate",0,5.78808325608969,5.78808325608969,1,5.78808325608969,"Average"
"371010404002",5.78808325608969,8.62231682828909,1.23886014115868,1.59537343104071,"Health Contribution",5.78808325608969,1.23886014115868,7.02694339724837,2,7.02694339724837,"Small Above"
"371010404002",5.78808325608969,8.62231682828909,1.23886014115868,1.59537343104071,"Heat Contribution",7.02694339724837,1.59537343104071,8.62231682828908,3,8.62231682828908,"Small Above"
"371010404002",5.78808325608969,8.62231682828909,1.23886014115868,1.59537343104071,"CBG Attributable Rate",0,8.62231682828909,8.62231682828909,4,8.62231682828909,"CBG"
"371010407001",5.78808325608969,22.0108375077781,9.30515313775055,6.91760111393784,"RT Summer Avg. Rate",0,5.78808325608969,5.78808325608969,1,5.78808325608969,"Average"
"371010407001",5.78808325608969,22.0108375077781,9.30515313775055,6.91760111393784,"Health Contribution",5.78808325608969,9.30515313775055,15.0932363938402,2,15.0932363938402,"Large Above"
"371010407001",5.78808325608969,22.0108375077781,9.30515313775055,6.91760111393784,"Heat Contribution",15.0932363938402,6.91760111393784,22.0108375077781,3,22.0108375077781,"Large Above"
"371010407001",5.78808325608969,22.0108375077781,9.30515313775055,6.91760111393784,"CBG Attributable Rate",0,22.0108375077781,22.0108375077781,4,22.0108375077781,"CBG"
"371010407003",5.78808325608969,9.95629614285874,1.88463083838235,2.28358204838669,"RT Summer Avg. Rate",0,5.78808325608969,5.78808325608969,1,5.78808325608969,"Average"
"371010407003",5.78808325608969,9.95629614285874,1.88463083838235,2.28358204838669,"Health Contribution",5.78808325608969,1.88463083838235,7.67271409447204,2,7.67271409447204,"Small Above"
"371010407003",5.78808325608969,9.95629614285874,1.88463083838235,2.28358204838669,"Heat Contribution",7.67271409447204,2.28358204838669,9.95629614285873,3,9.95629614285873,"Large Above"
"371010407003",5.78808325608969,9.95629614285874,1.88463083838235,2.28358204838669,"CBG Attributable Rate",0,9.95629614285874,9.95629614285874,4,9.95629614285874,"CBG"
"371010408001",5.78808325608969,14.5699899167692,4.22153920624061,4.56036745443893,"RT Summer Avg. Rate",0,5.78808325608969,5.78808325608969,1,5.78808325608969,"Average"
"371010408001",5.78808325608969,14.5699899167692,4.22153920624061,4.56036745443893,"Health Contribution",5.78808325608969,4.22153920624061,10.0096224623303,2,10.0096224623303,"Large Above"
"371010408001",5.78808325608969,14.5699899167692,4.22153920624061,4.56036745443893,"Heat Contribution",10.0096224623303,4.56036745443893,14.5699899167692,3,14.5699899167692,"Large Above"
"371010408001",5.78808325608969,14.5699899167692,4.22153920624061,4.56036745443893,"CBG Attributable Rate",0,14.5699899167692,14.5699899167692,4,14.5699899167692,"CBG"
"371830528024",5.78808325608969,7.4025836787456,1.30385907040191,0.310641352253994,"RT Summer Avg. Rate",0,5.78808325608969,5.78808325608969,1,5.78808325608969,"Average"
"371830528024",5.78808325608969,7.4025836787456,1.30385907040191,0.310641352253994,"Health Contribution",5.78808325608969,1.30385907040191,7.0919423264916,2,7.0919423264916,"Small Above"
"371830528024",5.78808325608969,7.4025836787456,1.30385907040191,0.310641352253994,"Heat Contribution",7.0919423264916,0.310641352253994,7.40258367874559,3,7.40258367874559,"Small Above"
"371830528024",5.78808325608969,7.4025836787456,1.30385907040191,0.310641352253994,"CBG Attributable Rate",0,7.4025836787456,7.4025836787456,4,7.4025836787456,"CBG"
"371830535132",5.7880832560897,5.46187286912347,-0.350209188871758,0.0239988019055331,"RT Summer Avg. Rate",0,5.7880832560897,5.7880832560897,1,5.7880832560897,"Average"
"371830535132",5.7880832560897,5.46187286912347,-0.350209188871758,0.0239988019055331,"Health Contribution",5.7880832560897,-0.350209188871758,5.43787406721794,2,5.7880832560897,"Small Below"
"371830535132",5.7880832560897,5.46187286912347,-0.350209188871758,0.0239988019055331,"Heat Contribution",5.43787406721794,0.0239988019055331,5.46187286912348,3,5.46187286912348,"Small Above"
"371830535132",5.7880832560897,5.46187286912347,-0.350209188871758,0.0239988019055331,"CBG Attributable Rate",0,5.46187286912347,5.46187286912347,4,5.46187286912347,"CBG"
"371830535242",5.78808325608969,4.03653919121851,-1.81291234231282,0.0613682774416362,"RT Summer Avg. Rate",0,5.78808325608969,5.78808325608969,1,5.78808325608969,"Average"
"371830535242",5.78808325608969,4.03653919121851,-1.81291234231282,0.0613682774416362,"Health Contribution",5.78808325608969,-1.81291234231282,3.97517091377687,2,5.78808325608969,"Small Below"
"371830535242",5.78808325608969,4.03653919121851,-1.81291234231282,0.0613682774416362,"Heat Contribution",3.97517091377687,0.0613682774416362,4.03653919121851,3,4.03653919121851,"Small Above"
"371830535242",5.78808325608969,4.03653919121851,-1.81291234231282,0.0613682774416362,"CBG Attributable Rate",0,4.03653919121851,4.03653919121851,4,4.03653919121851,"CBG"
"371830537232",5.78808325608969,5.06304095726361,-0.838843825023333,0.113801526197249,"RT Summer Avg. Rate",0,5.78808325608969,5.78808325608969,1,5.78808325608969,"Average"
"371830537232",5.78808325608969,5.06304095726361,-0.838843825023333,0.113801526197249,"Health Contribution",5.78808325608969,-0.838843825023333,4.94923943106636,2,5.78808325608969,"Small Below"
"371830537232",5.78808325608969,5.06304095726361,-0.838843825023333,0.113801526197249,"Heat Contribution",4.94923943106636,0.113801526197249,5.06304095726361,3,5.06304095726361,"Small Above"
"371830537232",5.78808325608969,5.06304095726361,-0.838843825023333,0.113801526197249,"CBG Attributable Rate",0,5.06304095726361,5.06304095726361,4,5.06304095726361,"CBG"
"371830537142",5.78808325608969,6.11541280071284,-0.14663407869146,0.473963623314605,"RT Summer Avg. Rate",0,5.78808325608969,5.78808325608969,1,5.78808325608969,"Average"
"371830537142",5.78808325608969,6.11541280071284,-0.14663407869146,0.473963623314605,"Health Contribution",5.78808325608969,-0.14663407869146,5.64144917739823,2,5.78808325608969,"Small Below"
"371830537142",5.78808325608969,6.11541280071284,-0.14663407869146,0.473963623314605,"Heat Contribution",5.64144917739823,0.473963623314605,6.11541280071283,3,6.11541280071283,"Small Above"
"371830537142",5.78808325608969,6.11541280071284,-0.14663407869146,0.473963623314605,"CBG Attributable Rate",0,6.11541280071284,6.11541280071284,4,6.11541280071284,"CBG"
"371830541153",5.78808325608969,7.19622528476788,0.290398977147236,1.11774305153095,"RT Summer Avg. Rate",0,5.78808325608969,5.78808325608969,1,5.78808325608969,"Average"
"371830541153",5.78808325608969,7.19622528476788,0.290398977147236,1.11774305153095,"Health Contribution",5.78808325608969,0.290398977147236,6.07848223323693,2,6.07848223323693,"Small Above"
"371830541153",5.78808325608969,7.19622528476788,0.290398977147236,1.11774305153095,"Heat Contribution",6.07848223323693,1.11774305153095,7.19622528476788,3,7.19622528476788,"Small Above"
"371830541153",5.78808325608969,7.19622528476788,0.290398977147236,1.11774305153095,"CBG Attributable Rate",0,7.19622528476788,7.19622528476788,4,7.19622528476788,"CBG"
"371830542031",5.78808325608969,4.10146378967856,-1.06843716925077,-0.618182297160367,"RT Summer Avg. Rate",0,5.78808325608969,5.78808325608969,1,5.78808325608969,"Average"
"371830542031",5.78808325608969,4.10146378967856,-1.06843716925077,-0.618182297160367,"Health Contribution",5.78808325608969,-1.06843716925077,4.71964608683892,2,5.78808325608969,"Small Below"
"371830542031",5.78808325608969,4.10146378967856,-1.06843716925077,-0.618182297160367,"Heat Contribution",4.71964608683892,-0.618182297160367,4.10146378967855,3,4.71964608683892,"Small Below"
"371830542031",5.78808325608969,4.10146378967856,-1.06843716925077,-0.618182297160367,"CBG Attributable Rate",0,4.10146378967856,4.10146378967856,4,4.10146378967856,"CBG"
"371830544031",5.78808325608969,7.59327595298489,2.33404665151458,-0.528853954619388,"RT Summer Avg. Rate",0,5.78808325608969,5.78808325608969,1,5.78808325608969,"Average"
"371830544031",5.78808325608969,7.59327595298489,2.33404665151458,-0.528853954619388,"Health Contribution",5.78808325608969,2.33404665151458,8.12212990760427,2,8.12212990760427,"Large Above"
"371830544031",5.78808325608969,7.59327595298489,2.33404665151458,-0.528853954619388,"Heat Contribution",8.12212990760427,-0.528853954619388,7.59327595298488,3,8.12212990760427,"Small Below"
"371830544031",5.78808325608969,7.59327595298489,2.33404665151458,-0.528853954619388,"CBG Attributable Rate",0,7.59327595298489,7.59327595298489,4,7.59327595298489,"CBG"
"371830537131",5.78808325608969,5.0001920148061,-0.902565840791119,0.11467459950752,"RT Summer Avg. Rate",0,5.78808325608969,5.78808325608969,1,5.78808325608969,"Average"
"371830537131",5.78808325608969,5.0001920148061,-0.902565840791119,0.11467459950752,"Health Contribution",5.78808325608969,-0.902565840791119,4.88551741529857,2,5.78808325608969,"Small Below"
"371830537131",5.78808325608969,5.0001920148061,-0.902565840791119,0.11467459950752,"Heat Contribution",4.88551741529857,0.11467459950752,5.00019201480609,3,5.00019201480609,"Small Above"
"371830537131",5.78808325608969,5.0001920148061,-0.902565840791119,0.11467459950752,"CBG Attributable Rate",0,5.0001920148061,5.0001920148061,4,5.0001920148061,"CBG"
"371830525043",5.78808325608969,5.56273625976243,-0.652243652900097,0.426896656572831,"RT Summer Avg. Rate",0,5.78808325608969,5.78808325608969,1,5.78808325608969,"Average"
"371830525043",5.78808325608969,5.56273625976243,-0.652243652900097,0.426896656572831,"Health Contribution",5.78808325608969,-0.652243652900097,5.13583960318959,2,5.78808325608969,"Small Below"
"371830525043",5.78808325608969,5.56273625976243,-0.652243652900097,0.426896656572831,"Heat Contribution",5.13583960318959,0.426896656572831,5.56273625976242,3,5.56273625976242,"Small Above"
"371830525043",5.78808325608969,5.56273625976243,-0.652243652900097,0.426896656572831,"CBG Attributable Rate",0,5.56273625976243,5.56273625976243,4,5.56273625976243,"CBG"
"371830521011",5.78808325608969,8.1319545110776,1.34245984241788,1.00141141257002,"RT Summer Avg. Rate",0,5.78808325608969,5.78808325608969,1,5.78808325608969,"Average"
"371830521011",5.78808325608969,8.1319545110776,1.34245984241788,1.00141141257002,"Health Contribution",5.78808325608969,1.34245984241788,7.13054309850757,2,7.13054309850757,"Small Above"
"371830521011",5.78808325608969,8.1319545110776,1.34245984241788,1.00141141257002,"Heat Contribution",7.13054309850757,1.00141141257002,8.13195451107759,3,8.13195451107759,"Small Above"
"371830521011",5.78808325608969,8.1319545110776,1.34245984241788,1.00141141257002,"CBG Attributable Rate",0,8.1319545110776,8.1319545110776,4,8.1319545110776,"CBG"
"371830537112",5.78808325608969,3.28396405407652,-2.09688708437104,-0.407232117642138,"RT Summer Avg. Rate",0,5.78808325608969,5.78808325608969,1,5.78808325608969,"Average"
"371830537112",5.78808325608969,3.28396405407652,-2.09688708437104,-0.407232117642138,"Health Contribution",5.78808325608969,-2.09688708437104,3.69119617171865,2,5.78808325608969,"Large Below"
"371830537112",5.78808325608969,3.28396405407652,-2.09688708437104,-0.407232117642138,"Heat Contribution",3.69119617171865,-0.407232117642138,3.28396405407651,3,3.69119617171865,"Small Below"
"371830537112",5.78808325608969,3.28396405407652,-2.09688708437104,-0.407232117642138,"CBG Attributable Rate",0,3.28396405407652,3.28396405407652,4,3.28396405407652,"CBG"
"371830535161",5.78808325608969,5.67728174566509,-0.115362639810188,0.00456112938558242,"RT Summer Avg. Rate",0,5.78808325608969,5.78808325608969,1,5.78808325608969,"Average"
"371830535161",5.78808325608969,5.67728174566509,-0.115362639810188,0.00456112938558242,"Health Contribution",5.78808325608969,-0.115362639810188,5.6727206162795,2,5.78808325608969,"Small Below"
"371830535161",5.78808325608969,5.67728174566509,-0.115362639810188,0.00456112938558242,"Heat Contribution",5.6727206162795,0.00456112938558242,5.67728174566508,3,5.67728174566508,"Small Above"
"371830535161",5.78808325608969,5.67728174566509,-0.115362639810188,0.00456112938558242,"CBG Attributable Rate",0,5.67728174566509,5.67728174566509,4,5.67728174566509,"CBG"
"371830524072",5.78808325608969,5.50333027308866,-0.528107066291302,0.243354083290272,"RT Summer Avg. Rate",0,5.78808325608969,5.78808325608969,1,5.78808325608969,"Average"
"371830524072",5.78808325608969,5.50333027308866,-0.528107066291302,0.243354083290272,"Health Contribution",5.78808325608969,-0.528107066291302,5.25997618979839,2,5.78808325608969,"Small Below"
"371830524072",5.78808325608969,5.50333027308866,-0.528107066291302,0.243354083290272,"Heat Contribution",5.25997618979839,0.243354083290272,5.50333027308866,3,5.50333027308866,"Small Above"
"371830524072",5.78808325608969,5.50333027308866,-0.528107066291302,0.243354083290272,"CBG Attributable Rate",0,5.50333027308866,5.50333027308866,4,5.50333027308866,"CBG"
"371830537261",5.78808325608969,5.25842903845157,-0.962625072048242,0.432970854410115,"RT Summer Avg. Rate",0,5.78808325608969,5.78808325608969,1,5.78808325608969,"Average"
"371830537261",5.78808325608969,5.25842903845157,-0.962625072048242,0.432970854410115,"Health Contribution",5.78808325608969,-0.962625072048242,4.82545818404145,2,5.78808325608969,"Small Below"
"371830537261",5.78808325608969,5.25842903845157,-0.962625072048242,0.432970854410115,"Heat Contribution",4.82545818404145,0.432970854410115,5.25842903845156,3,5.25842903845156,"Small Above"
"371830537261",5.78808325608969,5.25842903845157,-0.962625072048242,0.432970854410115,"CBG Attributable Rate",0,5.25842903845157,5.25842903845157,4,5.25842903845157,"CBG"
"371830541142",5.78808325608969,5.00369165188155,-1.53244380299383,0.748052198785688,"RT Summer Avg. Rate",0,5.78808325608969,5.78808325608969,1,5.78808325608969,"Average"
"371830541142",5.78808325608969,5.00369165188155,-1.53244380299383,0.748052198785688,"Health Contribution",5.78808325608969,-1.53244380299383,4.25563945309586,2,5.78808325608969,"Small Below"
"371830541142",5.78808325608969,5.00369165188155,-1.53244380299383,0.748052198785688,"Heat Contribution",4.25563945309586,0.748052198785688,5.00369165188155,3,5.00369165188155,"Small Above"
"371830541142",5.78808325608969,5.00369165188155,-1.53244380299383,0.748052198785688,"CBG Attributable Rate",0,5.00369165188155,5.00369165188155,4,5.00369165188155,"CBG"
"371830541141",5.78808325608969,7.16831208763766,0.287873731994813,1.09235509955316,"RT Summer Avg. Rate",0,5.78808325608969,5.78808325608969,1,5.78808325608969,"Average"
"371830541141",5.78808325608969,7.16831208763766,0.287873731994813,1.09235509955316,"Health Contribution",5.78808325608969,0.287873731994813,6.0759569880845,2,6.0759569880845,"Small Above"
"371830541141",5.78808325608969,7.16831208763766,0.287873731994813,1.09235509955316,"Heat Contribution",6.0759569880845,1.09235509955316,7.16831208763766,3,7.16831208763766,"Small Above"
"371830541141",5.78808325608969,7.16831208763766,0.287873731994813,1.09235509955316,"CBG Attributable Rate",0,7.16831208763766,7.16831208763766,4,7.16831208763766,"CBG"
"371830536041",5.78808325608969,4.13181149424931,-1.90079094426187,0.244519182421488,"RT Summer Avg. Rate",0,5.78808325608969,5.78808325608969,1,5.78808325608969,"Average"
"371830536041",5.78808325608969,4.13181149424931,-1.90079094426187,0.244519182421488,"Health Contribution",5.78808325608969,-1.90079094426187,3.88729231182782,2,5.78808325608969,"Small Below"
"371830536041",5.78808325608969,4.13181149424931,-1.90079094426187,0.244519182421488,"Heat Contribution",3.88729231182782,0.244519182421488,4.13181149424931,3,4.13181149424931,"Small Above"
"371830536041",5.78808325608969,4.13181149424931,-1.90079094426187,0.244519182421488,"CBG Attributable Rate",0,4.13181149424931,4.13181149424931,4,4.13181149424931,"CBG"
"371830535203",5.78808325608969,5.52596793134172,-0.144711390305239,-0.117403934442738,"RT Summer Avg. Rate",0,5.78808325608969,5.78808325608969,1,5.78808325608969,"Average"
"371830535203",5.78808325608969,5.52596793134172,-0.144711390305239,-0.117403934442738,"Health Contribution",5.78808325608969,-0.144711390305239,5.64337186578445,2,5.78808325608969,"Small Below"
"371830535203",5.78808325608969,5.52596793134172,-0.144711390305239,-0.117403934442738,"Heat Contribution",5.64337186578445,-0.117403934442738,5.52596793134171,3,5.64337186578445,"Small Below"
"371830535203",5.78808325608969,5.52596793134172,-0.144711390305239,-0.117403934442738,"CBG Attributable Rate",0,5.52596793134172,5.52596793134172,4,5.52596793134172,"CBG"
"371830525071",5.78808325608969,5.89913115684302,-0.480300440084572,0.591348340837897,"RT Summer Avg. Rate",0,5.78808325608969,5.78808325608969,1,5.78808325608969,"Average"
"371830525071",5.78808325608969,5.89913115684302,-0.480300440084572,0.591348340837897,"Health Contribution",5.78808325608969,-0.480300440084572,5.30778281600512,2,5.78808325608969,"Small Below"
"371830525071",5.78808325608969,5.89913115684302,-0.480300440084572,0.591348340837897,"Heat Contribution",5.30778281600512,0.591348340837897,5.89913115684302,3,5.89913115684302,"Small Above"
"371830525071",5.78808325608969,5.89913115684302,-0.480300440084572,0.591348340837897,"CBG Attributable Rate",0,5.89913115684302,5.89913115684302,4,5.89913115684302,"CBG"
"371830534211",5.78808325608969,3.49356962446682,-2.0456637976902,-0.248849833932668,"RT Summer Avg. Rate",0,5.78808325608969,5.78808325608969,1,5.78808325608969,"Average"
"371830534211",5.78808325608969,3.49356962446682,-2.0456637976902,-0.248849833932668,"Health Contribution",5.78808325608969,-2.0456637976902,3.74241945839949,2,5.78808325608969,"Large Below"
"371830534211",5.78808325608969,3.49356962446682,-2.0456637976902,-0.248849833932668,"Heat Contribution",3.74241945839949,-0.248849833932668,3.49356962446682,3,3.74241945839949,"Small Below"
"371830534211",5.78808325608969,3.49356962446682,-2.0456637976902,-0.248849833932668,"CBG Attributable Rate",0,3.49356962446682,3.49356962446682,4,3.49356962446682,"CBG"
"371830536081",5.78808325608969,4.1847234612483,-1.97281327083846,0.369453475997062,"RT Summer Avg. Rate",0,5.78808325608969,5.78808325608969,1,5.78808325608969,"Average"
"371830536081",5.78808325608969,4.1847234612483,-1.97281327083846,0.369453475997062,"Health Contribution",5.78808325608969,-1.97281327083846,3.81526998525123,2,5.78808325608969,"Small Below"
"371830536081",5.78808325608969,4.1847234612483,-1.97281327083846,0.369453475997062,"Heat Contribution",3.81526998525123,0.369453475997062,4.18472346124829,3,4.18472346124829,"Small Above"
"371830536081",5.78808325608969,4.1847234612483,-1.97281327083846,0.369453475997062,"CBG Attributable Rate",0,4.1847234612483,4.1847234612483,4,4.1847234612483,"CBG"
"371830537201",5.78808325608969,3.73287557916883,-1.34051559233708,-0.714692084583788,"RT Summer Avg. Rate",0,5.78808325608969,5.78808325608969,1,5.78808325608969,"Average"
"371830537201",5.78808325608969,3.73287557916883,-1.34051559233708,-0.714692084583788,"Health Contribution",5.78808325608969,-1.34051559233708,4.44756766375261,2,5.78808325608969,"Small Below"
"371830537201",5.78808325608969,3.73287557916883,-1.34051559233708,-0.714692084583788,"Heat Contribution",4.44756766375261,-0.714692084583788,3.73287557916882,3,4.44756766375261,"Small Below"
"371830537201",5.78808325608969,3.73287557916883,-1.34051559233708,-0.714692084583788,"CBG Attributable Rate",0,3.73287557916883,3.73287557916883,4,3.73287557916883,"CBG"
"371830528071",5.78808325608969,5.08525598583552,-1.00078028479641,0.29795301454224,"RT Summer Avg. Rate",0,5.78808325608969,5.78808325608969,1,5.78808325608969,"Average"
"371830528071",5.78808325608969,5.08525598583552,-1.00078028479641,0.29795301454224,"Health Contribution",5.78808325608969,-1.00078028479641,4.78730297129328,2,5.78808325608969,"Small Below"
"371830528071",5.78808325608969,5.08525598583552,-1.00078028479641,0.29795301454224,"Heat Contribution",4.78730297129328,0.29795301454224,5.08525598583552,3,5.08525598583552,"Small Above"
"371830528071",5.78808325608969,5.08525598583552,-1.00078028479641,0.29795301454224,"CBG Attributable Rate",0,5.08525598583552,5.08525598583552,4,5.08525598583552,"CBG"
"371830531102",5.78808325608969,5.73174383465392,-0.369115881118637,0.312776459682865,"RT Summer Avg. Rate",0,5.78808325608969,5.78808325608969,1,5.78808325608969,"Average"
"371830531102",5.78808325608969,5.73174383465392,-0.369115881118637,0.312776459682865,"Health Contribution",5.78808325608969,-0.369115881118637,5.41896737497105,2,5.78808325608969,"Small Below"
"371830531102",5.78808325608969,5.73174383465392,-0.369115881118637,0.312776459682865,"Heat Contribution",5.41896737497105,0.312776459682865,5.73174383465392,3,5.73174383465392,"Small Above"
"371830531102",5.78808325608969,5.73174383465392,-0.369115881118637,0.312776459682865,"CBG Attributable Rate",0,5.73174383465392,5.73174383465392,4,5.73174383465392,"CBG"
"371830530094",5.78808325608969,4.29836803070328,-1.4733793188862,-0.0163359065002172,"RT Summer Avg. Rate",0,5.78808325608969,5.78808325608969,1,5.78808325608969,"Average"
"371830530094",5.78808325608969,4.29836803070328,-1.4733793188862,-0.0163359065002172,"Health Contribution",5.78808325608969,-1.4733793188862,4.31470393720349,2,5.78808325608969,"Small Below"
"371830530094",5.78808325608969,4.29836803070328,-1.4733793188862,-0.0163359065002172,"Heat Contribution",4.31470393720349,-0.0163359065002172,4.29836803070327,3,4.31470393720349,"Small Below"
"371830530094",5.78808325608969,4.29836803070328,-1.4733793188862,-0.0163359065002172,"CBG Attributable Rate",0,4.29836803070328,4.29836803070328,4,4.29836803070328,"CBG"
"371830532031",5.78808325608969,4.94992921793285,-0.891420058459647,0.0532660203028035,"RT Summer Avg. Rate",0,5.78808325608969,5.78808325608969,1,5.78808325608969,"Average"
"371830532031",5.78808325608969,4.94992921793285,-0.891420058459647,0.0532660203028035,"Health Contribution",5.78808325608969,-0.891420058459647,4.89666319763004,2,5.78808325608969,"Small Below"
"371830532031",5.78808325608969,4.94992921793285,-0.891420058459647,0.0532660203028035,"Heat Contribution",4.89666319763004,0.0532660203028035,4.94992921793285,3,4.94992921793285,"Small Above"
"371830532031",5.78808325608969,4.94992921793285,-0.891420058459647,0.0532660203028035,"CBG Attributable Rate",0,4.94992921793285,4.94992921793285,4,4.94992921793285,"CBG"
"371830534092",5.78808325608969,3.71478051593305,-2.23606327238525,0.162760532228599,"RT Summer Avg. Rate",0,5.78808325608969,5.78808325608969,1,5.78808325608969,"Average"
"371830534092",5.78808325608969,3.71478051593305,-2.23606327238525,0.162760532228599,"Health Contribution",5.78808325608969,-2.23606327238525,3.55201998370444,2,5.78808325608969,"Large Below"
"371830534092",5.78808325608969,3.71478051593305,-2.23606327238525,0.162760532228599,"Heat Contribution",3.55201998370444,0.162760532228599,3.71478051593304,3,3.71478051593304,"Small Above"
"371830534092",5.78808325608969,3.71478051593305,-2.23606327238525,0.162760532228599,"CBG Attributable Rate",0,3.71478051593305,3.71478051593305,4,3.71478051593305,"CBG"
"371830534081",5.78808325608969,4.58033502184286,-1.46347493802388,0.255726703777043,"RT Summer Avg. Rate",0,5.78808325608969,5.78808325608969,1,5.78808325608969,"Average"
"371830534081",5.78808325608969,4.58033502184286,-1.46347493802388,0.255726703777043,"Health Contribution",5.78808325608969,-1.46347493802388,4.32460831806581,2,5.78808325608969,"Small Below"
"371830534081",5.78808325608969,4.58033502184286,-1.46347493802388,0.255726703777043,"Heat Contribution",4.32460831806581,0.255726703777043,4.58033502184285,3,4.58033502184285,"Small Above"
"371830534081",5.78808325608969,4.58033502184286,-1.46347493802388,0.255726703777043,"CBG Attributable Rate",0,4.58033502184286,4.58033502184286,4,4.58033502184286,"CBG"
"371830538084",5.78808325608969,3.40501154640762,-2.12355863370067,-0.259513075981407,"RT Summer Avg. Rate",0,5.78808325608969,5.78808325608969,1,5.78808325608969,"Average"
"371830538084",5.78808325608969,3.40501154640762,-2.12355863370067,-0.259513075981407,"Health Contribution",5.78808325608969,-2.12355863370067,3.66452462238902,2,5.78808325608969,"Large Below"
"371830538084",5.78808325608969,3.40501154640762,-2.12355863370067,-0.259513075981407,"Heat Contribution",3.66452462238902,-0.259513075981407,3.40501154640761,3,3.66452462238902,"Small Below"
"371830538084",5.78808325608969,3.40501154640762,-2.12355863370067,-0.259513075981407,"CBG Attributable Rate",0,3.40501154640762,3.40501154640762,4,3.40501154640762,"CBG"
"371830535212",5.78808325608969,3.74299555513861,-1.7346074348458,-0.310480266105284,"RT Summer Avg. Rate",0,5.78808325608969,5.78808325608969,1,5.78808325608969,"Average"
"371830535212",5.78808325608969,3.74299555513861,-1.7346074348458,-0.310480266105284,"Health Contribution",5.78808325608969,-1.7346074348458,4.05347582124389,2,5.78808325608969,"Small Below"
"371830535212",5.78808325608969,3.74299555513861,-1.7346074348458,-0.310480266105284,"Heat Contribution",4.05347582124389,-0.310480266105284,3.74299555513861,3,4.05347582124389,"Small Below"
"371830535212",5.78808325608969,3.74299555513861,-1.7346074348458,-0.310480266105284,"CBG Attributable Rate",0,3.74299555513861,3.74299555513861,4,3.74299555513861,"CBG"
"371830535191",5.78808325608969,4.89269554861558,-0.977866800410039,0.0824790929359285,"RT Summer Avg. Rate",0,5.78808325608969,5.78808325608969,1,5.78808325608969,"Average"
"371830535191",5.78808325608969,4.89269554861558,-0.977866800410039,0.0824790929359285,"Health Contribution",5.78808325608969,-0.977866800410039,4.81021645567965,2,5.78808325608969,"Small Below"
"371830535191",5.78808325608969,4.89269554861558,-0.977866800410039,0.0824790929359285,"Heat Contribution",4.81021645567965,0.0824790929359285,4.89269554861558,3,4.89269554861558,"Small Above"
"371830535191",5.78808325608969,4.89269554861558,-0.977866800410039,0.0824790929359285,"CBG Attributable Rate",0,4.89269554861558,4.89269554861558,4,4.89269554861558,"CBG"
"371830537111",5.78808325608969,3.38361844553279,-1.92328470769151,-0.481180102865393,"RT Summer Avg. Rate",0,5.78808325608969,5.78808325608969,1,5.78808325608969,"Average"
"371830537111",5.78808325608969,3.38361844553279,-1.92328470769151,-0.481180102865393,"Health Contribution",5.78808325608969,-1.92328470769151,3.86479854839818,2,5.78808325608969,"Small Below"
"371830537111",5.78808325608969,3.38361844553279,-1.92328470769151,-0.481180102865393,"Heat Contribution",3.86479854839818,-0.481180102865393,3.38361844553279,3,3.86479854839818,"Small Below"
"371830537111",5.78808325608969,3.38361844553279,-1.92328470769151,-0.481180102865393,"CBG Attributable Rate",0,3.38361844553279,3.38361844553279,4,3.38361844553279,"CBG"
"371830537181",5.78808325608969,3.67244684799846,-1.36009953861904,-0.755536869472191,"RT Summer Avg. Rate",0,5.78808325608969,5.78808325608969,1,5.78808325608969,"Average"
"371830537181",5.78808325608969,3.67244684799846,-1.36009953861904,-0.755536869472191,"Health Contribution",5.78808325608969,-1.36009953861904,4.42798371747065,2,5.78808325608969,"Small Below"
"371830537181",5.78808325608969,3.67244684799846,-1.36009953861904,-0.755536869472191,"Heat Contribution",4.42798371747065,-0.755536869472191,3.67244684799846,3,4.42798371747065,"Small Below"
"371830537181",5.78808325608969,3.67244684799846,-1.36009953861904,-0.755536869472191,"CBG Attributable Rate",0,3.67244684799846,3.67244684799846,4,3.67244684799846,"CBG"
"371830541081",5.78808325608969,6.31586049471591,0.179498768606063,0.348278470020148,"RT Summer Avg. Rate",0,5.78808325608969,5.78808325608969,1,5.78808325608969,"Average"
"371830541081",5.78808325608969,6.31586049471591,0.179498768606063,0.348278470020148,"Health Contribution",5.78808325608969,0.179498768606063,5.96758202469575,2,5.96758202469575,"Small Above"
"371830541081",5.78808325608969,6.31586049471591,0.179498768606063,0.348278470020148,"Heat Contribution",5.96758202469575,0.348278470020148,6.3158604947159,3,6.3158604947159,"Small Above"
"371830541081",5.78808325608969,6.31586049471591,0.179498768606063,0.348278470020148,"CBG Attributable Rate",0,6.31586049471591,6.31586049471591,4,6.31586049471591,"CBG"
"371830537151",5.78808325608969,5.01857725869334,-1.09820095868892,0.328694961292566,"RT Summer Avg. Rate",0,5.78808325608969,5.78808325608969,1,5.78808325608969,"Average"
"371830537151",5.78808325608969,5.01857725869334,-1.09820095868892,0.328694961292566,"Health Contribution",5.78808325608969,-1.09820095868892,4.68988229740077,2,5.78808325608969,"Small Below"
"371830537151",5.78808325608969,5.01857725869334,-1.09820095868892,0.328694961292566,"Heat Contribution",4.68988229740077,0.328694961292566,5.01857725869334,3,5.01857725869334,"Small Above"
"371830537151",5.78808325608969,5.01857725869334,-1.09820095868892,0.328694961292566,"CBG Attributable Rate",0,5.01857725869334,5.01857725869334,4,5.01857725869334,"CBG"
"371830537152",5.78808325608969,4.13551200327601,-1.79050544078663,0.137934187972947,"RT Summer Avg. Rate",0,5.78808325608969,5.78808325608969,1,5.78808325608969,"Average"
"371830537152",5.78808325608969,4.13551200327601,-1.79050544078663,0.137934187972947,"Health Contribution",5.78808325608969,-1.79050544078663,3.99757781530306,2,5.78808325608969,"Small Below"
"371830537152",5.78808325608969,4.13551200327601,-1.79050544078663,0.137934187972947,"Heat Contribution",3.99757781530306,0.137934187972947,4.13551200327601,3,4.13551200327601,"Small Above"
"371830537152",5.78808325608969,4.13551200327601,-1.79050544078663,0.137934187972947,"CBG Attributable Rate",0,4.13551200327601,4.13551200327601,4,4.13551200327601,"CBG"
"371830501001",5.78808325608969,5.75536624376598,-1.54723794911739,1.51452093679367,"RT Summer Avg. Rate",0,5.78808325608969,5.78808325608969,1,5.78808325608969,"Average"
"371830501001",5.78808325608969,5.75536624376598,-1.54723794911739,1.51452093679367,"Health Contribution",5.78808325608969,-1.54723794911739,4.2408453069723,2,5.78808325608969,"Small Below"
"371830501001",5.78808325608969,5.75536624376598,-1.54723794911739,1.51452093679367,"Heat Contribution",4.2408453069723,1.51452093679367,5.75536624376597,3,5.75536624376597,"Small Above"
"371830501001",5.78808325608969,5.75536624376598,-1.54723794911739,1.51452093679367,"CBG Attributable Rate",0,5.75536624376598,5.75536624376598,4,5.75536624376598,"CBG"
"371830531092",5.78808325608969,5.14709771916386,-0.899355036985132,0.258369500059297,"RT Summer Avg. Rate",0,5.78808325608969,5.78808325608969,1,5.78808325608969,"Average"
"371830531092",5.78808325608969,5.14709771916386,-0.899355036985132,0.258369500059297,"Health Contribution",5.78808325608969,-0.899355036985132,4.88872821910456,2,5.78808325608969,"Small Below"
"371830531092",5.78808325608969,5.14709771916386,-0.899355036985132,0.258369500059297,"Heat Contribution",4.88872821910456,0.258369500059297,5.14709771916386,3,5.14709771916386,"Small Above"
"371830531092",5.78808325608969,5.14709771916386,-0.899355036985132,0.258369500059297,"CBG Attributable Rate",0,5.14709771916386,5.14709771916386,4,5.14709771916386,"CBG"
"371830538041",5.78808325608969,3.38623303403163,-2.0243988980197,-0.37745132403837,"RT Summer Avg. Rate",0,5.78808325608969,5.78808325608969,1,5.78808325608969,"Average"
"371830538041",5.78808325608969,3.38623303403163,-2.0243988980197,-0.37745132403837,"Health Contribution",5.78808325608969,-2.0243988980197,3.76368435806999,2,5.78808325608969,"Large Below"
"371830538041",5.78808325608969,3.38623303403163,-2.0243988980197,-0.37745132403837,"Heat Contribution",3.76368435806999,-0.37745132403837,3.38623303403162,3,3.76368435806999,"Small Below"
"371830538041",5.78808325608969,3.38623303403163,-2.0243988980197,-0.37745132403837,"CBG Attributable Rate",0,3.38623303403163,3.38623303403163,4,3.38623303403163,"CBG"
"371830540181",5.78808325608969,8.00351480978393,0.671765938517581,1.54366561517665,"RT Summer Avg. Rate",0,5.78808325608969,5.78808325608969,1,5.78808325608969,"Average"
"371830540181",5.78808325608969,8.00351480978393,0.671765938517581,1.54366561517665,"Health Contribution",5.78808325608969,0.671765938517581,6.45984919460727,2,6.45984919460727,"Small Above"
"371830540181",5.78808325608969,8.00351480978393,0.671765938517581,1.54366561517665,"Heat Contribution",6.45984919460727,1.54366561517665,8.00351480978392,3,8.00351480978392,"Small Above"
"371830540181",5.78808325608969,8.00351480978393,0.671765938517581,1.54366561517665,"CBG Attributable Rate",0,8.00351480978393,8.00351480978393,4,8.00351480978393,"CBG"
"371830535162",5.78808325608969,5.59184222063483,-0.102062619392684,-0.094178416062185,"RT Summer Avg. Rate",0,5.78808325608969,5.78808325608969,1,5.78808325608969,"Average"
"371830535162",5.78808325608969,5.59184222063483,-0.102062619392684,-0.094178416062185,"Health Contribution",5.78808325608969,-0.102062619392684,5.68602063669701,2,5.78808325608969,"Small Below"
"371830535162",5.78808325608969,5.59184222063483,-0.102062619392684,-0.094178416062185,"Heat Contribution",5.68602063669701,-0.094178416062185,5.59184222063482,3,5.68602063669701,"Small Below"
"371830535162",5.78808325608969,5.59184222063483,-0.102062619392684,-0.094178416062185,"CBG Attributable Rate",0,5.59184222063483,5.59184222063483,4,5.59184222063483,"CBG"
"371830525062",5.78808325608969,7.27400132018645,0.656481119359656,0.829436944737101,"RT Summer Avg. Rate",0,5.78808325608969,5.78808325608969,1,5.78808325608969,"Average"
"371830525062",5.78808325608969,7.27400132018645,0.656481119359656,0.829436944737101,"Health Contribution",5.78808325608969,0.656481119359656,6.44456437544935,2,6.44456437544935,"Small Above"
"371830525062",5.78808325608969,7.27400132018645,0.656481119359656,0.829436944737101,"Heat Contribution",6.44456437544935,0.829436944737101,7.27400132018645,3,7.27400132018645,"Small Above"
"371830525062",5.78808325608969,7.27400132018645,0.656481119359656,0.829436944737101,"CBG Attributable Rate",0,7.27400132018645,7.27400132018645,4,7.27400132018645,"CBG"
"371830537224",5.78808325608969,2.95535338154569,-2.77860352696454,-0.0541263475794545,"RT Summer Avg. Rate",0,5.78808325608969,5.78808325608969,1,5.78808325608969,"Average"
"371830537224",5.78808325608969,2.95535338154569,-2.77860352696454,-0.0541263475794545,"Health Contribution",5.78808325608969,-2.77860352696454,3.00947972912515,2,5.78808325608969,"Large Below"
"371830537224",5.78808325608969,2.95535338154569,-2.77860352696454,-0.0541263475794545,"Heat Contribution",3.00947972912515,-0.0541263475794545,2.9553533815457,3,3.00947972912515,"Small Below"
"371830537224",5.78808325608969,2.95535338154569,-2.77860352696454,-0.0541263475794545,"CBG Attributable Rate",0,2.95535338154569,2.95535338154569,4,2.95535338154569,"CBG"
"371830537223",5.78808325608969,4.25248567795236,-1.35426310743058,-0.181334470706753,"RT Summer Avg. Rate",0,5.78808325608969,5.78808325608969,1,5.78808325608969,"Average"
"371830537223",5.78808325608969,4.25248567795236,-1.35426310743058,-0.181334470706753,"Health Contribution",5.78808325608969,-1.35426310743058,4.43382014865911,2,5.78808325608969,"Small Below"
"371830537223",5.78808325608969,4.25248567795236,-1.35426310743058,-0.181334470706753,"Heat Contribution",4.43382014865911,-0.181334470706753,4.25248567795236,3,4.43382014865911,"Small Below"
"371830537223",5.78808325608969,4.25248567795236,-1.35426310743058,-0.181334470706753,"CBG Attributable Rate",0,4.25248567795236,4.25248567795236,4,4.25248567795236,"CBG"
"371830540042",5.78808325608969,6.87790970110593,0.0437151470478023,1.04611129796844,"RT Summer Avg. Rate",0,5.78808325608969,5.78808325608969,1,5.78808325608969,"Average"
"371830540042",5.78808325608969,6.87790970110593,0.0437151470478023,1.04611129796844,"Health Contribution",5.78808325608969,0.0437151470478023,5.83179840313749,2,5.83179840313749,"Small Above"
"371830540042",5.78808325608969,6.87790970110593,0.0437151470478023,1.04611129796844,"Heat Contribution",5.83179840313749,1.04611129796844,6.87790970110593,3,6.87790970110593,"Small Above"
"371830540042",5.78808325608969,6.87790970110593,0.0437151470478023,1.04611129796844,"CBG Attributable Rate",0,6.87790970110593,6.87790970110593,4,6.87790970110593,"CBG"
"371830540043",5.78808325608969,7.69959564955115,0.522295748730685,1.38921664473077,"RT Summer Avg. Rate",0,5.78808325608969,5.78808325608969,1,5.78808325608969,"Average"
"371830540043",5.78808325608969,7.69959564955115,0.522295748730685,1.38921664473077,"Health Contribution",5.78808325608969,0.522295748730685,6.31037900482038,2,6.31037900482038,"Small Above"
"371830540043",5.78808325608969,7.69959564955115,0.522295748730685,1.38921664473077,"Heat Contribution",6.31037900482038,1.38921664473077,7.69959564955115,3,7.69959564955115,"Small Above"
"371830540043",5.78808325608969,7.69959564955115,0.522295748730685,1.38921664473077,"CBG Attributable Rate",0,7.69959564955115,7.69959564955115,4,7.69959564955115,"CBG"
"371830540012",5.78808325608969,6.90814214592717,0.180750237623873,0.939308652213605,"RT Summer Avg. Rate",0,5.78808325608969,5.78808325608969,1,5.78808325608969,"Average"
"371830540012",5.78808325608969,6.90814214592717,0.180750237623873,0.939308652213605,"Health Contribution",5.78808325608969,0.180750237623873,5.96883349371356,2,5.96883349371356,"Small Above"
"371830540012",5.78808325608969,6.90814214592717,0.180750237623873,0.939308652213605,"Heat Contribution",5.96883349371356,0.939308652213605,6.90814214592717,3,6.90814214592717,"Small Above"
"371830540012",5.78808325608969,6.90814214592717,0.180750237623873,0.939308652213605,"CBG Attributable Rate",0,6.90814214592717,6.90814214592717,4,6.90814214592717,"CBG"
"371830544021",5.78808325608969,7.17635568634586,1.05246345975395,0.335808970502213,"RT Summer Avg. Rate",0,5.78808325608969,5.78808325608969,1,5.78808325608969,"Average"
"371830544021",5.78808325608969,7.17635568634586,1.05246345975395,0.335808970502213,"Health Contribution",5.78808325608969,1.05246345975395,6.84054671584364,2,6.84054671584364,"Small Above"
"371830544021",5.78808325608969,7.17635568634586,1.05246345975395,0.335808970502213,"Heat Contribution",6.84054671584364,0.335808970502213,7.17635568634585,3,7.17635568634585,"Small Above"
"371830544021",5.78808325608969,7.17635568634586,1.05246345975395,0.335808970502213,"CBG Attributable Rate",0,7.17635568634586,7.17635568634586,4,7.17635568634586,"CBG"
"371830509003",5.78808325608969,11.7133310006376,2.66407615826426,3.26117158628363,"RT Summer Avg. Rate",0,5.78808325608969,5.78808325608969,1,5.78808325608969,"Average"
"371830509003",5.78808325608969,11.7133310006376,2.66407615826426,3.26117158628363,"Health Contribution",5.78808325608969,2.66407615826426,8.45215941435395,2,8.45215941435395,"Large Above"
"371830509003",5.78808325608969,11.7133310006376,2.66407615826426,3.26117158628363,"Heat Contribution",8.45215941435395,3.26117158628363,11.7133310006376,3,11.7133310006376,"Large Above"
"371830509003",5.78808325608969,11.7133310006376,2.66407615826426,3.26117158628363,"CBG Attributable Rate",0,11.7133310006376,11.7133310006376,4,11.7133310006376,"CBG"
"371830514004",5.78808325608969,4.33668807177165,-2.01671189658589,0.565316712267837,"RT Summer Avg. Rate",0,5.78808325608969,5.78808325608969,1,5.78808325608969,"Average"
"371830514004",5.78808325608969,4.33668807177165,-2.01671189658589,0.565316712267837,"Health Contribution",5.78808325608969,-2.01671189658589,3.7713713595038,2,5.78808325608969,"Large Below"
"371830514004",5.78808325608969,4.33668807177165,-2.01671189658589,0.565316712267837,"Heat Contribution",3.7713713595038,0.565316712267837,4.33668807177164,3,4.33668807177164,"Small Above"
"371830514004",5.78808325608969,4.33668807177165,-2.01671189658589,0.565316712267837,"CBG Attributable Rate",0,4.33668807177165,4.33668807177165,4,4.33668807177165,"CBG"
"371830535093",5.78808325608969,4.10259725340805,-1.80746590933229,0.121979906650645,"RT Summer Avg. Rate",0,5.78808325608969,5.78808325608969,1,5.78808325608969,"Average"
"371830535093",5.78808325608969,4.10259725340805,-1.80746590933229,0.121979906650645,"Health Contribution",5.78808325608969,-1.80746590933229,3.9806173467574,2,5.78808325608969,"Small Below"
"371830535093",5.78808325608969,4.10259725340805,-1.80746590933229,0.121979906650645,"Heat Contribution",3.9806173467574,0.121979906650645,4.10259725340805,3,4.10259725340805,"Small Above"
"371830535093",5.78808325608969,4.10259725340805,-1.80746590933229,0.121979906650645,"CBG Attributable Rate",0,4.10259725340805,4.10259725340805,4,4.10259725340805,"CBG"
"371830541092",5.78808325608969,6.53857706973805,0.132035395100824,0.618458418547528,"RT Summer Avg. Rate",0,5.78808325608969,5.78808325608969,1,5.78808325608969,"Average"
"371830541092",5.78808325608969,6.53857706973805,0.132035395100824,0.618458418547528,"Health Contribution",5.78808325608969,0.132035395100824,5.92011865119051,2,5.92011865119051,"Small Above"
"371830541092",5.78808325608969,6.53857706973805,0.132035395100824,0.618458418547528,"Heat Contribution",5.92011865119051,0.618458418547528,6.53857706973804,3,6.53857706973804,"Small Above"
"371830541092",5.78808325608969,6.53857706973805,0.132035395100824,0.618458418547528,"CBG Attributable Rate",0,6.53857706973805,6.53857706973805,4,6.53857706973805,"CBG"
"371050303002",5.78808325608969,12.2326568267838,4.74820898764732,1.69636458304676,"RT Summer Avg. Rate",0,5.78808325608969,5.78808325608969,1,5.78808325608969,"Average"
"371050303002",5.78808325608969,12.2326568267838,4.74820898764732,1.69636458304676,"Health Contribution",5.78808325608969,4.74820898764732,10.536292243737,2,10.536292243737,"Large Above"
"371050303002",5.78808325608969,12.2326568267838,4.74820898764732,1.69636458304676,"Heat Contribution",10.536292243737,1.69636458304676,12.2326568267838,3,12.2326568267838,"Small Above"
"371050303002",5.78808325608969,12.2326568267838,4.74820898764732,1.69636458304676,"CBG Attributable Rate",0,12.2326568267838,12.2326568267838,4,12.2326568267838,"CBG"
"370630020192",5.78808325608969,3.19148848629431,-2.61262799574308,0.0160332259477022,"RT Summer Avg. Rate",0,5.78808325608969,5.78808325608969,1,5.78808325608969,"Average"
"370630020192",5.78808325608969,3.19148848629431,-2.61262799574308,0.0160332259477022,"Health Contribution",5.78808325608969,-2.61262799574308,3.17545526034661,2,5.78808325608969,"Large Below"
"370630020192",5.78808325608969,3.19148848629431,-2.61262799574308,0.0160332259477022,"Heat Contribution",3.17545526034661,0.0160332259477022,3.19148848629431,3,3.19148848629431,"Small Above"
"370630020192",5.78808325608969,3.19148848629431,-2.61262799574308,0.0160332259477022,"CBG Attributable Rate",0,3.19148848629431,3.19148848629431,4,3.19148848629431,"CBG"
"370630020202",5.78808325608969,4.53479587707598,-1.6498586301196,0.396571251105883,"RT Summer Avg. Rate",0,5.78808325608969,5.78808325608969,1,5.78808325608969,"Average"
"370630020202",5.78808325608969,4.53479587707598,-1.6498586301196,0.396571251105883,"Health Contribution",5.78808325608969,-1.6498586301196,4.13822462597009,2,5.78808325608969,"Small Below"
"370630020202",5.78808325608969,4.53479587707598,-1.6498586301196,0.396571251105883,"Heat Contribution",4.13822462597009,0.396571251105883,4.53479587707597,3,4.53479587707597,"Small Above"
"370630020202",5.78808325608969,4.53479587707598,-1.6498586301196,0.396571251105883,"CBG Attributable Rate",0,4.53479587707598,4.53479587707598,4,4.53479587707598,"CBG"
"370630001022",5.78808325608969,4.76298393443801,-1.39899094071531,0.373891619063632,"RT Summer Avg. Rate",0,5.78808325608969,5.78808325608969,1,5.78808325608969,"Average"
"370630001022",5.78808325608969,4.76298393443801,-1.39899094071531,0.373891619063632,"Health Contribution",5.78808325608969,-1.39899094071531,4.38909231537438,2,5.78808325608969,"Small Below"
"370630001022",5.78808325608969,4.76298393443801,-1.39899094071531,0.373891619063632,"Heat Contribution",4.38909231537438,0.373891619063632,4.76298393443801,3,4.76298393443801,"Small Above"
"370630001022",5.78808325608969,4.76298393443801,-1.39899094071531,0.373891619063632,"CBG Attributable Rate",0,4.76298393443801,4.76298393443801,4,4.76298393443801,"CBG"
"370630006003",5.78808325608969,5.22236491587998,-0.726223146747313,0.160504806537596,"RT Summer Avg. Rate",0,5.78808325608969,5.78808325608969,1,5.78808325608969,"Average"
"370630006003",5.78808325608969,5.22236491587998,-0.726223146747313,0.160504806537596,"Health Contribution",5.78808325608969,-0.726223146747313,5.06186010934238,2,5.78808325608969,"Small Below"
"370630006003",5.78808325608969,5.22236491587998,-0.726223146747313,0.160504806537596,"Heat Contribution",5.06186010934238,0.160504806537596,5.22236491587997,3,5.22236491587997,"Small Above"
"370630006003",5.78808325608969,5.22236491587998,-0.726223146747313,0.160504806537596,"CBG Attributable Rate",0,5.22236491587998,5.22236491587998,4,5.22236491587998,"CBG"
"370630017062",5.78808325608969,5.86913431453515,0.93440011004661,-0.853349051601152,"RT Summer Avg. Rate",0,5.78808325608969,5.78808325608969,1,5.78808325608969,"Average"
"370630017062",5.78808325608969,5.86913431453515,0.93440011004661,-0.853349051601152,"Health Contribution",5.78808325608969,0.93440011004661,6.7224833661363,2,6.7224833661363,"Small Above"
"370630017062",5.78808325608969,5.86913431453515,0.93440011004661,-0.853349051601152,"Heat Contribution",6.7224833661363,-0.853349051601152,5.86913431453515,3,6.7224833661363,"Small Below"
"370630017062",5.78808325608969,5.86913431453515,0.93440011004661,-0.853349051601152,"CBG Attributable Rate",0,5.86913431453515,5.86913431453515,4,5.86913431453515,"CBG"
"370630018091",5.78808325608969,3.24119396208883,-2.35695384093605,-0.189935453064813,"RT Summer Avg. Rate",0,5.78808325608969,5.78808325608969,1,5.78808325608969,"Average"
"370630018091",5.78808325608969,3.24119396208883,-2.35695384093605,-0.189935453064813,"Health Contribution",5.78808325608969,-2.35695384093605,3.43112941515364,2,5.78808325608969,"Large Below"
"370630018091",5.78808325608969,3.24119396208883,-2.35695384093605,-0.189935453064813,"Heat Contribution",3.43112941515364,-0.189935453064813,3.24119396208883,3,3.43112941515364,"Small Below"
"370630018091",5.78808325608969,3.24119396208883,-2.35695384093605,-0.189935453064813,"CBG Attributable Rate",0,3.24119396208883,3.24119396208883,4,3.24119396208883,"CBG"
"370630020153",5.78808325608969,5.77698745248576,-0.60070689419909,0.589611090595153,"RT Summer Avg. Rate",0,5.78808325608969,5.78808325608969,1,5.78808325608969,"Average"
"370630020153",5.78808325608969,5.77698745248576,-0.60070689419909,0.589611090595153,"Health Contribution",5.78808325608969,-0.60070689419909,5.1873763618906,2,5.78808325608969,"Small Below"
"370630020153",5.78808325608969,5.77698745248576,-0.60070689419909,0.589611090595153,"Heat Contribution",5.1873763618906,0.589611090595153,5.77698745248575,3,5.77698745248575,"Small Above"
"370630020153",5.78808325608969,5.77698745248576,-0.60070689419909,0.589611090595153,"CBG Attributable Rate",0,5.77698745248576,5.77698745248576,4,5.77698745248576,"CBG"
"371830535051",5.78808325608969,4.92633982267153,-0.875292798436189,0.0135493650180241,"RT Summer Avg. Rate",0,5.78808325608969,5.78808325608969,1,5.78808325608969,"Average"
"371830535051",5.78808325608969,4.92633982267153,-0.875292798436189,0.0135493650180241,"Health Contribution",5.78808325608969,-0.875292798436189,4.9127904576535,2,5.78808325608969,"Small Below"
"371830535051",5.78808325608969,4.92633982267153,-0.875292798436189,0.0135493650180241,"Heat Contribution",4.9127904576535,0.0135493650180241,4.92633982267153,3,4.92633982267153,"Small Above"
"371830535051",5.78808325608969,4.92633982267153,-0.875292798436189,0.0135493650180241,"CBG Attributable Rate",0,4.92633982267153,4.92633982267153,4,4.92633982267153,"CBG"
"371830535122",5.78808325608969,3.26268123916895,-2.64165704176587,0.116255024845121,"RT Summer Avg. Rate",0,5.78808325608969,5.78808325608969,1,5.78808325608969,"Average"
"371830535122",5.78808325608969,3.26268123916895,-2.64165704176587,0.116255024845121,"Health Contribution",5.78808325608969,-2.64165704176587,3.14642621432382,2,5.78808325608969,"Large Below"
"371830535122",5.78808325608969,3.26268123916895,-2.64165704176587,0.116255024845121,"Heat Contribution",3.14642621432382,0.116255024845121,3.26268123916894,3,3.26268123916894,"Small Above"
"371830535122",5.78808325608969,3.26268123916895,-2.64165704176587,0.116255024845121,"CBG Attributable Rate",0,3.26268123916895,3.26268123916895,4,3.26268123916895,"CBG"
"371830535053",5.78808325608969,4.68170643238062,-1.16942146504465,0.0630446413355741,"RT Summer Avg. Rate",0,5.78808325608969,5.78808325608969,1,5.78808325608969,"Average"
"371830535053",5.78808325608969,4.68170643238062,-1.16942146504465,0.0630446413355741,"Health Contribution",5.78808325608969,-1.16942146504465,4.61866179104504,2,5.78808325608969,"Small Below"
"371830535053",5.78808325608969,4.68170643238062,-1.16942146504465,0.0630446413355741,"Heat Contribution",4.61866179104504,0.0630446413355741,4.68170643238062,3,4.68170643238062,"Small Above"
"371830535053",5.78808325608969,4.68170643238062,-1.16942146504465,0.0630446413355741,"CBG Attributable Rate",0,4.68170643238062,4.68170643238062,4,4.68170643238062,"CBG"
"371830520021",5.78808325608969,12.1301965615849,3.60921687600906,2.7328964294862,"RT Summer Avg. Rate",0,5.78808325608969,5.78808325608969,1,5.78808325608969,"Average"
"371830520021",5.78808325608969,12.1301965615849,3.60921687600906,2.7328964294862,"Health Contribution",5.78808325608969,3.60921687600906,9.39730013209875,2,9.39730013209875,"Large Above"
"371830520021",5.78808325608969,12.1301965615849,3.60921687600906,2.7328964294862,"Heat Contribution",9.39730013209875,2.7328964294862,12.1301965615849,3,12.1301965615849,"Large Above"
"371830520021",5.78808325608969,12.1301965615849,3.60921687600906,2.7328964294862,"CBG Attributable Rate",0,12.1301965615849,12.1301965615849,4,12.1301965615849,"CBG"
"371830528011",5.78808325608969,4.55886022549772,-1.2540488288888,0.0248257982968276,"RT Summer Avg. Rate",0,5.78808325608969,5.78808325608969,1,5.78808325608969,"Average"
"371830528011",5.78808325608969,4.55886022549772,-1.2540488288888,0.0248257982968276,"Health Contribution",5.78808325608969,-1.2540488288888,4.53403442720089,2,5.78808325608969,"Small Below"
"371830528011",5.78808325608969,4.55886022549772,-1.2540488288888,0.0248257982968276,"Heat Contribution",4.53403442720089,0.0248257982968276,4.55886022549772,3,4.55886022549772,"Small Above"
"371830528011",5.78808325608969,4.55886022549772,-1.2540488288888,0.0248257982968276,"CBG Attributable Rate",0,4.55886022549772,4.55886022549772,4,4.55886022549772,"CBG"
"371830544023",5.78808325608969,5.2456428719289,-0.562201637820766,0.0197612536599762,"RT Summer Avg. Rate",0,5.78808325608969,5.78808325608969,1,5.78808325608969,"Average"
"371830544023",5.78808325608969,5.2456428719289,-0.562201637820766,0.0197612536599762,"Health Contribution",5.78808325608969,-0.562201637820766,5.22588161826892,2,5.78808325608969,"Small Below"
"371830544023",5.78808325608969,5.2456428719289,-0.562201637820766,0.0197612536599762,"Heat Contribution",5.22588161826892,0.0197612536599762,5.2456428719289,3,5.2456428719289,"Small Above"
"371830544023",5.78808325608969,5.2456428719289,-0.562201637820766,0.0197612536599762,"CBG Attributable Rate",0,5.2456428719289,5.2456428719289,4,5.2456428719289,"CBG"
"371830518002",5.78808325608969,3.77955402155304,-2.81166847545816,0.803139240921513,"RT Summer Avg. Rate",0,5.78808325608969,5.78808325608969,1,5.78808325608969,"Average"
"371830518002",5.78808325608969,3.77955402155304,-2.81166847545816,0.803139240921513,"Health Contribution",5.78808325608969,-2.81166847545816,2.97641478063153,2,5.78808325608969,"Large Below"
"371830518002",5.78808325608969,3.77955402155304,-2.81166847545816,0.803139240921513,"Heat Contribution",2.97641478063153,0.803139240921513,3.77955402155304,3,3.77955402155304,"Small Above"
"371830518002",5.78808325608969,3.77955402155304,-2.81166847545816,0.803139240921513,"CBG Attributable Rate",0,3.77955402155304,3.77955402155304,4,3.77955402155304,"CBG"
"371830519002",5.78808325608969,8.97917873759849,1.12314673351636,2.06794874799243,"RT Summer Avg. Rate",0,5.78808325608969,5.78808325608969,1,5.78808325608969,"Average"
"371830519002",5.78808325608969,8.97917873759849,1.12314673351636,2.06794874799243,"Health Contribution",5.78808325608969,1.12314673351636,6.91122998960605,2,6.91122998960605,"Small Above"
"371830519002",5.78808325608969,8.97917873759849,1.12314673351636,2.06794874799243,"Heat Contribution",6.91122998960605,2.06794874799243,8.97917873759848,3,8.97917873759848,"Large Above"
"371830519002",5.78808325608969,8.97917873759849,1.12314673351636,2.06794874799243,"CBG Attributable Rate",0,8.97917873759849,8.97917873759849,4,8.97917873759849,"CBG"
"371830510002",5.78808325608969,6.03727408596891,-1.13280564199915,1.38199647187837,"RT Summer Avg. Rate",0,5.78808325608969,5.78808325608969,1,5.78808325608969,"Average"
"371830510002",5.78808325608969,6.03727408596891,-1.13280564199915,1.38199647187837,"Health Contribution",5.78808325608969,-1.13280564199915,4.65527761409054,2,5.78808325608969,"Small Below"
"371830510002",5.78808325608969,6.03727408596891,-1.13280564199915,1.38199647187837,"Heat Contribution",4.65527761409054,1.38199647187837,6.03727408596891,3,6.03727408596891,"Small Above"
"371830510002",5.78808325608969,6.03727408596891,-1.13280564199915,1.38199647187837,"CBG Attributable Rate",0,6.03727408596891,6.03727408596891,4,6.03727408596891,"CBG"
"371830514001",5.78808325608969,4.03712174611004,-2.12348551657533,0.37252400659568,"RT Summer Avg. Rate",0,5.78808325608969,5.78808325608969,1,5.78808325608969,"Average"
"371830514001",5.78808325608969,4.03712174611004,-2.12348551657533,0.37252400659568,"Health Contribution",5.78808325608969,-2.12348551657533,3.66459773951436,2,5.78808325608969,"Large Below"
"371830514001",5.78808325608969,4.03712174611004,-2.12348551657533,0.37252400659568,"Heat Contribution",3.66459773951436,0.37252400659568,4.03712174611004,3,4.03712174611004,"Small Above"
"371830514001",5.78808325608969,4.03712174611004,-2.12348551657533,0.37252400659568,"CBG Attributable Rate",0,4.03712174611004,4.03712174611004,4,4.03712174611004,"CBG"
"371830514005",5.78808325608969,4.10867424547682,-2.20612446748958,0.526715456876708,"RT Summer Avg. Rate",0,5.78808325608969,5.78808325608969,1,5.78808325608969,"Average"
"371830514005",5.78808325608969,4.10867424547682,-2.20612446748958,0.526715456876708,"Health Contribution",5.78808325608969,-2.20612446748958,3.58195878860011,2,5.78808325608969,"Large Below"
"371830514005",5.78808325608969,4.10867424547682,-2.20612446748958,0.526715456876708,"Heat Contribution",3.58195878860011,0.526715456876708,4.10867424547682,3,4.10867424547682,"Small Above"
"371830514005",5.78808325608969,4.10867424547682,-2.20612446748958,0.526715456876708,"CBG Attributable Rate",0,4.10867424547682,4.10867424547682,4,4.10867424547682,"CBG"
"371830515011",5.78808325608969,5.56228567276743,-1.07091885003461,0.845121266712343,"RT Summer Avg. Rate",0,5.78808325608969,5.78808325608969,1,5.78808325608969,"Average"
"371830515011",5.78808325608969,5.56228567276743,-1.07091885003461,0.845121266712343,"Health Contribution",5.78808325608969,-1.07091885003461,4.71716440605508,2,5.78808325608969,"Small Below"
"371830515011",5.78808325608969,5.56228567276743,-1.07091885003461,0.845121266712343,"Heat Contribution",4.71716440605508,0.845121266712343,5.56228567276742,3,5.56228567276742,"Small Above"
"371830515011",5.78808325608969,5.56228567276743,-1.07091885003461,0.845121266712343,"CBG Attributable Rate",0,5.56228567276743,5.56228567276743,4,5.56228567276743,"CBG"
"370630020193",5.78808325608969,4.25703328703456,-1.77197149701033,0.240921527955201,"RT Summer Avg. Rate",0,5.78808325608969,5.78808325608969,1,5.78808325608969,"Average"
"370630020193",5.78808325608969,4.25703328703456,-1.77197149701033,0.240921527955201,"Health Contribution",5.78808325608969,-1.77197149701033,4.01611175907936,2,5.78808325608969,"Small Below"
"370630020193",5.78808325608969,4.25703328703456,-1.77197149701033,0.240921527955201,"Heat Contribution",4.01611175907936,0.240921527955201,4.25703328703456,3,4.25703328703456,"Small Above"
"370630020193",5.78808325608969,4.25703328703456,-1.77197149701033,0.240921527955201,"CBG Attributable Rate",0,4.25703328703456,4.25703328703456,4,4.25703328703456,"CBG"
"371830515012",5.78808325608969,3.75656350667701,-2.27024605654329,0.238726307130605,"RT Summer Avg. Rate",0,5.78808325608969,5.78808325608969,1,5.78808325608969,"Average"
"371830515012",5.78808325608969,3.75656350667701,-2.27024605654329,0.238726307130605,"Health Contribution",5.78808325608969,-2.27024605654329,3.5178371995464,2,5.78808325608969,"Large Below"
"371830515012",5.78808325608969,3.75656350667701,-2.27024605654329,0.238726307130605,"Heat Contribution",3.5178371995464,0.238726307130605,3.75656350667701,3,3.75656350667701,"Small Above"
"371830515012",5.78808325608969,3.75656350667701,-2.27024605654329,0.238726307130605,"CBG Attributable Rate",0,3.75656350667701,3.75656350667701,4,3.75656350667701,"CBG"
"371830516004",5.78808325608969,4.05624567114157,-2.27252383494024,0.540686249992115,"RT Summer Avg. Rate",0,5.78808325608969,5.78808325608969,1,5.78808325608969,"Average"
"371830516004",5.78808325608969,4.05624567114157,-2.27252383494024,0.540686249992115,"Health Contribution",5.78808325608969,-2.27252383494024,3.51555942114945,2,5.78808325608969,"Large Below"
"371830516004",5.78808325608969,4.05624567114157,-2.27252383494024,0.540686249992115,"Heat Contribution",3.51555942114945,0.540686249992115,4.05624567114157,3,4.05624567114157,"Small Above"
"371830516004",5.78808325608969,4.05624567114157,-2.27252383494024,0.540686249992115,"CBG Attributable Rate",0,4.05624567114157,4.05624567114157,4,4.05624567114157,"CBG"
"371830517001",5.78808325608969,3.87941422566089,-2.60546506932813,0.696796038899332,"RT Summer Avg. Rate",0,5.78808325608969,5.78808325608969,1,5.78808325608969,"Average"
"371830517001",5.78808325608969,3.87941422566089,-2.60546506932813,0.696796038899332,"Health Contribution",5.78808325608969,-2.60546506932813,3.18261818676156,2,5.78808325608969,"Large Below"
"371830517001",5.78808325608969,3.87941422566089,-2.60546506932813,0.696796038899332,"Heat Contribution",3.18261818676156,0.696796038899332,3.87941422566089,3,3.87941422566089,"Small Above"
"371830517001",5.78808325608969,3.87941422566089,-2.60546506932813,0.696796038899332,"CBG Attributable Rate",0,3.87941422566089,3.87941422566089,4,3.87941422566089,"CBG"
"371830534221",5.78808325608969,3.93291048630937,-2.26634284046606,0.411170070685738,"RT Summer Avg. Rate",0,5.78808325608969,5.78808325608969,1,5.78808325608969,"Average"
"371830534221",5.78808325608969,3.93291048630937,-2.26634284046606,0.411170070685738,"Health Contribution",5.78808325608969,-2.26634284046606,3.52174041562363,2,5.78808325608969,"Large Below"
"371830534221",5.78808325608969,3.93291048630937,-2.26634284046606,0.411170070685738,"Heat Contribution",3.52174041562363,0.411170070685738,3.93291048630937,3,3.93291048630937,"Small Above"
"371830534221",5.78808325608969,3.93291048630937,-2.26634284046606,0.411170070685738,"CBG Attributable Rate",0,3.93291048630937,3.93291048630937,4,3.93291048630937,"CBG"
"371830535251",5.78808325608969,4.25361826444513,-1.94072604184665,0.406261050202089,"RT Summer Avg. Rate",0,5.78808325608969,5.78808325608969,1,5.78808325608969,"Average"
"371830535251",5.78808325608969,4.25361826444513,-1.94072604184665,0.406261050202089,"Health Contribution",5.78808325608969,-1.94072604184665,3.84735721424304,2,5.78808325608969,"Small Below"
"371830535251",5.78808325608969,4.25361826444513,-1.94072604184665,0.406261050202089,"Heat Contribution",3.84735721424304,0.406261050202089,4.25361826444513,3,4.25361826444513,"Small Above"
"371830535251",5.78808325608969,4.25361826444513,-1.94072604184665,0.406261050202089,"CBG Attributable Rate",0,4.25361826444513,4.25361826444513,4,4.25361826444513,"CBG"
"371830538083",5.78808325608969,3.43115833472887,-2.073460655604,-0.283464265756827,"RT Summer Avg. Rate",0,5.78808325608969,5.78808325608969,1,5.78808325608969,"Average"
"371830538083",5.78808325608969,3.43115833472887,-2.073460655604,-0.283464265756827,"Health Contribution",5.78808325608969,-2.073460655604,3.71462260048569,2,5.78808325608969,"Large Below"
"371830538083",5.78808325608969,3.43115833472887,-2.073460655604,-0.283464265756827,"Heat Contribution",3.71462260048569,-0.283464265756827,3.43115833472886,3,3.71462260048569,"Small Below"
"371830538083",5.78808325608969,3.43115833472887,-2.073460655604,-0.283464265756827,"CBG Attributable Rate",0,3.43115833472887,3.43115833472887,4,3.43115833472887,"CBG"
"371830504002",5.78808325608969,7.74533109432519,-0.10747566301408,2.06472350124957,"RT Summer Avg. Rate",0,5.78808325608969,5.78808325608969,1,5.78808325608969,"Average"
"371830504002",5.78808325608969,7.74533109432519,-0.10747566301408,2.06472350124957,"Health Contribution",5.78808325608969,-0.10747566301408,5.68060759307561,2,5.78808325608969,"Small Below"
"371830504002",5.78808325608969,7.74533109432519,-0.10747566301408,2.06472350124957,"Heat Contribution",5.68060759307561,2.06472350124957,7.74533109432518,3,7.74533109432518,"Large Above"
"371830504002",5.78808325608969,7.74533109432519,-0.10747566301408,2.06472350124957,"CBG Attributable Rate",0,7.74533109432519,7.74533109432519,4,7.74533109432519,"CBG"
"371830506002",5.78808325608969,11.8972121085714,3.07782123242971,3.03130762005195,"RT Summer Avg. Rate",0,5.78808325608969,5.78808325608969,1,5.78808325608969,"Average"
"371830506002",5.78808325608969,11.8972121085714,3.07782123242971,3.03130762005195,"Health Contribution",5.78808325608969,3.07782123242971,8.8659044885194,2,8.8659044885194,"Large Above"
"371830506002",5.78808325608969,11.8972121085714,3.07782123242971,3.03130762005195,"Heat Contribution",8.8659044885194,3.03130762005195,11.8972121085713,3,11.8972121085713,"Large Above"
"371830506002",5.78808325608969,11.8972121085714,3.07782123242971,3.03130762005195,"CBG Attributable Rate",0,11.8972121085714,11.8972121085714,4,11.8972121085714,"CBG"
"370630020211",5.78808325608969,6.29024497948317,-0.322470284956527,0.824632008350008,"RT Summer Avg. Rate",0,5.78808325608969,5.78808325608969,1,5.78808325608969,"Average"
"370630020211",5.78808325608969,6.29024497948317,-0.322470284956527,0.824632008350008,"Health Contribution",5.78808325608969,-0.322470284956527,5.46561297113316,2,5.78808325608969,"Small Below"
"370630020211",5.78808325608969,6.29024497948317,-0.322470284956527,0.824632008350008,"Heat Contribution",5.46561297113316,0.824632008350008,6.29024497948317,3,6.29024497948317,"Small Above"
"370630020211",5.78808325608969,6.29024497948317,-0.322470284956527,0.824632008350008,"CBG Attributable Rate",0,6.29024497948317,6.29024497948317,4,6.29024497948317,"CBG"
"370630020212",5.78808325608969,6.64804807062286,0.220606574550617,0.63935823998255,"RT Summer Avg. Rate",0,5.78808325608969,5.78808325608969,1,5.78808325608969,"Average"
"370630020212",5.78808325608969,6.64804807062286,0.220606574550617,0.63935823998255,"Health Contribution",5.78808325608969,0.220606574550617,6.00868983064031,2,6.00868983064031,"Small Above"
"370630020212",5.78808325608969,6.64804807062286,0.220606574550617,0.63935823998255,"Heat Contribution",6.00868983064031,0.63935823998255,6.64804807062286,3,6.64804807062286,"Small Above"
"370630020212",5.78808325608969,6.64804807062286,0.220606574550617,0.63935823998255,"CBG Attributable Rate",0,6.64804807062286,6.64804807062286,4,6.64804807062286,"CBG"
"370630020221",5.78808325608969,7.51019781925253,0.698388621311431,1.0237259418514,"RT Summer Avg. Rate",0,5.78808325608969,5.78808325608969,1,5.78808325608969,"Average"
"370630020221",5.78808325608969,7.51019781925253,0.698388621311431,1.0237259418514,"Health Contribution",5.78808325608969,0.698388621311431,6.48647187740112,2,6.48647187740112,"Small Above"
"370630020221",5.78808325608969,7.51019781925253,0.698388621311431,1.0237259418514,"Heat Contribution",6.48647187740112,1.0237259418514,7.51019781925252,3,7.51019781925252,"Small Above"
"370630020221",5.78808325608969,7.51019781925253,0.698388621311431,1.0237259418514,"CBG Attributable Rate",0,7.51019781925253,7.51019781925253,4,7.51019781925253,"CBG"
"370630020222",5.78808325608969,4.74780819371795,-1.5524978494796,0.512222787107857,"RT Summer Avg. Rate",0,5.78808325608969,5.78808325608969,1,5.78808325608969,"Average"
"370630020222",5.78808325608969,4.74780819371795,-1.5524978494796,0.512222787107857,"Health Contribution",5.78808325608969,-1.5524978494796,4.23558540661009,2,5.78808325608969,"Small Below"
"370630020222",5.78808325608969,4.74780819371795,-1.5524978494796,0.512222787107857,"Heat Contribution",4.23558540661009,0.512222787107857,4.74780819371795,3,4.74780819371795,"Small Above"
"370630020222",5.78808325608969,4.74780819371795,-1.5524978494796,0.512222787107857,"CBG Attributable Rate",0,4.74780819371795,4.74780819371795,4,4.74780819371795,"CBG"
"370630020231",5.78808325608969,4.43572873058586,-1.75662044085273,0.404265915348896,"RT Summer Avg. Rate",0,5.78808325608969,5.78808325608969,1,5.78808325608969,"Average"
"370630020231",5.78808325608969,4.43572873058586,-1.75662044085273,0.404265915348896,"Health Contribution",5.78808325608969,-1.75662044085273,4.03146281523696,2,5.78808325608969,"Small Below"
"370630020231",5.78808325608969,4.43572873058586,-1.75662044085273,0.404265915348896,"Heat Contribution",4.03146281523696,0.404265915348896,4.43572873058586,3,4.43572873058586,"Small Above"
"370630020231",5.78808325608969,4.43572873058586,-1.75662044085273,0.404265915348896,"CBG Attributable Rate",0,4.43572873058586,4.43572873058586,4,4.43572873058586,"CBG"
"370630020232",5.78808325608969,4.65596419228518,-1.55479270391747,0.422673640112955,"RT Summer Avg. Rate",0,5.78808325608969,5.78808325608969,1,5.78808325608969,"Average"
"370630020232",5.78808325608969,4.65596419228518,-1.55479270391747,0.422673640112955,"Health Contribution",5.78808325608969,-1.55479270391747,4.23329055217222,2,5.78808325608969,"Small Below"
"370630020232",5.78808325608969,4.65596419228518,-1.55479270391747,0.422673640112955,"Heat Contribution",4.23329055217222,0.422673640112955,4.65596419228518,3,4.65596419228518,"Small Above"
"370630020232",5.78808325608969,4.65596419228518,-1.55479270391747,0.422673640112955,"CBG Attributable Rate",0,4.65596419228518,4.65596419228518,4,4.65596419228518,"CBG"
"370630020243",5.78808325608969,6.08306519053804,-0.261350627713688,0.556332562162031,"RT Summer Avg. Rate",0,5.78808325608969,5.78808325608969,1,5.78808325608969,"Average"
"370630020243",5.78808325608969,6.08306519053804,-0.261350627713688,0.556332562162031,"Health Contribution",5.78808325608969,-0.261350627713688,5.526732628376,2,5.78808325608969,"Small Below"
"370630020243",5.78808325608969,6.08306519053804,-0.261350627713688,0.556332562162031,"Heat Contribution",5.526732628376,0.556332562162031,6.08306519053803,3,6.08306519053803,"Small Above"
"370630020243",5.78808325608969,6.08306519053804,-0.261350627713688,0.556332562162031,"CBG Attributable Rate",0,6.08306519053804,6.08306519053804,4,6.08306519053804,"CBG"
"371010403012",5.78808325608969,12.3079970327092,3.67623074221824,2.84368303440124,"RT Summer Avg. Rate",0,5.78808325608969,5.78808325608969,1,5.78808325608969,"Average"
"371010403012",5.78808325608969,12.3079970327092,3.67623074221824,2.84368303440124,"Health Contribution",5.78808325608969,3.67623074221824,9.46431399830793,2,9.46431399830793,"Large Above"
"371010403012",5.78808325608969,12.3079970327092,3.67623074221824,2.84368303440124,"Heat Contribution",9.46431399830793,2.84368303440124,12.3079970327092,3,12.3079970327092,"Large Above"
"371010403012",5.78808325608969,12.3079970327092,3.67623074221824,2.84368303440124,"CBG Attributable Rate",0,12.3079970327092,12.3079970327092,4,12.3079970327092,"CBG"
"370630020251",5.78808325608969,5.55792955747292,-0.678183547716562,0.448029849099786,"RT Summer Avg. Rate",0,5.78808325608969,5.78808325608969,1,5.78808325608969,"Average"
"370630020251",5.78808325608969,5.55792955747292,-0.678183547716562,0.448029849099786,"Health Contribution",5.78808325608969,-0.678183547716562,5.10989970837313,2,5.78808325608969,"Small Below"
"370630020251",5.78808325608969,5.55792955747292,-0.678183547716562,0.448029849099786,"Heat Contribution",5.10989970837313,0.448029849099786,5.55792955747291,3,5.55792955747291,"Small Above"
"370630020251",5.78808325608969,5.55792955747292,-0.678183547716562,0.448029849099786,"CBG Attributable Rate",0,5.55792955747292,5.55792955747292,4,5.55792955747292,"CBG"
"370630020252",5.78808325608969,6.32785431682394,-0.179686917865583,0.719457978599828,"RT Summer Avg. Rate",0,5.78808325608969,5.78808325608969,1,5.78808325608969,"Average"
"370630020252",5.78808325608969,6.32785431682394,-0.179686917865583,0.719457978599828,"Health Contribution",5.78808325608969,-0.179686917865583,5.60839633822411,2,5.78808325608969,"Small Below"
"370630020252",5.78808325608969,6.32785431682394,-0.179686917865583,0.719457978599828,"Heat Contribution",5.60839633822411,0.719457978599828,6.32785431682394,3,6.32785431682394,"Small Above"
"370630020252",5.78808325608969,6.32785431682394,-0.179686917865583,0.719457978599828,"CBG Attributable Rate",0,6.32785431682394,6.32785431682394,4,6.32785431682394,"CBG"
"370630018024",5.78808325608969,7.95693421589063,2.29281153968567,-0.123960579884737,"RT Summer Avg. Rate",0,5.78808325608969,5.78808325608969,1,5.78808325608969,"Average"
"370630018024",5.78808325608969,7.95693421589063,2.29281153968567,-0.123960579884737,"Health Contribution",5.78808325608969,2.29281153968567,8.08089479577536,2,8.08089479577536,"Large Above"
"370630018024",5.78808325608969,7.95693421589063,2.29281153968567,-0.123960579884737,"Heat Contribution",8.08089479577536,-0.123960579884737,7.95693421589062,3,8.08089479577536,"Small Below"
"370630018024",5.78808325608969,7.95693421589063,2.29281153968567,-0.123960579884737,"CBG Attributable Rate",0,7.95693421589063,7.95693421589063,4,7.95693421589063,"CBG"
"370630018081",5.78808325608969,5.74106868728448,0.171374564773558,-0.21838913357877,"RT Summer Avg. Rate",0,5.78808325608969,5.78808325608969,1,5.78808325608969,"Average"
"370630018081",5.78808325608969,5.74106868728448,0.171374564773558,-0.21838913357877,"Health Contribution",5.78808325608969,0.171374564773558,5.95945782086325,2,5.95945782086325,"Small Above"
"370630018081",5.78808325608969,5.74106868728448,0.171374564773558,-0.21838913357877,"Heat Contribution",5.95945782086325,-0.21838913357877,5.74106868728448,3,5.95945782086325,"Small Below"
"370630018081",5.78808325608969,5.74106868728448,0.171374564773558,-0.21838913357877,"CBG Attributable Rate",0,5.74106868728448,5.74106868728448,4,5.74106868728448,"CBG"
"371830512001",5.78808325608969,4.54265274559256,-2.07883350344233,0.833402992945196,"RT Summer Avg. Rate",0,5.78808325608969,5.78808325608969,1,5.78808325608969,"Average"
"371830512001",5.78808325608969,4.54265274559256,-2.07883350344233,0.833402992945196,"Health Contribution",5.78808325608969,-2.07883350344233,3.70924975264736,2,5.78808325608969,"Large Below"
"371830512001",5.78808325608969,4.54265274559256,-2.07883350344233,0.833402992945196,"Heat Contribution",3.70924975264736,0.833402992945196,4.54265274559256,3,4.54265274559256,"Small Above"
"371830512001",5.78808325608969,4.54265274559256,-2.07883350344233,0.833402992945196,"CBG Attributable Rate",0,4.54265274559256,4.54265274559256,4,4.54265274559256,"CBG"
"371830512003",5.78808325608969,4.07986567933162,-2.40338218240868,0.695164605650611,"RT Summer Avg. Rate",0,5.78808325608969,5.78808325608969,1,5.78808325608969,"Average"
"371830512003",5.78808325608969,4.07986567933162,-2.40338218240868,0.695164605650611,"Health Contribution",5.78808325608969,-2.40338218240868,3.38470107368101,2,5.78808325608969,"Large Below"
"371830512003",5.78808325608969,4.07986567933162,-2.40338218240868,0.695164605650611,"Heat Contribution",3.38470107368101,0.695164605650611,4.07986567933162,3,4.07986567933162,"Small Above"
"371830512003",5.78808325608969,4.07986567933162,-2.40338218240868,0.695164605650611,"CBG Attributable Rate",0,4.07986567933162,4.07986567933162,4,4.07986567933162,"CBG"
"371830514002",5.78808325608969,4.14681824017092,-2.11622657413242,0.474961558213643,"RT Summer Avg. Rate",0,5.78808325608969,5.78808325608969,1,5.78808325608969,"Average"
"371830514002",5.78808325608969,4.14681824017092,-2.11622657413242,0.474961558213643,"Health Contribution",5.78808325608969,-2.11622657413242,3.67185668195727,2,5.78808325608969,"Large Below"
"371830514002",5.78808325608969,4.14681824017092,-2.11622657413242,0.474961558213643,"Heat Contribution",3.67185668195727,0.474961558213643,4.14681824017091,3,4.14681824017091,"Small Above"
"371830514002",5.78808325608969,4.14681824017092,-2.11622657413242,0.474961558213643,"CBG Attributable Rate",0,4.14681824017092,4.14681824017092,4,4.14681824017092,"CBG"
"371830515021",5.78808325608969,5.17748888643283,-0.855289420690977,0.244695051034112,"RT Summer Avg. Rate",0,5.78808325608969,5.78808325608969,1,5.78808325608969,"Average"
"371830515021",5.78808325608969,5.17748888643283,-0.855289420690977,0.244695051034112,"Health Contribution",5.78808325608969,-0.855289420690977,4.93279383539871,2,5.78808325608969,"Small Below"
"371830515021",5.78808325608969,5.17748888643283,-0.855289420690977,0.244695051034112,"Heat Contribution",4.93279383539871,0.244695051034112,5.17748888643283,3,5.17748888643283,"Small Above"
"371830515021",5.78808325608969,5.17748888643283,-0.855289420690977,0.244695051034112,"CBG Attributable Rate",0,5.17748888643283,5.17748888643283,4,5.17748888643283,"CBG"
"371830516001",5.7880832560897,3.59466463835045,-2.57769927755383,0.384280659814587,"RT Summer Avg. Rate",0,5.7880832560897,5.7880832560897,1,5.7880832560897,"Average"
"371830516001",5.7880832560897,3.59466463835045,-2.57769927755383,0.384280659814587,"Health Contribution",5.7880832560897,-2.57769927755383,3.21038397853587,2,5.7880832560897,"Large Below"
"371830516001",5.7880832560897,3.59466463835045,-2.57769927755383,0.384280659814587,"Heat Contribution",3.21038397853587,0.384280659814587,3.59466463835046,3,3.59466463835046,"Small Above"
"371830516001",5.7880832560897,3.59466463835045,-2.57769927755383,0.384280659814587,"CBG Attributable Rate",0,3.59466463835045,3.59466463835045,4,3.59466463835045,"CBG"
"371830516003",5.78808325608969,4.95306379833313,-1.73870907963834,0.903689621881774,"RT Summer Avg. Rate",0,5.78808325608969,5.78808325608969,1,5.78808325608969,"Average"
"371830516003",5.78808325608969,4.95306379833313,-1.73870907963834,0.903689621881774,"Health Contribution",5.78808325608969,-1.73870907963834,4.04937417645135,2,5.78808325608969,"Small Below"
"371830516003",5.78808325608969,4.95306379833313,-1.73870907963834,0.903689621881774,"Heat Contribution",4.04937417645135,0.903689621881774,4.95306379833312,3,4.95306379833312,"Small Above"
"371830516003",5.78808325608969,4.95306379833313,-1.73870907963834,0.903689621881774,"CBG Attributable Rate",0,4.95306379833313,4.95306379833313,4,4.95306379833313,"CBG"
"371830517002",5.78808325608969,4.08123237707812,-2.36963520477827,0.662784325766692,"RT Summer Avg. Rate",0,5.78808325608969,5.78808325608969,1,5.78808325608969,"Average"
"371830517002",5.78808325608969,4.08123237707812,-2.36963520477827,0.662784325766692,"Health Contribution",5.78808325608969,-2.36963520477827,3.41844805131142,2,5.78808325608969,"Large Below"
"371830517002",5.78808325608969,4.08123237707812,-2.36963520477827,0.662784325766692,"Heat Contribution",3.41844805131142,0.662784325766692,4.08123237707811,3,4.08123237707811,"Small Above"
"371830517002",5.78808325608969,4.08123237707812,-2.36963520477827,0.662784325766692,"CBG Attributable Rate",0,4.08123237707812,4.08123237707812,4,4.08123237707812,"CBG"
"371830518003",5.78808325608969,7.66887174681381,-0.0953682923190554,1.97615678304317,"RT Summer Avg. Rate",0,5.78808325608969,5.78808325608969,1,5.78808325608969,"Average"
"371830518003",5.78808325608969,7.66887174681381,-0.0953682923190554,1.97615678304317,"Health Contribution",5.78808325608969,-0.0953682923190554,5.69271496377063,2,5.78808325608969,"Small Below"
"371830518003",5.78808325608969,7.66887174681381,-0.0953682923190554,1.97615678304317,"Heat Contribution",5.69271496377063,1.97615678304317,7.6688717468138,3,7.6688717468138,"Small Above"
"371830518003",5.78808325608969,7.66887174681381,-0.0953682923190554,1.97615678304317,"CBG Attributable Rate",0,7.66887174681381,7.66887174681381,4,7.66887174681381,"CBG"
"371830519001",5.78808325608969,7.5324457117437,-0.0144539594769978,1.758816415131,"RT Summer Avg. Rate",0,5.78808325608969,5.78808325608969,1,5.78808325608969,"Average"
"371830519001",5.78808325608969,7.5324457117437,-0.0144539594769978,1.758816415131,"Health Contribution",5.78808325608969,-0.0144539594769978,5.77362929661269,2,5.78808325608969,"Small Below"
"371830519001",5.78808325608969,7.5324457117437,-0.0144539594769978,1.758816415131,"Heat Contribution",5.77362929661269,1.758816415131,7.53244571174369,3,7.53244571174369,"Small Above"
"371830519001",5.78808325608969,7.5324457117437,-0.0144539594769978,1.758816415131,"CBG Attributable Rate",0,7.5324457117437,7.5324457117437,4,7.5324457117437,"CBG"
"371050301014",5.78808325608969,8.2280633087119,1.60899812054349,0.830981932078715,"RT Summer Avg. Rate",0,5.78808325608969,5.78808325608969,1,5.78808325608969,"Average"
"371050301014",5.78808325608969,8.2280633087119,1.60899812054349,0.830981932078715,"Health Contribution",5.78808325608969,1.60899812054349,7.39708137663318,2,7.39708137663318,"Small Above"
"371050301014",5.78808325608969,8.2280633087119,1.60899812054349,0.830981932078715,"Heat Contribution",7.39708137663318,0.830981932078715,8.22806330871189,3,8.22806330871189,"Small Above"
"371050301014",5.78808325608969,8.2280633087119,1.60899812054349,0.830981932078715,"CBG Attributable Rate",0,8.2280633087119,8.2280633087119,4,8.2280633087119,"CBG"
"371459205001",5.78808325608969,4.26351168497333,1.98534960952737,-3.50992118064374,"RT Summer Avg. Rate",0,5.78808325608969,5.78808325608969,1,5.78808325608969,"Average"
"371459205001",5.78808325608969,4.26351168497333,1.98534960952737,-3.50992118064374,"Health Contribution",5.78808325608969,1.98534960952737,7.77343286561706,2,7.77343286561706,"Small Above"
"371459205001",5.78808325608969,4.26351168497333,1.98534960952737,-3.50992118064374,"Heat Contribution",7.77343286561706,-3.50992118064374,4.26351168497332,3,7.77343286561706,"Large Below"
"371459205001",5.78808325608969,4.26351168497333,1.98534960952737,-3.50992118064374,"CBG Attributable Rate",0,4.26351168497333,4.26351168497333,4,4.26351168497333,"CBG"
"371459201004",5.78808325608969,4.45914375711833,2.96142184089381,-4.29036133986517,"RT Summer Avg. Rate",0,5.78808325608969,5.78808325608969,1,5.78808325608969,"Average"
"371459201004",5.78808325608969,4.45914375711833,2.96142184089381,-4.29036133986517,"Health Contribution",5.78808325608969,2.96142184089381,8.7495050969835,2,8.7495050969835,"Large Above"
"371459201004",5.78808325608969,4.45914375711833,2.96142184089381,-4.29036133986517,"Heat Contribution",8.7495050969835,-4.29036133986517,4.45914375711833,3,8.7495050969835,"Large Below"
"371459201004",5.78808325608969,4.45914375711833,2.96142184089381,-4.29036133986517,"CBG Attributable Rate",0,4.45914375711833,4.45914375711833,4,4.45914375711833,"CBG"
"371459202003",5.78808325608969,3.61644168098706,0.813092983911472,-2.98473455901411,"RT Summer Avg. Rate",0,5.78808325608969,5.78808325608969,1,5.78808325608969,"Average"
"371459202003",5.78808325608969,3.61644168098706,0.813092983911472,-2.98473455901411,"Health Contribution",5.78808325608969,0.813092983911472,6.60117624000116,2,6.60117624000116,"Small Above"
"371459202003",5.78808325608969,3.61644168098706,0.813092983911472,-2.98473455901411,"Heat Contribution",6.60117624000116,-2.98473455901411,3.61644168098705,3,6.60117624000116,"Large Below"
"371459202003",5.78808325608969,3.61644168098706,0.813092983911472,-2.98473455901411,"CBG Attributable Rate",0,3.61644168098706,3.61644168098706,4,3.61644168098706,"CBG"
"371459203002",5.78808325608969,4.70990939573899,2.9437782515839,-4.02195211193461,"RT Summer Avg. Rate",0,5.78808325608969,5.78808325608969,1,5.78808325608969,"Average"
"371459203002",5.78808325608969,4.70990939573899,2.9437782515839,-4.02195211193461,"Health Contribution",5.78808325608969,2.9437782515839,8.73186150767359,2,8.73186150767359,"Large Above"
"371459203002",5.78808325608969,4.70990939573899,2.9437782515839,-4.02195211193461,"Heat Contribution",8.73186150767359,-4.02195211193461,4.70990939573898,3,8.73186150767359,"Large Below"
"371459203002",5.78808325608969,4.70990939573899,2.9437782515839,-4.02195211193461,"CBG Attributable Rate",0,4.70990939573899,4.70990939573899,4,4.70990939573899,"CBG"
"371459201003",5.78808325608969,3.4120619979584,1.1552707618434,-3.53129201997469,"RT Summer Avg. Rate",0,5.78808325608969,5.78808325608969,1,5.78808325608969,"Average"
"371459201003",5.78808325608969,3.4120619979584,1.1552707618434,-3.53129201997469,"Health Contribution",5.78808325608969,1.1552707618434,6.94335401793309,2,6.94335401793309,"Small Above"
"371459201003",5.78808325608969,3.4120619979584,1.1552707618434,-3.53129201997469,"Heat Contribution",6.94335401793309,-3.53129201997469,3.4120619979584,3,6.94335401793309,"Large Below"
"371459201003",5.78808325608969,3.4120619979584,1.1552707618434,-3.53129201997469,"CBG Attributable Rate",0,3.4120619979584,3.4120619979584,4,3.4120619979584,"CBG"
"371459203001",5.78808325608969,4.04074797620567,1.96057343061853,-3.70790871050255,"RT Summer Avg. Rate",0,5.78808325608969,5.78808325608969,1,5.78808325608969,"Average"
"371459203001",5.78808325608969,4.04074797620567,1.96057343061853,-3.70790871050255,"Health Contribution",5.78808325608969,1.96057343061853,7.74865668670822,2,7.74865668670822,"Small Above"
"371459203001",5.78808325608969,4.04074797620567,1.96057343061853,-3.70790871050255,"Heat Contribution",7.74865668670822,-3.70790871050255,4.04074797620567,3,7.74865668670822,"Large Below"
"371459203001",5.78808325608969,4.04074797620567,1.96057343061853,-3.70790871050255,"CBG Attributable Rate",0,4.04074797620567,4.04074797620567,4,4.04074797620567,"CBG"
"371459202004",5.78808325608969,3.82961250124962,1.5730786268701,-3.53154938171017,"RT Summer Avg. Rate",0,5.78808325608969,5.78808325608969,1,5.78808325608969,"Average"
"371459202004",5.78808325608969,3.82961250124962,1.5730786268701,-3.53154938171017,"Health Contribution",5.78808325608969,1.5730786268701,7.36116188295979,2,7.36116188295979,"Small Above"
"371459202004",5.78808325608969,3.82961250124962,1.5730786268701,-3.53154938171017,"Heat Contribution",7.36116188295979,-3.53154938171017,3.82961250124962,3,7.36116188295979,"Large Below"
"371459202004",5.78808325608969,3.82961250124962,1.5730786268701,-3.53154938171017,"CBG Attributable Rate",0,3.82961250124962,3.82961250124962,4,3.82961250124962,"CBG"
"371459204003",5.78808325608969,3.6052362771229,2.40026106412481,-4.5831080430916,"RT Summer Avg. Rate",0,5.78808325608969,5.78808325608969,1,5.78808325608969,"Average"
"371459204003",5.78808325608969,3.6052362771229,2.40026106412481,-4.5831080430916,"Health Contribution",5.78808325608969,2.40026106412481,8.1883443202145,2,8.1883443202145,"Large Above"
"371459204003",5.78808325608969,3.6052362771229,2.40026106412481,-4.5831080430916,"Heat Contribution",8.1883443202145,-4.5831080430916,3.6052362771229,3,8.1883443202145,"Large Below"
"371459204003",5.78808325608969,3.6052362771229,2.40026106412481,-4.5831080430916,"CBG Attributable Rate",0,3.6052362771229,3.6052362771229,4,3.6052362771229,"CBG"
"371459201002",5.78808325608969,4.62248264559629,3.1337558400879,-4.29935645058131,"RT Summer Avg. Rate",0,5.78808325608969,5.78808325608969,1,5.78808325608969,"Average"
"371459201002",5.78808325608969,4.62248264559629,3.1337558400879,-4.29935645058131,"Health Contribution",5.78808325608969,3.1337558400879,8.92183909617759,2,8.92183909617759,"Large Above"
"371459201002",5.78808325608969,4.62248264559629,3.1337558400879,-4.29935645058131,"Heat Contribution",8.92183909617759,-4.29935645058131,4.62248264559628,3,8.92183909617759,"Large Below"
"371459201002",5.78808325608969,4.62248264559629,3.1337558400879,-4.29935645058131,"CBG Attributable Rate",0,4.62248264559629,4.62248264559629,4,4.62248264559629,"CBG"
"371459206014",5.78808325608969,3.44926780509018,1.15928528590141,-3.49810073690093,"RT Summer Avg. Rate",0,5.78808325608969,5.78808325608969,1,5.78808325608969,"Average"
"371459206014",5.78808325608969,3.44926780509018,1.15928528590141,-3.49810073690093,"Health Contribution",5.78808325608969,1.15928528590141,6.9473685419911,2,6.9473685419911,"Small Above"
"371459206014",5.78808325608969,3.44926780509018,1.15928528590141,-3.49810073690093,"Heat Contribution",6.9473685419911,-3.49810073690093,3.44926780509017,3,6.9473685419911,"Large Below"
"371459206014",5.78808325608969,3.44926780509018,1.15928528590141,-3.49810073690093,"CBG Attributable Rate",0,3.44926780509018,3.44926780509018,4,3.44926780509018,"CBG"
"371459203003",5.78808325608969,4.21722506246913,2.07895872155351,-3.64981691517407,"RT Summer Avg. Rate",0,5.78808325608969,5.78808325608969,1,5.78808325608969,"Average"
"371459203003",5.78808325608969,4.21722506246913,2.07895872155351,-3.64981691517407,"Health Contribution",5.78808325608969,2.07895872155351,7.8670419776432,2,7.8670419776432,"Large Above"
"371459203003",5.78808325608969,4.21722506246913,2.07895872155351,-3.64981691517407,"Heat Contribution",7.8670419776432,-3.64981691517407,4.21722506246913,3,7.8670419776432,"Large Below"
"371459203003",5.78808325608969,4.21722506246913,2.07895872155351,-3.64981691517407,"CBG Attributable Rate",0,4.21722506246913,4.21722506246913,4,4.21722506246913,"CBG"
"370370201052",5.78808325608969,2.59783030628884,-2.317517151605,-0.872735798195848,"RT Summer Avg. Rate",0,5.78808325608969,5.78808325608969,1,5.78808325608969,"Average"
"370370201052",5.78808325608969,2.59783030628884,-2.317517151605,-0.872735798195848,"Health Contribution",5.78808325608969,-2.317517151605,3.47056610448469,2,5.78808325608969,"Large Below"
"370370201052",5.78808325608969,2.59783030628884,-2.317517151605,-0.872735798195848,"Heat Contribution",3.47056610448469,-0.872735798195848,2.59783030628884,3,3.47056610448469,"Small Below"
"370370201052",5.78808325608969,2.59783030628884,-2.317517151605,-0.872735798195848,"CBG Attributable Rate",0,2.59783030628884,2.59783030628884,4,2.59783030628884,"CBG"
"370370201031",5.78808325608969,3.42952748087226,-2.19082117027546,-0.167734604941972,"RT Summer Avg. Rate",0,5.78808325608969,5.78808325608969,1,5.78808325608969,"Average"
"370370201031",5.78808325608969,3.42952748087226,-2.19082117027546,-0.167734604941972,"Health Contribution",5.78808325608969,-2.19082117027546,3.59726208581423,2,5.78808325608969,"Large Below"
"370370201031",5.78808325608969,3.42952748087226,-2.19082117027546,-0.167734604941972,"Heat Contribution",3.59726208581423,-0.167734604941972,3.42952748087226,3,3.59726208581423,"Small Below"
"370370201031",5.78808325608969,3.42952748087226,-2.19082117027546,-0.167734604941972,"CBG Attributable Rate",0,3.42952748087226,3.42952748087226,4,3.42952748087226,"CBG"
"370370201032",5.78808325608969,3.40865154543625,-1.81508859429079,-0.564343116362654,"RT Summer Avg. Rate",0,5.78808325608969,5.78808325608969,1,5.78808325608969,"Average"
"370370201032",5.78808325608969,3.40865154543625,-1.81508859429079,-0.564343116362654,"Health Contribution",5.78808325608969,-1.81508859429079,3.9729946617989,2,5.78808325608969,"Small Below"
"370370201032",5.78808325608969,3.40865154543625,-1.81508859429079,-0.564343116362654,"Heat Contribution",3.9729946617989,-0.564343116362654,3.40865154543625,3,3.9729946617989,"Small Below"
"370370201032",5.78808325608969,3.40865154543625,-1.81508859429079,-0.564343116362654,"CBG Attributable Rate",0,3.40865154543625,3.40865154543625,4,3.40865154543625,"CBG"
"370370201041",5.78808325608969,3.85089476387554,-1.3021790482868,-0.635009443927358,"RT Summer Avg. Rate",0,5.78808325608969,5.78808325608969,1,5.78808325608969,"Average"
"370370201041",5.78808325608969,3.85089476387554,-1.3021790482868,-0.635009443927358,"Health Contribution",5.78808325608969,-1.3021790482868,4.48590420780289,2,5.78808325608969,"Small Below"
"370370201041",5.78808325608969,3.85089476387554,-1.3021790482868,-0.635009443927358,"Heat Contribution",4.48590420780289,-0.635009443927358,3.85089476387553,3,4.48590420780289,"Small Below"
"370370201041",5.78808325608969,3.85089476387554,-1.3021790482868,-0.635009443927358,"CBG Attributable Rate",0,3.85089476387554,3.85089476387554,4,3.85089476387554,"CBG"
"370370201042",5.78808325608969,3.13178544365284,-2.17862937764783,-0.477668434789029,"RT Summer Avg. Rate",0,5.78808325608969,5.78808325608969,1,5.78808325608969,"Average"
"370370201042",5.78808325608969,3.13178544365284,-2.17862937764783,-0.477668434789029,"Health Contribution",5.78808325608969,-2.17862937764783,3.60945387844186,2,5.78808325608969,"Large Below"
"370370201042",5.78808325608969,3.13178544365284,-2.17862937764783,-0.477668434789029,"Heat Contribution",3.60945387844186,-0.477668434789029,3.13178544365283,3,3.60945387844186,"Small Below"
"370370201042",5.78808325608969,3.13178544365284,-2.17862937764783,-0.477668434789029,"CBG Attributable Rate",0,3.13178544365284,3.13178544365284,4,3.13178544365284,"CBG"
"370370204022",5.78808325608969,4.37146340204798,1.54324772139117,-2.95986757543289,"RT Summer Avg. Rate",0,5.78808325608969,5.78808325608969,1,5.78808325608969,"Average"
"370370204022",5.78808325608969,4.37146340204798,1.54324772139117,-2.95986757543289,"Health Contribution",5.78808325608969,1.54324772139117,7.33133097748086,2,7.33133097748086,"Small Above"
"370370204022",5.78808325608969,4.37146340204798,1.54324772139117,-2.95986757543289,"Heat Contribution",7.33133097748086,-2.95986757543289,4.37146340204797,3,7.33133097748086,"Large Below"
"370370204022",5.78808325608969,4.37146340204798,1.54324772139117,-2.95986757543289,"CBG Attributable Rate",0,4.37146340204798,4.37146340204798,4,4.37146340204798,"CBG"
"370370204012",5.78808325608969,3.77253374977243,0.219068562938794,-2.23461806925606,"RT Summer Avg. Rate",0,5.78808325608969,5.78808325608969,1,5.78808325608969,"Average"
"370370204012",5.78808325608969,3.77253374977243,0.219068562938794,-2.23461806925606,"Health Contribution",5.78808325608969,0.219068562938794,6.00715181902848,2,6.00715181902848,"Small Above"
"370370204012",5.78808325608969,3.77253374977243,0.219068562938794,-2.23461806925606,"Heat Contribution",6.00715181902848,-2.23461806925606,3.77253374977242,3,6.00715181902848,"Large Below"
"370370204012",5.78808325608969,3.77253374977243,0.219068562938794,-2.23461806925606,"CBG Attributable Rate",0,3.77253374977243,3.77253374977243,4,3.77253374977243,"CBG"
"370370207021",5.78808325608969,5.48777381977667,-0.780551891128218,0.480242454815189,"RT Summer Avg. Rate",0,5.78808325608969,5.78808325608969,1,5.78808325608969,"Average"
"370370207021",5.78808325608969,5.48777381977667,-0.780551891128218,0.480242454815189,"Health Contribution",5.78808325608969,-0.780551891128218,5.00753136496147,2,5.78808325608969,"Small Below"
"370370207021",5.78808325608969,5.48777381977667,-0.780551891128218,0.480242454815189,"Heat Contribution",5.00753136496147,0.480242454815189,5.48777381977666,3,5.48777381977666,"Small Above"
"370370207021",5.78808325608969,5.48777381977667,-0.780551891128218,0.480242454815189,"CBG Attributable Rate",0,5.48777381977667,5.48777381977667,4,5.48777381977667,"CBG"
"370370204011",5.78808325608969,3.51426994669284,0.215778554006564,-2.48959186340342,"RT Summer Avg. Rate",0,5.78808325608969,5.78808325608969,1,5.78808325608969,"Average"
"370370204011",5.78808325608969,3.51426994669284,0.215778554006564,-2.48959186340342,"Health Contribution",5.78808325608969,0.215778554006564,6.00386181009625,2,6.00386181009625,"Small Above"
"370370204011",5.78808325608969,3.51426994669284,0.215778554006564,-2.48959186340342,"Heat Contribution",6.00386181009625,-2.48959186340342,3.51426994669283,3,6.00386181009625,"Large Below"
"370370204011",5.78808325608969,3.51426994669284,0.215778554006564,-2.48959186340342,"CBG Attributable Rate",0,3.51426994669284,3.51426994669284,4,3.51426994669284,"CBG"
"371459203004",5.78808325608969,5.06496602211228,3.5824258898678,-4.30554312384522,"RT Summer Avg. Rate",0,5.78808325608969,5.78808325608969,1,5.78808325608969,"Average"
"371459203004",5.78808325608969,5.06496602211228,3.5824258898678,-4.30554312384522,"Health Contribution",5.78808325608969,3.5824258898678,9.37050914595749,2,9.37050914595749,"Large Above"
"371459203004",5.78808325608969,5.06496602211228,3.5824258898678,-4.30554312384522,"Heat Contribution",9.37050914595749,-4.30554312384522,5.06496602211227,3,9.37050914595749,"Large Below"
"371459203004",5.78808325608969,5.06496602211228,3.5824258898678,-4.30554312384522,"CBG Attributable Rate",0,5.06496602211228,5.06496602211228,4,5.06496602211228,"CBG"
"371830541162",5.78808325608969,6.6850435924816,0.0069488335994316,0.890011502792476,"RT Summer Avg. Rate",0,5.78808325608969,5.78808325608969,1,5.78808325608969,"Average"
"371830541162",5.78808325608969,6.6850435924816,0.0069488335994316,0.890011502792476,"Health Contribution",5.78808325608969,0.0069488335994316,5.79503208968912,2,5.79503208968912,"Small Above"
"371830541162",5.78808325608969,6.6850435924816,0.0069488335994316,0.890011502792476,"Heat Contribution",5.79503208968912,0.890011502792476,6.6850435924816,3,6.6850435924816,"Small Above"
"371830541162",5.78808325608969,6.6850435924816,0.0069488335994316,0.890011502792476,"CBG Attributable Rate",0,6.6850435924816,6.6850435924816,4,6.6850435924816,"CBG"
"371830542063",5.78808325608969,4.70030761130383,-0.987299553639249,-0.100476091146613,"RT Summer Avg. Rate",0,5.78808325608969,5.78808325608969,1,5.78808325608969,"Average"
"371830542063",5.78808325608969,4.70030761130383,-0.987299553639249,-0.100476091146613,"Health Contribution",5.78808325608969,-0.987299553639249,4.80078370245044,2,5.78808325608969,"Small Below"
"371830542063",5.78808325608969,4.70030761130383,-0.987299553639249,-0.100476091146613,"Heat Contribution",4.80078370245044,-0.100476091146613,4.70030761130383,3,4.80078370245044,"Small Below"
"371830542063",5.78808325608969,4.70030761130383,-0.987299553639249,-0.100476091146613,"CBG Attributable Rate",0,4.70030761130383,4.70030761130383,4,4.70030761130383,"CBG"
"371830531052",5.78808325608969,5.95843786595546,-0.226272445870076,0.396627055735847,"RT Summer Avg. Rate",0,5.78808325608969,5.78808325608969,1,5.78808325608969,"Average"
"371830531052",5.78808325608969,5.95843786595546,-0.226272445870076,0.396627055735847,"Health Contribution",5.78808325608969,-0.226272445870076,5.56181081021961,2,5.78808325608969,"Small Below"
"371830531052",5.78808325608969,5.95843786595546,-0.226272445870076,0.396627055735847,"Heat Contribution",5.56181081021961,0.396627055735847,5.95843786595546,3,5.95843786595546,"Small Above"
"371830531052",5.78808325608969,5.95843786595546,-0.226272445870076,0.396627055735847,"CBG Attributable Rate",0,5.95843786595546,5.95843786595546,4,5.95843786595546,"CBG"
"371830536203",5.78808325608969,4.50030114753507,-1.63846181876861,0.350679710213983,"RT Summer Avg. Rate",0,5.78808325608969,5.78808325608969,1,5.78808325608969,"Average"
"371830536203",5.78808325608969,4.50030114753507,-1.63846181876861,0.350679710213983,"Health Contribution",5.78808325608969,-1.63846181876861,4.14962143732108,2,5.78808325608969,"Small Below"
"371830536203",5.78808325608969,4.50030114753507,-1.63846181876861,0.350679710213983,"Heat Contribution",4.14962143732108,0.350679710213983,4.50030114753506,3,4.50030114753506,"Small Above"
"371830536203",5.78808325608969,4.50030114753507,-1.63846181876861,0.350679710213983,"CBG Attributable Rate",0,4.50030114753507,4.50030114753507,4,4.50030114753507,"CBG"
"371830537251",5.78808325608969,3.76996839850657,-1.73434447105868,-0.283770386524449,"RT Summer Avg. Rate",0,5.78808325608969,5.78808325608969,1,5.78808325608969,"Average"
"371830537251",5.78808325608969,3.76996839850657,-1.73434447105868,-0.283770386524449,"Health Contribution",5.78808325608969,-1.73434447105868,4.05373878503101,2,5.78808325608969,"Small Below"
"371830537251",5.78808325608969,3.76996839850657,-1.73434447105868,-0.283770386524449,"Heat Contribution",4.05373878503101,-0.283770386524449,3.76996839850656,3,4.05373878503101,"Small Below"
"371830537251",5.78808325608969,3.76996839850657,-1.73434447105868,-0.283770386524449,"CBG Attributable Rate",0,3.76996839850657,3.76996839850657,4,3.76996839850657,"CBG"
"371830530101",5.78808325608969,4.6732001297306,-0.853046404933311,-0.261836721425788,"RT Summer Avg. Rate",0,5.78808325608969,5.78808325608969,1,5.78808325608969,"Average"
"371830530101",5.78808325608969,4.6732001297306,-0.853046404933311,-0.261836721425788,"Health Contribution",5.78808325608969,-0.853046404933311,4.93503685115638,2,5.78808325608969,"Small Below"
"371830530101",5.78808325608969,4.6732001297306,-0.853046404933311,-0.261836721425788,"Heat Contribution",4.93503685115638,-0.261836721425788,4.67320012973059,3,4.93503685115638,"Small Below"
"371830530101",5.78808325608969,4.6732001297306,-0.853046404933311,-0.261836721425788,"CBG Attributable Rate",0,4.6732001297306,4.6732001297306,4,4.6732001297306,"CBG"
"371830530073",5.78808325608969,3.23646638442258,-2.31660225071697,-0.235014620950142,"RT Summer Avg. Rate",0,5.78808325608969,5.78808325608969,1,5.78808325608969,"Average"
"371830530073",5.78808325608969,3.23646638442258,-2.31660225071697,-0.235014620950142,"Health Contribution",5.78808325608969,-2.31660225071697,3.47148100537272,2,5.78808325608969,"Large Below"
"371830530073",5.78808325608969,3.23646638442258,-2.31660225071697,-0.235014620950142,"Heat Contribution",3.47148100537272,-0.235014620950142,3.23646638442258,3,3.47148100537272,"Small Below"
"371830530073",5.78808325608969,3.23646638442258,-2.31660225071697,-0.235014620950142,"CBG Attributable Rate",0,3.23646638442258,3.23646638442258,4,3.23646638442258,"CBG"
"371830503002",5.78808325608969,7.55006921282743,-0.32576044677276,2.08774640351049,"RT Summer Avg. Rate",0,5.78808325608969,5.78808325608969,1,5.78808325608969,"Average"
"371830503002",5.78808325608969,7.55006921282743,-0.32576044677276,2.08774640351049,"Health Contribution",5.78808325608969,-0.32576044677276,5.46232280931693,2,5.78808325608969,"Small Below"
"371830503002",5.78808325608969,7.55006921282743,-0.32576044677276,2.08774640351049,"Heat Contribution",5.46232280931693,2.08774640351049,7.55006921282742,3,7.55006921282742,"Large Above"
"371830503002",5.78808325608969,7.55006921282743,-0.32576044677276,2.08774640351049,"CBG Attributable Rate",0,7.55006921282743,7.55006921282743,4,7.55006921282743,"CBG"
"370630021002",5.78808325608969,2.6597834853537,-1.71010924298988,-1.41819052774612,"RT Summer Avg. Rate",0,5.78808325608969,5.78808325608969,1,5.78808325608969,"Average"
"370630021002",5.78808325608969,2.6597834853537,-1.71010924298988,-1.41819052774612,"Health Contribution",5.78808325608969,-1.71010924298988,4.07797401309981,2,5.78808325608969,"Small Below"
"370630021002",5.78808325608969,2.6597834853537,-1.71010924298988,-1.41819052774612,"Heat Contribution",4.07797401309981,-1.41819052774612,2.65978348535369,3,4.07797401309981,"Small Below"
"370630021002",5.78808325608969,2.6597834853537,-1.71010924298988,-1.41819052774612,"CBG Attributable Rate",0,2.6597834853537,2.6597834853537,4,2.6597834853537,"CBG"
"370630003012",5.78808325608969,7.55117264565522,0.991627662999608,0.771461726565914,"RT Summer Avg. Rate",0,5.78808325608969,5.78808325608969,1,5.78808325608969,"Average"
"370630003012",5.78808325608969,7.55117264565522,0.991627662999608,0.771461726565914,"Health Contribution",5.78808325608969,0.991627662999608,6.7797109190893,2,6.7797109190893,"Small Above"
"370630003012",5.78808325608969,7.55117264565522,0.991627662999608,0.771461726565914,"Heat Contribution",6.7797109190893,0.771461726565914,7.55117264565521,3,7.55117264565521,"Small Above"
"370630003012",5.78808325608969,7.55117264565522,0.991627662999608,0.771461726565914,"CBG Attributable Rate",0,7.55117264565522,7.55117264565522,4,7.55117264565522,"CBG"
"370630018011",5.78808325608969,8.90818879096994,4.12158876335332,-1.00148322847307,"RT Summer Avg. Rate",0,5.78808325608969,5.78808325608969,1,5.78808325608969,"Average"
"370630018011",5.78808325608969,8.90818879096994,4.12158876335332,-1.00148322847307,"Health Contribution",5.78808325608969,4.12158876335332,9.90967201944301,2,9.90967201944301,"Large Above"
"370630018011",5.78808325608969,8.90818879096994,4.12158876335332,-1.00148322847307,"Heat Contribution",9.90967201944301,-1.00148322847307,8.90818879096994,3,9.90967201944301,"Small Below"
"370630018011",5.78808325608969,8.90818879096994,4.12158876335332,-1.00148322847307,"CBG Attributable Rate",0,8.90818879096994,8.90818879096994,4,8.90818879096994,"CBG"
"370630019001",5.78808325608969,4.18286260251313,-0.950942895721979,-0.654277757854585,"RT Summer Avg. Rate",0,5.78808325608969,5.78808325608969,1,5.78808325608969,"Average"
"370630019001",5.78808325608969,4.18286260251313,-0.950942895721979,-0.654277757854585,"Health Contribution",5.78808325608969,-0.950942895721979,4.83714036036771,2,5.78808325608969,"Small Below"
"370630019001",5.78808325608969,4.18286260251313,-0.950942895721979,-0.654277757854585,"Heat Contribution",4.83714036036771,-0.654277757854585,4.18286260251313,3,4.83714036036771,"Small Below"
"370630019001",5.78808325608969,4.18286260251313,-0.950942895721979,-0.654277757854585,"CBG Attributable Rate",0,4.18286260251313,4.18286260251313,4,4.18286260251313,"CBG"
"370630016011",5.78808325608969,6.2888602398215,1.90694951407919,-1.40617253034739,"RT Summer Avg. Rate",0,5.78808325608969,5.78808325608969,1,5.78808325608969,"Average"
"370630016011",5.78808325608969,6.2888602398215,1.90694951407919,-1.40617253034739,"Health Contribution",5.78808325608969,1.90694951407919,7.69503277016888,2,7.69503277016888,"Small Above"
"370630016011",5.78808325608969,6.2888602398215,1.90694951407919,-1.40617253034739,"Heat Contribution",7.69503277016888,-1.40617253034739,6.28886023982149,3,7.69503277016888,"Small Below"
"370630016011",5.78808325608969,6.2888602398215,1.90694951407919,-1.40617253034739,"CBG Attributable Rate",0,6.2888602398215,6.2888602398215,4,6.2888602398215,"CBG"
"370630020072",5.78808325608969,4.65768447914003,-1.40299150855931,0.272592731609643,"RT Summer Avg. Rate",0,5.78808325608969,5.78808325608969,1,5.78808325608969,"Average"
"370630020072",5.78808325608969,4.65768447914003,-1.40299150855931,0.272592731609643,"Health Contribution",5.78808325608969,-1.40299150855931,4.38509174753038,2,5.78808325608969,"Small Below"
"370630020072",5.78808325608969,4.65768447914003,-1.40299150855931,0.272592731609643,"Heat Contribution",4.38509174753038,0.272592731609643,4.65768447914002,3,4.65768447914002,"Small Above"
"370630020072",5.78808325608969,4.65768447914003,-1.40299150855931,0.272592731609643,"CBG Attributable Rate",0,4.65768447914003,4.65768447914003,4,4.65768447914003,"CBG"
"370630016032",5.78808325608969,5.15931284919365,0.431241674730419,-1.06001208162647,"RT Summer Avg. Rate",0,5.78808325608969,5.78808325608969,1,5.78808325608969,"Average"
"370630016032",5.78808325608969,5.15931284919365,0.431241674730419,-1.06001208162647,"Health Contribution",5.78808325608969,0.431241674730419,6.21932493082011,2,6.21932493082011,"Small Above"
"370630016032",5.78808325608969,5.15931284919365,0.431241674730419,-1.06001208162647,"Heat Contribution",6.21932493082011,-1.06001208162647,5.15931284919364,3,6.21932493082011,"Small Below"
"370630016032",5.78808325608969,5.15931284919365,0.431241674730419,-1.06001208162647,"CBG Attributable Rate",0,5.15931284919365,5.15931284919365,4,5.15931284919365,"CBG"
"370630016042",5.78808325608969,2.96527751482228,-0.706432858003737,-2.11637288326368,"RT Summer Avg. Rate",0,5.78808325608969,5.78808325608969,1,5.78808325608969,"Average"
"370630016042",5.78808325608969,2.96527751482228,-0.706432858003737,-2.11637288326368,"Health Contribution",5.78808325608969,-0.706432858003737,5.08165039808595,2,5.78808325608969,"Small Below"
"370630016042",5.78808325608969,2.96527751482228,-0.706432858003737,-2.11637288326368,"Heat Contribution",5.08165039808595,-2.11637288326368,2.96527751482227,3,5.08165039808595,"Large Below"
"370630016042",5.78808325608969,2.96527751482228,-0.706432858003737,-2.11637288326368,"CBG Attributable Rate",0,2.96527751482228,2.96527751482228,4,2.96527751482228,"CBG"
"370630009002",5.78808325608969,7.96547732961792,1.22311131369047,0.954282759837757,"RT Summer Avg. Rate",0,5.78808325608969,5.78808325608969,1,5.78808325608969,"Average"
"370630009002",5.78808325608969,7.96547732961792,1.22311131369047,0.954282759837757,"Health Contribution",5.78808325608969,1.22311131369047,7.01119456978016,2,7.01119456978016,"Small Above"
"370630009002",5.78808325608969,7.96547732961792,1.22311131369047,0.954282759837757,"Heat Contribution",7.01119456978016,0.954282759837757,7.96547732961792,3,7.96547732961792,"Small Above"
"370630009002",5.78808325608969,7.96547732961792,1.22311131369047,0.954282759837757,"CBG Attributable Rate",0,7.96547732961792,7.96547732961792,4,7.96547732961792,"CBG"
"370630019002",5.78808325608969,4.71467953513105,-0.554111108405146,-0.519292612553501,"RT Summer Avg. Rate",0,5.78808325608969,5.78808325608969,1,5.78808325608969,"Average"
"370630019002",5.78808325608969,4.71467953513105,-0.554111108405146,-0.519292612553501,"Health Contribution",5.78808325608969,-0.554111108405146,5.23397214768454,2,5.78808325608969,"Small Below"
"370630019002",5.78808325608969,4.71467953513105,-0.554111108405146,-0.519292612553501,"Heat Contribution",5.23397214768454,-0.519292612553501,4.71467953513104,3,5.23397214768454,"Small Below"
"370630019002",5.78808325608969,4.71467953513105,-0.554111108405146,-0.519292612553501,"CBG Attributable Rate",0,4.71467953513105,4.71467953513105,4,4.71467953513105,"CBG"
"371830504001",5.78808325608969,4.46114283191366,-2.55417270231478,1.22723227813874,"RT Summer Avg. Rate",0,5.78808325608969,5.78808325608969,1,5.78808325608969,"Average"
"371830504001",5.78808325608969,4.46114283191366,-2.55417270231478,1.22723227813874,"Health Contribution",5.78808325608969,-2.55417270231478,3.23391055377491,2,5.78808325608969,"Large Below"
"371830504001",5.78808325608969,4.46114283191366,-2.55417270231478,1.22723227813874,"Heat Contribution",3.23391055377491,1.22723227813874,4.46114283191365,3,4.46114283191365,"Small Above"
"371830504001",5.78808325608969,4.46114283191366,-2.55417270231478,1.22723227813874,"CBG Attributable Rate",0,4.46114283191366,4.46114283191366,4,4.46114283191366,"CBG"
"370630020082",5.78808325608969,4.43157842378907,-1.55725605516143,0.2007512228608,"RT Summer Avg. Rate",0,5.78808325608969,5.78808325608969,1,5.78808325608969,"Average"
"370630020082",5.78808325608969,4.43157842378907,-1.55725605516143,0.2007512228608,"Health Contribution",5.78808325608969,-1.55725605516143,4.23082720092826,2,5.78808325608969,"Small Below"
"370630020082",5.78808325608969,4.43157842378907,-1.55725605516143,0.2007512228608,"Heat Contribution",4.23082720092826,0.2007512228608,4.43157842378906,3,4.43157842378906,"Small Above"
"370630020082",5.78808325608969,4.43157842378907,-1.55725605516143,0.2007512228608,"CBG Attributable Rate",0,4.43157842378907,4.43157842378907,4,4.43157842378907,"CBG"
"370630017092",5.78808325608969,9.37322422951089,3.49187882109418,0.0932621523270196,"RT Summer Avg. Rate",0,5.78808325608969,5.78808325608969,1,5.78808325608969,"Average"
"370630017092",5.78808325608969,9.37322422951089,3.49187882109418,0.0932621523270196,"Health Contribution",5.78808325608969,3.49187882109418,9.27996207718387,2,9.27996207718387,"Large Above"
"370630017092",5.78808325608969,9.37322422951089,3.49187882109418,0.0932621523270196,"Heat Contribution",9.27996207718387,0.0932621523270196,9.37322422951089,3,9.37322422951089,"Small Above"
"370630017092",5.78808325608969,9.37322422951089,3.49187882109418,0.0932621523270196,"CBG Attributable Rate",0,9.37322422951089,9.37322422951089,4,9.37322422951089,"CBG"
"370630016012",5.78808325608969,4.15583941514236,-0.907462190632815,-0.724781650314518,"RT Summer Avg. Rate",0,5.78808325608969,5.78808325608969,1,5.78808325608969,"Average"
"370630016012",5.78808325608969,4.15583941514236,-0.907462190632815,-0.724781650314518,"Health Contribution",5.78808325608969,-0.907462190632815,4.88062106545688,2,5.78808325608969,"Small Below"
"370630016012",5.78808325608969,4.15583941514236,-0.907462190632815,-0.724781650314518,"Heat Contribution",4.88062106545688,-0.724781650314518,4.15583941514236,3,4.88062106545688,"Small Below"
"370630016012",5.78808325608969,4.15583941514236,-0.907462190632815,-0.724781650314518,"CBG Attributable Rate",0,4.15583941514236,4.15583941514236,4,4.15583941514236,"CBG"
"370630009001",5.7880832560897,9.41485808224776,2.45278999240073,1.17398483375733,"RT Summer Avg. Rate",0,5.7880832560897,5.7880832560897,1,5.7880832560897,"Average"
"370630009001",5.7880832560897,9.41485808224776,2.45278999240073,1.17398483375733,"Health Contribution",5.7880832560897,2.45278999240073,8.24087324849043,2,8.24087324849043,"Large Above"
"370630009001",5.7880832560897,9.41485808224776,2.45278999240073,1.17398483375733,"Heat Contribution",8.24087324849043,1.17398483375733,9.41485808224776,3,9.41485808224776,"Small Above"
"370630009001",5.7880832560897,9.41485808224776,2.45278999240073,1.17398483375733,"CBG Attributable Rate",0,9.41485808224776,9.41485808224776,4,9.41485808224776,"CBG"
"370630020132",5.78808325608969,6.43718063020847,-0.175251426157999,0.824348800276779,"RT Summer Avg. Rate",0,5.78808325608969,5.78808325608969,1,5.78808325608969,"Average"
"370630020132",5.78808325608969,6.43718063020847,-0.175251426157999,0.824348800276779,"Health Contribution",5.78808325608969,-0.175251426157999,5.61283182993169,2,5.78808325608969,"Small Below"
"370630020132",5.78808325608969,6.43718063020847,-0.175251426157999,0.824348800276779,"Heat Contribution",5.61283182993169,0.824348800276779,6.43718063020847,3,6.43718063020847,"Small Above"
"370630020132",5.78808325608969,6.43718063020847,-0.175251426157999,0.824348800276779,"CBG Attributable Rate",0,6.43718063020847,6.43718063020847,4,6.43718063020847,"CBG"
"370630005002",5.78808325608969,9.51502488131915,3.16286269255216,0.564078932677297,"RT Summer Avg. Rate",0,5.78808325608969,5.78808325608969,1,5.78808325608969,"Average"
"370630005002",5.78808325608969,9.51502488131915,3.16286269255216,0.564078932677297,"Health Contribution",5.78808325608969,3.16286269255216,8.95094594864185,2,8.95094594864185,"Large Above"
"370630005002",5.78808325608969,9.51502488131915,3.16286269255216,0.564078932677297,"Heat Contribution",8.95094594864185,0.564078932677297,9.51502488131915,3,9.51502488131915,"Small Above"
"370630005002",5.78808325608969,9.51502488131915,3.16286269255216,0.564078932677297,"CBG Attributable Rate",0,9.51502488131915,9.51502488131915,4,9.51502488131915,"CBG"
"370630014001",5.78808325608969,8.36091699091177,1.72425242168027,0.848581313141803,"RT Summer Avg. Rate",0,5.78808325608969,5.78808325608969,1,5.78808325608969,"Average"
"370630014001",5.78808325608969,8.36091699091177,1.72425242168027,0.848581313141803,"Health Contribution",5.78808325608969,1.72425242168027,7.51233567776996,2,7.51233567776996,"Small Above"
"370630014001",5.78808325608969,8.36091699091177,1.72425242168027,0.848581313141803,"Heat Contribution",7.51233567776996,0.848581313141803,8.36091699091176,3,8.36091699091176,"Small Above"
"370630014001",5.78808325608969,8.36091699091177,1.72425242168027,0.848581313141803,"CBG Attributable Rate",0,8.36091699091177,8.36091699091177,4,8.36091699091177,"CBG"
"370630002003",5.78808325608969,4.83758740309943,-1.40920264599634,0.458706793006083,"RT Summer Avg. Rate",0,5.78808325608969,5.78808325608969,1,5.78808325608969,"Average"
"370630002003",5.78808325608969,4.83758740309943,-1.40920264599634,0.458706793006083,"Health Contribution",5.78808325608969,-1.40920264599634,4.37888061009335,2,5.78808325608969,"Small Below"
"370630002003",5.78808325608969,4.83758740309943,-1.40920264599634,0.458706793006083,"Heat Contribution",4.37888061009335,0.458706793006083,4.83758740309943,3,4.83758740309943,"Small Above"
"370630002003",5.78808325608969,4.83758740309943,-1.40920264599634,0.458706793006083,"CBG Attributable Rate",0,4.83758740309943,4.83758740309943,4,4.83758740309943,"CBG"
"370630020133",5.78808325608969,6.1932852269356,-0.323595821336837,0.728797792182743,"RT Summer Avg. Rate",0,5.78808325608969,5.78808325608969,1,5.78808325608969,"Average"
"370630020133",5.78808325608969,6.1932852269356,-0.323595821336837,0.728797792182743,"Health Contribution",5.78808325608969,-0.323595821336837,5.46448743475285,2,5.78808325608969,"Small Below"
"370630020133",5.78808325608969,6.1932852269356,-0.323595821336837,0.728797792182743,"Heat Contribution",5.46448743475285,0.728797792182743,6.1932852269356,3,6.1932852269356,"Small Above"
"370630020133",5.78808325608969,6.1932852269356,-0.323595821336837,0.728797792182743,"CBG Attributable Rate",0,6.1932852269356,6.1932852269356,4,6.1932852269356,"CBG"
"370630002002",5.78808325608969,7.04438832479277,0.575634251378091,0.680670817324987,"RT Summer Avg. Rate",0,5.78808325608969,5.78808325608969,1,5.78808325608969,"Average"
"370630002002",5.78808325608969,7.04438832479277,0.575634251378091,0.680670817324987,"Health Contribution",5.78808325608969,0.575634251378091,6.36371750746778,2,6.36371750746778,"Small Above"
"370630002002",5.78808325608969,7.04438832479277,0.575634251378091,0.680670817324987,"Heat Contribution",6.36371750746778,0.680670817324987,7.04438832479277,3,7.04438832479277,"Small Above"
"370630002002",5.78808325608969,7.04438832479277,0.575634251378091,0.680670817324987,"CBG Attributable Rate",0,7.04438832479277,7.04438832479277,4,7.04438832479277,"CBG"
"370630020081",5.78808325608969,3.85083387250889,-2.12780013245297,0.190550748872158,"RT Summer Avg. Rate",0,5.78808325608969,5.78808325608969,1,5.78808325608969,"Average"
"370630020081",5.78808325608969,3.85083387250889,-2.12780013245297,0.190550748872158,"Health Contribution",5.78808325608969,-2.12780013245297,3.66028312363672,2,5.78808325608969,"Large Below"
"370630020081",5.78808325608969,3.85083387250889,-2.12780013245297,0.190550748872158,"Heat Contribution",3.66028312363672,0.190550748872158,3.85083387250888,3,3.85083387250888,"Small Above"
"370630020081",5.78808325608969,3.85083387250889,-2.12780013245297,0.190550748872158,"CBG Attributable Rate",0,3.85083387250889,3.85083387250889,4,3.85083387250889,"CBG"
"370630021001",5.78808325608969,3.16445749368023,-0.727534764150824,-1.89609099825864,"RT Summer Avg. Rate",0,5.78808325608969,5.78808325608969,1,5.78808325608969,"Average"
"370630021001",5.78808325608969,3.16445749368023,-0.727534764150824,-1.89609099825864,"Health Contribution",5.78808325608969,-0.727534764150824,5.06054849193887,2,5.78808325608969,"Small Below"
"370630021001",5.78808325608969,3.16445749368023,-0.727534764150824,-1.89609099825864,"Heat Contribution",5.06054849193887,-1.89609099825864,3.16445749368023,3,5.06054849193887,"Small Below"
"370630021001",5.78808325608969,3.16445749368023,-0.727534764150824,-1.89609099825864,"CBG Attributable Rate",0,3.16445749368023,3.16445749368023,4,3.16445749368023,"CBG"
"370630001011",5.78808325608969,5.99300049192653,-0.167627295443258,0.372544531280092,"RT Summer Avg. Rate",0,5.78808325608969,5.78808325608969,1,5.78808325608969,"Average"
"370630001011",5.78808325608969,5.99300049192653,-0.167627295443258,0.372544531280092,"Health Contribution",5.78808325608969,-0.167627295443258,5.62045596064643,2,5.78808325608969,"Small Below"
"370630001011",5.78808325608969,5.99300049192653,-0.167627295443258,0.372544531280092,"Heat Contribution",5.62045596064643,0.372544531280092,5.99300049192652,3,5.99300049192652,"Small Above"
"370630001011",5.78808325608969,5.99300049192653,-0.167627295443258,0.372544531280092,"CBG Attributable Rate",0,5.99300049192653,5.99300049192653,4,5.99300049192653,"CBG"
"370630001012",5.78808325608969,8.03217694308308,2.00888437040197,0.235209316591418,"RT Summer Avg. Rate",0,5.78808325608969,5.78808325608969,1,5.78808325608969,"Average"
"370630001012",5.78808325608969,8.03217694308308,2.00888437040197,0.235209316591418,"Health Contribution",5.78808325608969,2.00888437040197,7.79696762649166,2,7.79696762649166,"Large Above"
"370630001012",5.78808325608969,8.03217694308308,2.00888437040197,0.235209316591418,"Heat Contribution",7.79696762649166,0.235209316591418,8.03217694308308,3,8.03217694308308,"Small Above"
"370630001012",5.78808325608969,8.03217694308308,2.00888437040197,0.235209316591418,"CBG Attributable Rate",0,8.03217694308308,8.03217694308308,4,8.03217694308308,"CBG"
"370630001021",5.78808325608969,9.43107346229827,2.77660080020243,0.866389406006148,"RT Summer Avg. Rate",0,5.78808325608969,5.78808325608969,1,5.78808325608969,"Average"
"370630001021",5.78808325608969,9.43107346229827,2.77660080020243,0.866389406006148,"Health Contribution",5.78808325608969,2.77660080020243,8.56468405629212,2,8.56468405629212,"Large Above"
"370630001021",5.78808325608969,9.43107346229827,2.77660080020243,0.866389406006148,"Heat Contribution",8.56468405629212,0.866389406006148,9.43107346229827,3,9.43107346229827,"Small Above"
"370630001021",5.78808325608969,9.43107346229827,2.77660080020243,0.866389406006148,"CBG Attributable Rate",0,9.43107346229827,9.43107346229827,4,9.43107346229827,"CBG"
"370630002001",5.78808325608969,6.12874830008833,-0.12363670766192,0.464301751660551,"RT Summer Avg. Rate",0,5.78808325608969,5.78808325608969,1,5.78808325608969,"Average"
"370630002001",5.78808325608969,6.12874830008833,-0.12363670766192,0.464301751660551,"Health Contribution",5.78808325608969,-0.12363670766192,5.66444654842777,2,5.78808325608969,"Small Below"
"370630002001",5.78808325608969,6.12874830008833,-0.12363670766192,0.464301751660551,"Heat Contribution",5.66444654842777,0.464301751660551,6.12874830008832,3,6.12874830008832,"Small Above"
"370630002001",5.78808325608969,6.12874830008833,-0.12363670766192,0.464301751660551,"CBG Attributable Rate",0,6.12874830008833,6.12874830008833,4,6.12874830008833,"CBG"
"371830542042",5.78808325608969,4.8182206518928,-0.410299882788821,-0.559562721408077,"RT Summer Avg. Rate",0,5.78808325608969,5.78808325608969,1,5.78808325608969,"Average"
"371830542042",5.78808325608969,4.8182206518928,-0.410299882788821,-0.559562721408077,"Health Contribution",5.78808325608969,-0.410299882788821,5.37778337330087,2,5.78808325608969,"Small Below"
"371830542042",5.78808325608969,4.8182206518928,-0.410299882788821,-0.559562721408077,"Heat Contribution",5.37778337330087,-0.559562721408077,4.81822065189279,3,5.37778337330087,"Small Below"
"371830542042",5.78808325608969,4.8182206518928,-0.410299882788821,-0.559562721408077,"CBG Attributable Rate",0,4.8182206518928,4.8182206518928,4,4.8182206518928,"CBG"
"371830542041",5.78808325608969,4.18072331593296,-0.870891919880182,-0.736468020276554,"RT Summer Avg. Rate",0,5.78808325608969,5.78808325608969,1,5.78808325608969,"Average"
"371830542041",5.78808325608969,4.18072331593296,-0.870891919880182,-0.736468020276554,"Health Contribution",5.78808325608969,-0.870891919880182,4.91719133620951,2,5.78808325608969,"Small Below"
"371830542041",5.78808325608969,4.18072331593296,-0.870891919880182,-0.736468020276554,"Heat Contribution",4.91719133620951,-0.736468020276554,4.18072331593295,3,4.91719133620951,"Small Below"
"371830542041",5.78808325608969,4.18072331593296,-0.870891919880182,-0.736468020276554,"CBG Attributable Rate",0,4.18072331593296,4.18072331593296,4,4.18072331593296,"CBG"
"371830544032",5.78808325608969,4.91146374124177,-0.509789292868527,-0.366830221979396,"RT Summer Avg. Rate",0,5.78808325608969,5.78808325608969,1,5.78808325608969,"Average"
"371830544032",5.78808325608969,4.91146374124177,-0.509789292868527,-0.366830221979396,"Health Contribution",5.78808325608969,-0.509789292868527,5.27829396322116,2,5.78808325608969,"Small Below"
"371830544032",5.78808325608969,4.91146374124177,-0.509789292868527,-0.366830221979396,"Heat Contribution",5.27829396322116,-0.366830221979396,4.91146374124177,3,5.27829396322116,"Small Below"
"371830544032",5.78808325608969,4.91146374124177,-0.509789292868527,-0.366830221979396,"CBG Attributable Rate",0,4.91146374124177,4.91146374124177,4,4.91146374124177,"CBG"
"371830544042",5.78808325608969,6.17799379150737,0.48134398791322,-0.0914334524955398,"RT Summer Avg. Rate",0,5.78808325608969,5.78808325608969,1,5.78808325608969,"Average"
"371830544042",5.78808325608969,6.17799379150737,0.48134398791322,-0.0914334524955398,"Health Contribution",5.78808325608969,0.48134398791322,6.26942724400291,2,6.26942724400291,"Small Above"
"371830544042",5.78808325608969,6.17799379150737,0.48134398791322,-0.0914334524955398,"Heat Contribution",6.26942724400291,-0.0914334524955398,6.17799379150737,3,6.26942724400291,"Small Below"
"371830544042",5.78808325608969,6.17799379150737,0.48134398791322,-0.0914334524955398,"CBG Attributable Rate",0,6.17799379150737,6.17799379150737,4,6.17799379150737,"CBG"
"371830544033",5.78808325608969,6.76428254138759,1.36603521636824,-0.389835931070339,"RT Summer Avg. Rate",0,5.78808325608969,5.78808325608969,1,5.78808325608969,"Average"
"371830544033",5.78808325608969,6.76428254138759,1.36603521636824,-0.389835931070339,"Health Contribution",5.78808325608969,1.36603521636824,7.15411847245793,2,7.15411847245793,"Small Above"
"371830544033",5.78808325608969,6.76428254138759,1.36603521636824,-0.389835931070339,"Heat Contribution",7.15411847245793,-0.389835931070339,6.76428254138759,3,7.15411847245793,"Small Below"
"371830544033",5.78808325608969,6.76428254138759,1.36603521636824,-0.389835931070339,"CBG Attributable Rate",0,6.76428254138759,6.76428254138759,4,6.76428254138759,"CBG"
"371830541131",5.78808325608969,5.85933574173489,-0.378883327685076,0.450135813330274,"RT Summer Avg. Rate",0,5.78808325608969,5.78808325608969,1,5.78808325608969,"Average"
"371830541131",5.78808325608969,5.85933574173489,-0.378883327685076,0.450135813330274,"Health Contribution",5.78808325608969,-0.378883327685076,5.40919992840461,2,5.78808325608969,"Small Below"
"371830541131",5.78808325608969,5.85933574173489,-0.378883327685076,0.450135813330274,"Heat Contribution",5.40919992840461,0.450135813330274,5.85933574173489,3,5.85933574173489,"Small Above"
"371830541131",5.78808325608969,5.85933574173489,-0.378883327685076,0.450135813330274,"CBG Attributable Rate",0,5.85933574173489,5.85933574173489,4,5.85933574173489,"CBG"
"370630003021",5.78808325608969,3.69505304865466,-2.44728470761676,0.354254500181721,"RT Summer Avg. Rate",0,5.78808325608969,5.78808325608969,1,5.78808325608969,"Average"
"370630003021",5.78808325608969,3.69505304865466,-2.44728470761676,0.354254500181721,"Health Contribution",5.78808325608969,-2.44728470761676,3.34079854847293,2,5.78808325608969,"Large Below"
"370630003021",5.78808325608969,3.69505304865466,-2.44728470761676,0.354254500181721,"Heat Contribution",3.34079854847293,0.354254500181721,3.69505304865465,3,3.69505304865465,"Small Above"
"370630003021",5.78808325608969,3.69505304865466,-2.44728470761676,0.354254500181721,"CBG Attributable Rate",0,3.69505304865466,3.69505304865466,4,3.69505304865466,"CBG"
"370630003022",5.78808325608969,5.03136400430673,-1.24866257044187,0.491943318658909,"RT Summer Avg. Rate",0,5.78808325608969,5.78808325608969,1,5.78808325608969,"Average"
"370630003022",5.78808325608969,5.03136400430673,-1.24866257044187,0.491943318658909,"Health Contribution",5.78808325608969,-1.24866257044187,4.53942068564782,2,5.78808325608969,"Small Below"
"370630003022",5.78808325608969,5.03136400430673,-1.24866257044187,0.491943318658909,"Heat Contribution",4.53942068564782,0.491943318658909,5.03136400430673,3,5.03136400430673,"Small Above"
"370630003022",5.78808325608969,5.03136400430673,-1.24866257044187,0.491943318658909,"CBG Attributable Rate",0,5.03136400430673,5.03136400430673,4,5.03136400430673,"CBG"
"370630003023",5.78808325608969,5.06260150803528,-1.22532391628304,0.499842168228625,"RT Summer Avg. Rate",0,5.78808325608969,5.78808325608969,1,5.78808325608969,"Average"
"370630003023",5.78808325608969,5.06260150803528,-1.22532391628304,0.499842168228625,"Health Contribution",5.78808325608969,-1.22532391628304,4.56275933980665,2,5.78808325608969,"Small Below"
"370630003023",5.78808325608969,5.06260150803528,-1.22532391628304,0.499842168228625,"Heat Contribution",4.56275933980665,0.499842168228625,5.06260150803528,3,5.06260150803528,"Small Above"
"370630003023",5.78808325608969,5.06260150803528,-1.22532391628304,0.499842168228625,"CBG Attributable Rate",0,5.06260150803528,5.06260150803528,4,5.06260150803528,"CBG"
"370630004011",5.78808325608969,4.31250265467417,-1.69476393890418,0.219183337488655,"RT Summer Avg. Rate",0,5.78808325608969,5.78808325608969,1,5.78808325608969,"Average"
"370630004011",5.78808325608969,4.31250265467417,-1.69476393890418,0.219183337488655,"Health Contribution",5.78808325608969,-1.69476393890418,4.09331931718551,2,5.78808325608969,"Small Below"
"370630004011",5.78808325608969,4.31250265467417,-1.69476393890418,0.219183337488655,"Heat Contribution",4.09331931718551,0.219183337488655,4.31250265467416,3,4.31250265467416,"Small Above"
"370630004011",5.78808325608969,4.31250265467417,-1.69476393890418,0.219183337488655,"CBG Attributable Rate",0,4.31250265467417,4.31250265467417,4,4.31250265467417,"CBG"
"370630004012",5.78808325608969,3.53771528981645,-2.56386989084364,0.313501924570393,"RT Summer Avg. Rate",0,5.78808325608969,5.78808325608969,1,5.78808325608969,"Average"
"370630004012",5.78808325608969,3.53771528981645,-2.56386989084364,0.313501924570393,"Health Contribution",5.78808325608969,-2.56386989084364,3.22421336524605,2,5.78808325608969,"Large Below"
"370630004012",5.78808325608969,3.53771528981645,-2.56386989084364,0.313501924570393,"Heat Contribution",3.22421336524605,0.313501924570393,3.53771528981644,3,3.53771528981644,"Small Above"
"370630004012",5.78808325608969,3.53771528981645,-2.56386989084364,0.313501924570393,"CBG Attributable Rate",0,3.53771528981645,3.53771528981645,4,3.53771528981645,"CBG"
"370630004013",5.78808325608969,5.07260165381035,-1.01333467910578,0.297853076826436,"RT Summer Avg. Rate",0,5.78808325608969,5.78808325608969,1,5.78808325608969,"Average"
"370630004013",5.78808325608969,5.07260165381035,-1.01333467910578,0.297853076826436,"Health Contribution",5.78808325608969,-1.01333467910578,4.77474857698391,2,5.78808325608969,"Small Below"
"370630004013",5.78808325608969,5.07260165381035,-1.01333467910578,0.297853076826436,"Heat Contribution",4.77474857698391,0.297853076826436,5.07260165381035,3,5.07260165381035,"Small Above"
"370630004013",5.78808325608969,5.07260165381035,-1.01333467910578,0.297853076826436,"CBG Attributable Rate",0,5.07260165381035,5.07260165381035,4,5.07260165381035,"CBG"
"370630003011",5.78808325608969,7.36451175164466,0.819999213510052,0.756429282044918,"RT Summer Avg. Rate",0,5.78808325608969,5.78808325608969,1,5.78808325608969,"Average"
"370630003011",5.78808325608969,7.36451175164466,0.819999213510052,0.756429282044918,"Health Contribution",5.78808325608969,0.819999213510052,6.60808246959974,2,6.60808246959974,"Small Above"
"370630003011",5.78808325608969,7.36451175164466,0.819999213510052,0.756429282044918,"Heat Contribution",6.60808246959974,0.756429282044918,7.36451175164466,3,7.36451175164466,"Small Above"
"370630003011",5.78808325608969,7.36451175164466,0.819999213510052,0.756429282044918,"CBG Attributable Rate",0,7.36451175164466,7.36451175164466,4,7.36451175164466,"CBG"
"370630003013",5.78808325608969,4.65222685755108,-1.62352397395036,0.487667575411747,"RT Summer Avg. Rate",0,5.78808325608969,5.78808325608969,1,5.78808325608969,"Average"
"370630003013",5.78808325608969,4.65222685755108,-1.62352397395036,0.487667575411747,"Health Contribution",5.78808325608969,-1.62352397395036,4.16455928213933,2,5.78808325608969,"Small Below"
"370630003013",5.78808325608969,4.65222685755108,-1.62352397395036,0.487667575411747,"Heat Contribution",4.16455928213933,0.487667575411747,4.65222685755108,3,4.65222685755108,"Small Above"
"370630003013",5.78808325608969,4.65222685755108,-1.62352397395036,0.487667575411747,"CBG Attributable Rate",0,4.65222685755108,4.65222685755108,4,4.65222685755108,"CBG"
"370630004021",5.78808325608969,4.81350091497947,-1.43592097077596,0.461338629665735,"RT Summer Avg. Rate",0,5.78808325608969,5.78808325608969,1,5.78808325608969,"Average"
"370630004021",5.78808325608969,4.81350091497947,-1.43592097077596,0.461338629665735,"Health Contribution",5.78808325608969,-1.43592097077596,4.35216228531373,2,5.78808325608969,"Small Below"
"370630004021",5.78808325608969,4.81350091497947,-1.43592097077596,0.461338629665735,"Heat Contribution",4.35216228531373,0.461338629665735,4.81350091497946,3,4.81350091497946,"Small Above"
"370630004021",5.78808325608969,4.81350091497947,-1.43592097077596,0.461338629665735,"CBG Attributable Rate",0,4.81350091497947,4.81350091497947,4,4.81350091497947,"CBG"
"370630020073",5.78808325608969,4.66972518215686,-1.42085473643043,0.302496662497598,"RT Summer Avg. Rate",0,5.78808325608969,5.78808325608969,1,5.78808325608969,"Average"
"370630020073",5.78808325608969,4.66972518215686,-1.42085473643043,0.302496662497598,"Health Contribution",5.78808325608969,-1.42085473643043,4.36722851965926,2,5.78808325608969,"Small Below"
"370630020073",5.78808325608969,4.66972518215686,-1.42085473643043,0.302496662497598,"Heat Contribution",4.36722851965926,0.302496662497598,4.66972518215686,3,4.66972518215686,"Small Above"
"370630020073",5.78808325608969,4.66972518215686,-1.42085473643043,0.302496662497598,"CBG Attributable Rate",0,4.66972518215686,4.66972518215686,4,4.66972518215686,"CBG"
"370630020091",5.78808325608969,9.59004146703184,3.67585706966354,0.126101141278604,"RT Summer Avg. Rate",0,5.78808325608969,5.78808325608969,1,5.78808325608969,"Average"
"370630020091",5.78808325608969,9.59004146703184,3.67585706966354,0.126101141278604,"Health Contribution",5.78808325608969,3.67585706966354,9.46394032575323,2,9.46394032575323,"Large Above"
"370630020091",5.78808325608969,9.59004146703184,3.67585706966354,0.126101141278604,"Heat Contribution",9.46394032575323,0.126101141278604,9.59004146703183,3,9.59004146703183,"Small Above"
"370630020091",5.78808325608969,9.59004146703184,3.67585706966354,0.126101141278604,"CBG Attributable Rate",0,9.59004146703184,9.59004146703184,4,9.59004146703184,"CBG"
"370630020092",5.78808325608969,9.51591794112389,3.49931196853798,0.228522716496217,"RT Summer Avg. Rate",0,5.78808325608969,5.78808325608969,1,5.78808325608969,"Average"
"370630020092",5.78808325608969,9.51591794112389,3.49931196853798,0.228522716496217,"Health Contribution",5.78808325608969,3.49931196853798,9.28739522462767,2,9.28739522462767,"Large Above"
"370630020092",5.78808325608969,9.51591794112389,3.49931196853798,0.228522716496217,"Heat Contribution",9.28739522462767,0.228522716496217,9.51591794112389,3,9.51591794112389,"Small Above"
"370630020092",5.78808325608969,9.51591794112389,3.49931196853798,0.228522716496217,"CBG Attributable Rate",0,9.51591794112389,9.51591794112389,4,9.51591794112389,"CBG"
"370630020093",5.78808325608969,11.2789512155225,5.0773110223494,0.413556937083372,"RT Summer Avg. Rate",0,5.78808325608969,5.78808325608969,1,5.78808325608969,"Average"
"370630020093",5.78808325608969,11.2789512155225,5.0773110223494,0.413556937083372,"Health Contribution",5.78808325608969,5.0773110223494,10.8653942784391,2,10.8653942784391,"Large Above"
"370630020093",5.78808325608969,11.2789512155225,5.0773110223494,0.413556937083372,"Heat Contribution",10.8653942784391,0.413556937083372,11.2789512155225,3,11.2789512155225,"Small Above"
"370630020093",5.78808325608969,11.2789512155225,5.0773110223494,0.413556937083372,"CBG Attributable Rate",0,11.2789512155225,11.2789512155225,4,11.2789512155225,"CBG"
"370630010013",5.78808325608969,13.5688365617124,5.97799142835722,1.8027618772655,"RT Summer Avg. Rate",0,5.78808325608969,5.78808325608969,1,5.78808325608969,"Average"
"370630010013",5.78808325608969,13.5688365617124,5.97799142835722,1.8027618772655,"Health Contribution",5.78808325608969,5.97799142835722,11.7660746844469,2,11.7660746844469,"Large Above"
"370630010013",5.78808325608969,13.5688365617124,5.97799142835722,1.8027618772655,"Heat Contribution",11.7660746844469,1.8027618772655,13.5688365617124,3,13.5688365617124,"Small Above"
"370630010013",5.78808325608969,13.5688365617124,5.97799142835722,1.8027618772655,"CBG Attributable Rate",0,13.5688365617124,13.5688365617124,4,13.5688365617124,"CBG"
"371830535201",5.78808325608969,4.30633315686572,-1.48401445240413,0.00226435318014953,"RT Summer Avg. Rate",0,5.78808325608969,5.78808325608969,1,5.78808325608969,"Average"
"371830535201",5.78808325608969,4.30633315686572,-1.48401445240413,0.00226435318014953,"Health Contribution",5.78808325608969,-1.48401445240413,4.30406880368556,2,5.78808325608969,"Small Below"
"371830535201",5.78808325608969,4.30633315686572,-1.48401445240413,0.00226435318014953,"Heat Contribution",4.30406880368556,0.00226435318014953,4.30633315686571,3,4.30633315686571,"Small Above"
"371830535201",5.78808325608969,4.30633315686572,-1.48401445240413,0.00226435318014953,"CBG Attributable Rate",0,4.30633315686572,4.30633315686572,4,4.30633315686572,"CBG"
"371830535202",5.78808325608969,3.95245755378513,-1.59944191635199,-0.236183785952581,"RT Summer Avg. Rate",0,5.78808325608969,5.78808325608969,1,5.78808325608969,"Average"
"371830535202",5.78808325608969,3.95245755378513,-1.59944191635199,-0.236183785952581,"Health Contribution",5.78808325608969,-1.59944191635199,4.1886413397377,2,5.78808325608969,"Small Below"
"371830535202",5.78808325608969,3.95245755378513,-1.59944191635199,-0.236183785952581,"Heat Contribution",4.1886413397377,-0.236183785952581,3.95245755378512,3,4.1886413397377,"Small Below"
"371830535202",5.78808325608969,3.95245755378513,-1.59944191635199,-0.236183785952581,"CBG Attributable Rate",0,3.95245755378513,3.95245755378513,4,3.95245755378513,"CBG"
"371830535123",5.78808325608969,3.83764996908105,-1.84779242994255,-0.102640857066091,"RT Summer Avg. Rate",0,5.78808325608969,5.78808325608969,1,5.78808325608969,"Average"
"371830535123",5.78808325608969,3.83764996908105,-1.84779242994255,-0.102640857066091,"Health Contribution",5.78808325608969,-1.84779242994255,3.94029082614714,2,5.78808325608969,"Small Below"
"371830535123",5.78808325608969,3.83764996908105,-1.84779242994255,-0.102640857066091,"Heat Contribution",3.94029082614714,-0.102640857066091,3.83764996908105,3,3.94029082614714,"Small Below"
"371830535123",5.78808325608969,3.83764996908105,-1.84779242994255,-0.102640857066091,"CBG Attributable Rate",0,3.83764996908105,3.83764996908105,4,3.83764996908105,"CBG"
"371830535131",5.78808325608969,4.52894972062883,-1.32196112279044,0.06282758732957,"RT Summer Avg. Rate",0,5.78808325608969,5.78808325608969,1,5.78808325608969,"Average"
"371830535131",5.78808325608969,4.52894972062883,-1.32196112279044,0.06282758732957,"Health Contribution",5.78808325608969,-1.32196112279044,4.46612213329925,2,5.78808325608969,"Small Below"
"371830535131",5.78808325608969,4.52894972062883,-1.32196112279044,0.06282758732957,"Heat Contribution",4.46612213329925,0.06282758732957,4.52894972062882,3,4.52894972062882,"Small Above"
"371830535131",5.78808325608969,4.52894972062883,-1.32196112279044,0.06282758732957,"CBG Attributable Rate",0,4.52894972062883,4.52894972062883,4,4.52894972062883,"CBG"
"371830525041",5.78808325608969,6.39002082366069,0.509210223754246,0.0927273438167497,"RT Summer Avg. Rate",0,5.78808325608969,5.78808325608969,1,5.78808325608969,"Average"
"371830525041",5.78808325608969,6.39002082366069,0.509210223754246,0.0927273438167497,"Health Contribution",5.78808325608969,0.509210223754246,6.29729347984394,2,6.29729347984394,"Small Above"
"371830525041",5.78808325608969,6.39002082366069,0.509210223754246,0.0927273438167497,"Heat Contribution",6.29729347984394,0.0927273438167497,6.39002082366069,3,6.39002082366069,"Small Above"
"371830525041",5.78808325608969,6.39002082366069,0.509210223754246,0.0927273438167497,"CBG Attributable Rate",0,6.39002082366069,6.39002082366069,4,6.39002082366069,"CBG"
"371830526012",5.78808325608969,6.03792356698267,-0.52556176006347,0.775402070956446,"RT Summer Avg. Rate",0,5.78808325608969,5.78808325608969,1,5.78808325608969,"Average"
"371830526012",5.78808325608969,6.03792356698267,-0.52556176006347,0.775402070956446,"Health Contribution",5.78808325608969,-0.52556176006347,5.26252149602622,2,5.78808325608969,"Small Below"
"371830526012",5.78808325608969,6.03792356698267,-0.52556176006347,0.775402070956446,"Heat Contribution",5.26252149602622,0.775402070956446,6.03792356698267,3,6.03792356698267,"Small Above"
"371830526012",5.78808325608969,6.03792356698267,-0.52556176006347,0.775402070956446,"CBG Attributable Rate",0,6.03792356698267,6.03792356698267,4,6.03792356698267,"CBG"
"371830526021",5.78808325608969,5.95622036530297,-0.698042619380402,0.866179728593677,"RT Summer Avg. Rate",0,5.78808325608969,5.78808325608969,1,5.78808325608969,"Average"
"371830526021",5.78808325608969,5.95622036530297,-0.698042619380402,0.866179728593677,"Health Contribution",5.78808325608969,-0.698042619380402,5.09004063670929,2,5.78808325608969,"Small Below"
"371830526021",5.78808325608969,5.95622036530297,-0.698042619380402,0.866179728593677,"Heat Contribution",5.09004063670929,0.866179728593677,5.95622036530296,3,5.95622036530296,"Small Above"
"371830526021",5.78808325608969,5.95622036530297,-0.698042619380402,0.866179728593677,"CBG Attributable Rate",0,5.95622036530297,5.95622036530297,4,5.95622036530297,"CBG"
"371050306011",5.78808325608969,6.09776872336062,0.201448419147655,0.108237048123266,"RT Summer Avg. Rate",0,5.78808325608969,5.78808325608969,1,5.78808325608969,"Average"
"371050306011",5.78808325608969,6.09776872336062,0.201448419147655,0.108237048123266,"Health Contribution",5.78808325608969,0.201448419147655,5.98953167523735,2,5.98953167523735,"Small Above"
"371050306011",5.78808325608969,6.09776872336062,0.201448419147655,0.108237048123266,"Heat Contribution",5.98953167523735,0.108237048123266,6.09776872336061,3,6.09776872336061,"Small Above"
"371050306011",5.78808325608969,6.09776872336062,0.201448419147655,0.108237048123266,"CBG Attributable Rate",0,6.09776872336062,6.09776872336062,4,6.09776872336062,"CBG"
"371050302002",5.78808325608969,10.5819781904413,3.20352194158591,1.59037299276566,"RT Summer Avg. Rate",0,5.78808325608969,5.78808325608969,1,5.78808325608969,"Average"
"371050302002",5.78808325608969,10.5819781904413,3.20352194158591,1.59037299276566,"Health Contribution",5.78808325608969,3.20352194158591,8.9916051976756,2,8.9916051976756,"Large Above"
"371050302002",5.78808325608969,10.5819781904413,3.20352194158591,1.59037299276566,"Heat Contribution",8.9916051976756,1.59037299276566,10.5819781904413,3,10.5819781904413,"Small Above"
"371050302002",5.78808325608969,10.5819781904413,3.20352194158591,1.59037299276566,"CBG Attributable Rate",0,10.5819781904413,10.5819781904413,4,10.5819781904413,"CBG"
"371050306021",5.78808325608969,5.97741107379859,0.364700655393705,-0.175372837684809,"RT Summer Avg. Rate",0,5.78808325608969,5.78808325608969,1,5.78808325608969,"Average"
"371050306021",5.78808325608969,5.97741107379859,0.364700655393705,-0.175372837684809,"Health Contribution",5.78808325608969,0.364700655393705,6.15278391148339,2,6.15278391148339,"Small Above"
"371050306021",5.78808325608969,5.97741107379859,0.364700655393705,-0.175372837684809,"Heat Contribution",6.15278391148339,-0.175372837684809,5.97741107379859,3,6.15278391148339,"Small Below"
"371050306021",5.78808325608969,5.97741107379859,0.364700655393705,-0.175372837684809,"CBG Attributable Rate",0,5.97741107379859,5.97741107379859,4,5.97741107379859,"CBG"
"370630006002",5.78808325608969,6.68565459751125,0.978480245028604,-0.080908903607046,"RT Summer Avg. Rate",0,5.78808325608969,5.78808325608969,1,5.78808325608969,"Average"
"370630006002",5.78808325608969,6.68565459751125,0.978480245028604,-0.080908903607046,"Health Contribution",5.78808325608969,0.978480245028604,6.76656350111829,2,6.76656350111829,"Small Above"
"370630006002",5.78808325608969,6.68565459751125,0.978480245028604,-0.080908903607046,"Heat Contribution",6.76656350111829,-0.080908903607046,6.68565459751125,3,6.76656350111829,"Small Below"
"370630006002",5.78808325608969,6.68565459751125,0.978480245028604,-0.080908903607046,"CBG Attributable Rate",0,6.68565459751125,6.68565459751125,4,6.68565459751125,"CBG"
"370630007001",5.78808325608969,6.97470960730559,0.637647323594007,0.548979027621887,"RT Summer Avg. Rate",0,5.78808325608969,5.78808325608969,1,5.78808325608969,"Average"
"370630007001",5.78808325608969,6.97470960730559,0.637647323594007,0.548979027621887,"Health Contribution",5.78808325608969,0.637647323594007,6.4257305796837,2,6.4257305796837,"Small Above"
"370630007001",5.78808325608969,6.97470960730559,0.637647323594007,0.548979027621887,"Heat Contribution",6.4257305796837,0.548979027621887,6.97470960730558,3,6.97470960730558,"Small Above"
"370630007001",5.78808325608969,6.97470960730559,0.637647323594007,0.548979027621887,"CBG Attributable Rate",0,6.97470960730559,6.97470960730559,4,6.97470960730559,"CBG"
"370630007002",5.78808325608969,3.82573087412337,-2.22488458532244,0.262532203356119,"RT Summer Avg. Rate",0,5.78808325608969,5.78808325608969,1,5.78808325608969,"Average"
"370630007002",5.78808325608969,3.82573087412337,-2.22488458532244,0.262532203356119,"Health Contribution",5.78808325608969,-2.22488458532244,3.56319867076725,2,5.78808325608969,"Large Below"
"370630007002",5.78808325608969,3.82573087412337,-2.22488458532244,0.262532203356119,"Heat Contribution",3.56319867076725,0.262532203356119,3.82573087412337,3,3.82573087412337,"Small Above"
"370630007002",5.78808325608969,3.82573087412337,-2.22488458532244,0.262532203356119,"CBG Attributable Rate",0,3.82573087412337,3.82573087412337,4,3.82573087412337,"CBG"
"370630007003",5.78808325608969,5.02144632291972,-1.09393544412165,0.32729851095167,"RT Summer Avg. Rate",0,5.78808325608969,5.78808325608969,1,5.78808325608969,"Average"
"370630007003",5.78808325608969,5.02144632291972,-1.09393544412165,0.32729851095167,"Health Contribution",5.78808325608969,-1.09393544412165,4.69414781196804,2,5.78808325608969,"Small Below"
"370630007003",5.78808325608969,5.02144632291972,-1.09393544412165,0.32729851095167,"Heat Contribution",4.69414781196804,0.32729851095167,5.02144632291971,3,5.02144632291971,"Small Above"
"370630007003",5.78808325608969,5.02144632291972,-1.09393544412165,0.32729851095167,"CBG Attributable Rate",0,5.02144632291972,5.02144632291972,4,5.02144632291972,"CBG"
"370779705001",5.78808325608969,5.41909871621656,1.86079061892838,-2.22977515880152,"RT Summer Avg. Rate",0,5.78808325608969,5.78808325608969,1,5.78808325608969,"Average"
"370779705001",5.78808325608969,5.41909871621656,1.86079061892838,-2.22977515880152,"Health Contribution",5.78808325608969,1.86079061892838,7.64887387501807,2,7.64887387501807,"Small Above"
"370779705001",5.78808325608969,5.41909871621656,1.86079061892838,-2.22977515880152,"Heat Contribution",7.64887387501807,-2.22977515880152,5.41909871621655,3,7.64887387501807,"Large Below"
"370779705001",5.78808325608969,5.41909871621656,1.86079061892838,-2.22977515880152,"CBG Attributable Rate",0,5.41909871621656,5.41909871621656,4,5.41909871621656,"CBG"
"370779702003",5.7880832560897,5.29417679261383,3.02865783886576,-3.52256430234163,"RT Summer Avg. Rate",0,5.7880832560897,5.7880832560897,1,5.7880832560897,"Average"
"370779702003",5.7880832560897,5.29417679261383,3.02865783886576,-3.52256430234163,"Health Contribution",5.7880832560897,3.02865783886576,8.81674109495546,2,8.81674109495546,"Large Above"
"370779702003",5.7880832560897,5.29417679261383,3.02865783886576,-3.52256430234163,"Heat Contribution",8.81674109495546,-3.52256430234163,5.29417679261383,3,8.81674109495546,"Large Below"
"370779702003",5.7880832560897,5.29417679261383,3.02865783886576,-3.52256430234163,"CBG Attributable Rate",0,5.29417679261383,5.29417679261383,4,5.29417679261383,"CBG"
"370779705002",5.78808325608969,4.87273721148982,0.702345668744099,-1.61769171334398,"RT Summer Avg. Rate",0,5.78808325608969,5.78808325608969,1,5.78808325608969,"Average"
"370779705002",5.78808325608969,4.87273721148982,0.702345668744099,-1.61769171334398,"Health Contribution",5.78808325608969,0.702345668744099,6.49042892483379,2,6.49042892483379,"Small Above"
"370779705002",5.78808325608969,4.87273721148982,0.702345668744099,-1.61769171334398,"Heat Contribution",6.49042892483379,-1.61769171334398,4.87273721148981,3,6.49042892483379,"Small Below"
"370779705002",5.78808325608969,4.87273721148982,0.702345668744099,-1.61769171334398,"CBG Attributable Rate",0,4.87273721148982,4.87273721148982,4,4.87273721148982,"CBG"
"371459205002",5.78808325608969,3.67744524330679,0.510906218982531,-2.62154423176543,"RT Summer Avg. Rate",0,5.78808325608969,5.78808325608969,1,5.78808325608969,"Average"
"371459205002",5.78808325608969,3.67744524330679,0.510906218982531,-2.62154423176543,"Health Contribution",5.78808325608969,0.510906218982531,6.29898947507222,2,6.29898947507222,"Small Above"
"371459205002",5.78808325608969,3.67744524330679,0.510906218982531,-2.62154423176543,"Heat Contribution",6.29898947507222,-2.62154423176543,3.67744524330679,3,6.29898947507222,"Large Below"
"371459205002",5.78808325608969,3.67744524330679,0.510906218982531,-2.62154423176543,"CBG Attributable Rate",0,3.67744524330679,3.67744524330679,4,3.67744524330679,"CBG"
"371459206022",5.78808325608969,3.89093707318937,0.986616059786694,-2.88376224268702,"RT Summer Avg. Rate",0,5.78808325608969,5.78808325608969,1,5.78808325608969,"Average"
"371459206022",5.78808325608969,3.89093707318937,0.986616059786694,-2.88376224268702,"Health Contribution",5.78808325608969,0.986616059786694,6.77469931587638,2,6.77469931587638,"Small Above"
"371459206022",5.78808325608969,3.89093707318937,0.986616059786694,-2.88376224268702,"Heat Contribution",6.77469931587638,-2.88376224268702,3.89093707318936,3,6.77469931587638,"Large Below"
"371459206022",5.78808325608969,3.89093707318937,0.986616059786694,-2.88376224268702,"CBG Attributable Rate",0,3.89093707318937,3.89093707318937,4,3.89093707318937,"CBG"
"371459204001",5.78808325608969,4.51646584348029,3.62466129513621,-4.89627870774562,"RT Summer Avg. Rate",0,5.78808325608969,5.78808325608969,1,5.78808325608969,"Average"
"371459204001",5.78808325608969,4.51646584348029,3.62466129513621,-4.89627870774562,"Health Contribution",5.78808325608969,3.62466129513621,9.4127445512259,2,9.4127445512259,"Large Above"
"371459204001",5.78808325608969,4.51646584348029,3.62466129513621,-4.89627870774562,"Heat Contribution",9.4127445512259,-4.89627870774562,4.51646584348028,3,9.4127445512259,"Large Below"
"371459204001",5.78808325608969,4.51646584348029,3.62466129513621,-4.89627870774562,"CBG Attributable Rate",0,4.51646584348029,4.51646584348029,4,4.51646584348029,"CBG"
"371459204002",5.78808325608969,3.58687574582806,2.04351839342884,-4.24472590369048,"RT Summer Avg. Rate",0,5.78808325608969,5.78808325608969,1,5.78808325608969,"Average"
"371459204002",5.78808325608969,3.58687574582806,2.04351839342884,-4.24472590369048,"Health Contribution",5.78808325608969,2.04351839342884,7.83160164951853,2,7.83160164951853,"Large Above"
"371459204002",5.78808325608969,3.58687574582806,2.04351839342884,-4.24472590369048,"Heat Contribution",7.83160164951853,-4.24472590369048,3.58687574582805,3,7.83160164951853,"Large Below"
"371459204002",5.78808325608969,3.58687574582806,2.04351839342884,-4.24472590369048,"CBG Attributable Rate",0,3.58687574582806,3.58687574582806,4,3.58687574582806,"CBG"
"371459205003",5.78808325608969,3.63150618141369,0.9496442375588,-3.10622131223481,"RT Summer Avg. Rate",0,5.78808325608969,5.78808325608969,1,5.78808325608969,"Average"
"371459205003",5.78808325608969,3.63150618141369,0.9496442375588,-3.10622131223481,"Health Contribution",5.78808325608969,0.9496442375588,6.73772749364849,2,6.73772749364849,"Small Above"
"371459205003",5.78808325608969,3.63150618141369,0.9496442375588,-3.10622131223481,"Heat Contribution",6.73772749364849,-3.10622131223481,3.63150618141368,3,6.73772749364849,"Large Below"
"371459205003",5.78808325608969,3.63150618141369,0.9496442375588,-3.10622131223481,"CBG Attributable Rate",0,3.63150618141369,3.63150618141369,4,3.63150618141369,"CBG"
"371459206012",5.78808325608969,4.65280242795034,3.45591602141373,-4.59119684955308,"RT Summer Avg. Rate",0,5.78808325608969,5.78808325608969,1,5.78808325608969,"Average"
"371459206012",5.78808325608969,4.65280242795034,3.45591602141373,-4.59119684955308,"Health Contribution",5.78808325608969,3.45591602141373,9.24399927750342,2,9.24399927750342,"Large Above"
"371459206012",5.78808325608969,4.65280242795034,3.45591602141373,-4.59119684955308,"Heat Contribution",9.24399927750342,-4.59119684955308,4.65280242795034,3,9.24399927750342,"Large Below"
"371459206012",5.78808325608969,4.65280242795034,3.45591602141373,-4.59119684955308,"CBG Attributable Rate",0,4.65280242795034,4.65280242795034,4,4.65280242795034,"CBG"
"371830523071",5.78808325608969,4.00917568490964,-1.85789883795678,0.0789912667767246,"RT Summer Avg. Rate",0,5.78808325608969,5.78808325608969,1,5.78808325608969,"Average"
"371830523071",5.78808325608969,4.00917568490964,-1.85789883795678,0.0789912667767246,"Health Contribution",5.78808325608969,-1.85789883795678,3.93018441813291,2,5.78808325608969,"Small Below"
"371830523071",5.78808325608969,4.00917568490964,-1.85789883795678,0.0789912667767246,"Heat Contribution",3.93018441813291,0.0789912667767246,4.00917568490963,3,4.00917568490963,"Small Above"
"371830523071",5.78808325608969,4.00917568490964,-1.85789883795678,0.0789912667767246,"CBG Attributable Rate",0,4.00917568490964,4.00917568490964,4,4.00917568490964,"CBG"
"371830516002",5.78808325608969,3.50601693742777,-2.777223874448,0.495157555786073,"RT Summer Avg. Rate",0,5.78808325608969,5.78808325608969,1,5.78808325608969,"Average"
"371830516002",5.78808325608969,3.50601693742777,-2.777223874448,0.495157555786073,"Health Contribution",5.78808325608969,-2.777223874448,3.01085938164169,2,5.78808325608969,"Large Below"
"371830516002",5.78808325608969,3.50601693742777,-2.777223874448,0.495157555786073,"Heat Contribution",3.01085938164169,0.495157555786073,3.50601693742776,3,3.50601693742776,"Small Above"
"371830516002",5.78808325608969,3.50601693742777,-2.777223874448,0.495157555786073,"CBG Attributable Rate",0,3.50601693742777,3.50601693742777,4,3.50601693742777,"CBG"
"371830540221",5.78808325608969,8.20746418752426,1.09034935999966,1.3290315714349,"RT Summer Avg. Rate",0,5.78808325608969,5.78808325608969,1,5.78808325608969,"Average"
"371830540221",5.78808325608969,8.20746418752426,1.09034935999966,1.3290315714349,"Health Contribution",5.78808325608969,1.09034935999966,6.87843261608935,2,6.87843261608935,"Small Above"
"371830540221",5.78808325608969,8.20746418752426,1.09034935999966,1.3290315714349,"Heat Contribution",6.87843261608935,1.3290315714349,8.20746418752425,3,8.20746418752425,"Small Above"
"371830540221",5.78808325608969,8.20746418752426,1.09034935999966,1.3290315714349,"CBG Attributable Rate",0,8.20746418752426,8.20746418752426,4,8.20746418752426,"CBG"
"371830542131",5.78808325608969,5.46854568445023,-0.615601492650945,0.296063921011477,"RT Summer Avg. Rate",0,5.78808325608969,5.78808325608969,1,5.78808325608969,"Average"
"371830542131",5.78808325608969,5.46854568445023,-0.615601492650945,0.296063921011477,"Health Contribution",5.78808325608969,-0.615601492650945,5.17248176343875,2,5.78808325608969,"Small Below"
"371830542131",5.78808325608969,5.46854568445023,-0.615601492650945,0.296063921011477,"Heat Contribution",5.17248176343875,0.296063921011477,5.46854568445022,3,5.46854568445022,"Small Above"
"371830542131",5.78808325608969,5.46854568445023,-0.615601492650945,0.296063921011477,"CBG Attributable Rate",0,5.46854568445023,5.46854568445023,4,5.46854568445023,"CBG"
"371830524101",5.78808325608969,5.22272780232982,-0.674248573378978,0.108893119619103,"RT Summer Avg. Rate",0,5.78808325608969,5.78808325608969,1,5.78808325608969,"Average"
"371830524101",5.78808325608969,5.22272780232982,-0.674248573378978,0.108893119619103,"Health Contribution",5.78808325608969,-0.674248573378978,5.11383468271071,2,5.78808325608969,"Small Below"
"371830524101",5.78808325608969,5.22272780232982,-0.674248573378978,0.108893119619103,"Heat Contribution",5.11383468271071,0.108893119619103,5.22272780232981,3,5.22272780232981,"Small Above"
"371830524101",5.78808325608969,5.22272780232982,-0.674248573378978,0.108893119619103,"CBG Attributable Rate",0,5.22272780232982,5.22272780232982,4,5.22272780232982,"CBG"
"371830523074",5.78808325608969,5.46450743597665,-0.858089658834961,0.534513838721919,"RT Summer Avg. Rate",0,5.78808325608969,5.78808325608969,1,5.78808325608969,"Average"
"371830523074",5.78808325608969,5.46450743597665,-0.858089658834961,0.534513838721919,"Health Contribution",5.78808325608969,-0.858089658834961,4.92999359725473,2,5.78808325608969,"Small Below"
"371830523074",5.78808325608969,5.46450743597665,-0.858089658834961,0.534513838721919,"Heat Contribution",4.92999359725473,0.534513838721919,5.46450743597665,3,5.46450743597665,"Small Above"
"371830523074",5.78808325608969,5.46450743597665,-0.858089658834961,0.534513838721919,"CBG Attributable Rate",0,5.46450743597665,5.46450743597665,4,5.46450743597665,"CBG"
"371830516005",5.78808325608969,3.52520538409796,-2.64126246119165,0.37838458919992,"RT Summer Avg. Rate",0,5.78808325608969,5.78808325608969,1,5.78808325608969,"Average"
"371830516005",5.78808325608969,3.52520538409796,-2.64126246119165,0.37838458919992,"Health Contribution",5.78808325608969,-2.64126246119165,3.14682079489804,2,5.78808325608969,"Large Below"
"371830516005",5.78808325608969,3.52520538409796,-2.64126246119165,0.37838458919992,"Heat Contribution",3.14682079489804,0.37838458919992,3.52520538409796,3,3.52520538409796,"Small Above"
"371830516005",5.78808325608969,3.52520538409796,-2.64126246119165,0.37838458919992,"CBG Attributable Rate",0,3.52520538409796,3.52520538409796,4,3.52520538409796,"CBG"
"371830537301",5.78808325608969,5.48803404584064,-0.68183989318734,0.381790682938286,"RT Summer Avg. Rate",0,5.78808325608969,5.78808325608969,1,5.78808325608969,"Average"
"371830537301",5.78808325608969,5.48803404584064,-0.68183989318734,0.381790682938286,"Health Contribution",5.78808325608969,-0.68183989318734,5.10624336290235,2,5.78808325608969,"Small Below"
"371830537301",5.78808325608969,5.48803404584064,-0.68183989318734,0.381790682938286,"Heat Contribution",5.10624336290235,0.381790682938286,5.48803404584064,3,5.48803404584064,"Small Above"
"371830537301",5.78808325608969,5.48803404584064,-0.68183989318734,0.381790682938286,"CBG Attributable Rate",0,5.48803404584064,5.48803404584064,4,5.48803404584064,"CBG"
"371830523072",5.78808325608969,5.340140566089,-0.909981615326824,0.462038925326132,"RT Summer Avg. Rate",0,5.78808325608969,5.78808325608969,1,5.78808325608969,"Average"
"371830523072",5.78808325608969,5.340140566089,-0.909981615326824,0.462038925326132,"Health Contribution",5.78808325608969,-0.909981615326824,4.87810164076287,2,5.78808325608969,"Small Below"
"371830523072",5.78808325608969,5.340140566089,-0.909981615326824,0.462038925326132,"Heat Contribution",4.87810164076287,0.462038925326132,5.340140566089,3,5.340140566089,"Small Above"
"371830523072",5.78808325608969,5.340140566089,-0.909981615326824,0.462038925326132,"CBG Attributable Rate",0,5.340140566089,5.340140566089,4,5.340140566089,"CBG"
"371830528162",5.78808325608969,5.70906786798887,-1.01533844764079,0.93632305953997,"RT Summer Avg. Rate",0,5.78808325608969,5.78808325608969,1,5.78808325608969,"Average"
"371830528162",5.78808325608969,5.70906786798887,-1.01533844764079,0.93632305953997,"Health Contribution",5.78808325608969,-1.01533844764079,4.7727448084489,2,5.78808325608969,"Small Below"
"371830528162",5.78808325608969,5.70906786798887,-1.01533844764079,0.93632305953997,"Heat Contribution",4.7727448084489,0.93632305953997,5.70906786798887,3,5.70906786798887,"Small Above"
"371830528162",5.78808325608969,5.70906786798887,-1.01533844764079,0.93632305953997,"CBG Attributable Rate",0,5.70906786798887,5.70906786798887,4,5.70906786798887,"CBG"
"371830541212",5.78808325608969,5.42681110824002,-0.923314863143652,0.562042715293978,"RT Summer Avg. Rate",0,5.78808325608969,5.78808325608969,1,5.78808325608969,"Average"
"371830541212",5.78808325608969,5.42681110824002,-0.923314863143652,0.562042715293978,"Health Contribution",5.78808325608969,-0.923314863143652,4.86476839294604,2,5.78808325608969,"Small Below"
"371830541212",5.78808325608969,5.42681110824002,-0.923314863143652,0.562042715293978,"Heat Contribution",4.86476839294604,0.562042715293978,5.42681110824002,3,5.42681110824002,"Small Above"
"371830541212",5.78808325608969,5.42681110824002,-0.923314863143652,0.562042715293978,"CBG Attributable Rate",0,5.42681110824002,5.42681110824002,4,5.42681110824002,"CBG"
"371830541201",5.7880832560897,6.11900389448281,0.130546124823403,0.200374513569714,"RT Summer Avg. Rate",0,5.7880832560897,5.7880832560897,1,5.7880832560897,"Average"
"371830541201",5.7880832560897,6.11900389448281,0.130546124823403,0.200374513569714,"Health Contribution",5.7880832560897,0.130546124823403,5.9186293809131,2,5.9186293809131,"Small Above"
"371830541201",5.7880832560897,6.11900389448281,0.130546124823403,0.200374513569714,"Heat Contribution",5.9186293809131,0.200374513569714,6.11900389448282,3,6.11900389448282,"Small Above"
"371830541201",5.7880832560897,6.11900389448281,0.130546124823403,0.200374513569714,"CBG Attributable Rate",0,6.11900389448281,6.11900389448281,4,6.11900389448281,"CBG"
"371830536114",5.78808325608969,5.60407673164908,-1.05636970260249,0.872363178161871,"RT Summer Avg. Rate",0,5.78808325608969,5.78808325608969,1,5.78808325608969,"Average"
"371830536114",5.78808325608969,5.60407673164908,-1.05636970260249,0.872363178161871,"Health Contribution",5.78808325608969,-1.05636970260249,4.7317135534872,2,5.78808325608969,"Small Below"
"371830536114",5.78808325608969,5.60407673164908,-1.05636970260249,0.872363178161871,"Heat Contribution",4.7317135534872,0.872363178161871,5.60407673164907,3,5.60407673164907,"Small Above"
"371830536114",5.78808325608969,5.60407673164908,-1.05636970260249,0.872363178161871,"CBG Attributable Rate",0,5.60407673164908,5.60407673164908,4,5.60407673164908,"CBG"
"371830541181",5.78808325608969,6.32145117637585,-0.595303412130344,1.1286713324165,"RT Summer Avg. Rate",0,5.78808325608969,5.78808325608969,1,5.78808325608969,"Average"
"371830541181",5.78808325608969,6.32145117637585,-0.595303412130344,1.1286713324165,"Health Contribution",5.78808325608969,-0.595303412130344,5.19277984395935,2,5.78808325608969,"Small Below"
"371830541181",5.78808325608969,6.32145117637585,-0.595303412130344,1.1286713324165,"Heat Contribution",5.19277984395935,1.1286713324165,6.32145117637585,3,6.32145117637585,"Small Above"
"371830541181",5.78808325608969,6.32145117637585,-0.595303412130344,1.1286713324165,"CBG Attributable Rate",0,6.32145117637585,6.32145117637585,4,6.32145117637585,"CBG"
"371830528152",5.78808325608969,8.02756713046877,1.61998772507432,0.619496149304763,"RT Summer Avg. Rate",0,5.78808325608969,5.78808325608969,1,5.78808325608969,"Average"
"371830528152",5.78808325608969,8.02756713046877,1.61998772507432,0.619496149304763,"Health Contribution",5.78808325608969,1.61998772507432,7.40807098116401,2,7.40807098116401,"Small Above"
"371830528152",5.78808325608969,8.02756713046877,1.61998772507432,0.619496149304763,"Heat Contribution",7.40807098116401,0.619496149304763,8.02756713046877,3,8.02756713046877,"Small Above"
"371830528152",5.78808325608969,8.02756713046877,1.61998772507432,0.619496149304763,"CBG Attributable Rate",0,8.02756713046877,8.02756713046877,4,8.02756713046877,"CBG"
"371830541182",5.78808325608969,6.04523417658279,-0.79155757256704,1.04870849306014,"RT Summer Avg. Rate",0,5.78808325608969,5.78808325608969,1,5.78808325608969,"Average"
"371830541182",5.78808325608969,6.04523417658279,-0.79155757256704,1.04870849306014,"Health Contribution",5.78808325608969,-0.79155757256704,4.99652568352265,2,5.78808325608969,"Small Below"
"371830541182",5.78808325608969,6.04523417658279,-0.79155757256704,1.04870849306014,"Heat Contribution",4.99652568352265,1.04870849306014,6.04523417658279,3,6.04523417658279,"Small Above"
"371830541182",5.78808325608969,6.04523417658279,-0.79155757256704,1.04870849306014,"CBG Attributable Rate",0,6.04523417658279,6.04523417658279,4,6.04523417658279,"CBG"
"371830540222",5.78808325608969,7.91386081443,0.838400885454244,1.28737667288606,"RT Summer Avg. Rate",0,5.78808325608969,5.78808325608969,1,5.78808325608969,"Average"
"371830540222",5.78808325608969,7.91386081443,0.838400885454244,1.28737667288606,"Health Contribution",5.78808325608969,0.838400885454244,6.62648414154393,2,6.62648414154393,"Small Above"
"371830540222",5.78808325608969,7.91386081443,0.838400885454244,1.28737667288606,"Heat Contribution",6.62648414154393,1.28737667288606,7.91386081442999,3,7.91386081442999,"Small Above"
"371830540222",5.78808325608969,7.91386081443,0.838400885454244,1.28737667288606,"CBG Attributable Rate",0,7.91386081443,7.91386081443,4,7.91386081443,"CBG"
"371830541211",5.78808325608969,5.05960336266638,-1.30663122913071,0.57815133570739,"RT Summer Avg. Rate",0,5.78808325608969,5.78808325608969,1,5.78808325608969,"Average"
"371830541211",5.78808325608969,5.05960336266638,-1.30663122913071,0.57815133570739,"Health Contribution",5.78808325608969,-1.30663122913071,4.48145202695898,2,5.78808325608969,"Small Below"
"371830541211",5.78808325608969,5.05960336266638,-1.30663122913071,0.57815133570739,"Heat Contribution",4.48145202695898,0.57815133570739,5.05960336266637,3,5.05960336266637,"Small Above"
"371830541211",5.78808325608969,5.05960336266638,-1.30663122913071,0.57815133570739,"CBG Attributable Rate",0,5.05960336266638,5.05960336266638,4,5.05960336266638,"CBG"
"371830541192",5.78808325608969,7.14143605353884,0.338966708452934,1.01438608899621,"RT Summer Avg. Rate",0,5.78808325608969,5.78808325608969,1,5.78808325608969,"Average"
"371830541192",5.78808325608969,7.14143605353884,0.338966708452934,1.01438608899621,"Health Contribution",5.78808325608969,0.338966708452934,6.12704996454262,2,6.12704996454262,"Small Above"
"371830541192",5.78808325608969,7.14143605353884,0.338966708452934,1.01438608899621,"Heat Contribution",6.12704996454262,1.01438608899621,7.14143605353883,3,7.14143605353883,"Small Above"
"371830541192",5.78808325608969,7.14143605353884,0.338966708452934,1.01438608899621,"CBG Attributable Rate",0,7.14143605353884,7.14143605353884,4,7.14143605353884,"CBG"
"371830523073",5.78808325608969,3.46461226323641,-2.41306629271507,0.0895952998617801,"RT Summer Avg. Rate",0,5.78808325608969,5.78808325608969,1,5.78808325608969,"Average"
"371830523073",5.78808325608969,3.46461226323641,-2.41306629271507,0.0895952998617801,"Health Contribution",5.78808325608969,-2.41306629271507,3.37501696337462,2,5.78808325608969,"Large Below"
"371830523073",5.78808325608969,3.46461226323641,-2.41306629271507,0.0895952998617801,"Heat Contribution",3.37501696337462,0.0895952998617801,3.4646122632364,3,3.4646122632364,"Small Above"
"371830523073",5.78808325608969,3.46461226323641,-2.41306629271507,0.0895952998617801,"CBG Attributable Rate",0,3.46461226323641,3.46461226323641,4,3.46461226323641,"CBG"
"371830537172",5.78808325608969,5.0321676201561,-0.85724287022555,0.101327234291951,"RT Summer Avg. Rate",0,5.78808325608969,5.78808325608969,1,5.78808325608969,"Average"
"371830537172",5.78808325608969,5.0321676201561,-0.85724287022555,0.101327234291951,"Health Contribution",5.78808325608969,-0.85724287022555,4.93084038586414,2,5.78808325608969,"Small Below"
"371830537172",5.78808325608969,5.0321676201561,-0.85724287022555,0.101327234291951,"Heat Contribution",4.93084038586414,0.101327234291951,5.03216762015609,3,5.03216762015609,"Small Above"
"371830537172",5.78808325608969,5.0321676201561,-0.85724287022555,0.101327234291951,"CBG Attributable Rate",0,5.0321676201561,5.0321676201561,4,5.0321676201561,"CBG"
"371830524112",5.78808325608969,3.84584865319714,-1.88219915089552,-0.0600354519970269,"RT Summer Avg. Rate",0,5.78808325608969,5.78808325608969,1,5.78808325608969,"Average"
"371830524112",5.78808325608969,3.84584865319714,-1.88219915089552,-0.0600354519970269,"Health Contribution",5.78808325608969,-1.88219915089552,3.90588410519417,2,5.78808325608969,"Small Below"
"371830524112",5.78808325608969,3.84584865319714,-1.88219915089552,-0.0600354519970269,"Heat Contribution",3.90588410519417,-0.0600354519970269,3.84584865319714,3,3.90588410519417,"Small Below"
"371830524112",5.78808325608969,3.84584865319714,-1.88219915089552,-0.0600354519970269,"CBG Attributable Rate",0,3.84584865319714,3.84584865319714,4,3.84584865319714,"CBG"
"371830524111",5.78808325608969,5.59726831654497,-0.0651126867671733,-0.125702252777554,"RT Summer Avg. Rate",0,5.78808325608969,5.78808325608969,1,5.78808325608969,"Average"
"371830524111",5.78808325608969,5.59726831654497,-0.0651126867671733,-0.125702252777554,"Health Contribution",5.78808325608969,-0.0651126867671733,5.72297056932252,2,5.78808325608969,"Small Below"
"371830524111",5.78808325608969,5.59726831654497,-0.0651126867671733,-0.125702252777554,"Heat Contribution",5.72297056932252,-0.125702252777554,5.59726831654496,3,5.72297056932252,"Small Below"
"371830524111",5.78808325608969,5.59726831654497,-0.0651126867671733,-0.125702252777554,"CBG Attributable Rate",0,5.59726831654497,5.59726831654497,4,5.59726831654497,"CBG"
"371830528161",5.78808325608969,8.17797026026562,1.47155365206292,0.918333352113002,"RT Summer Avg. Rate",0,5.78808325608969,5.78808325608969,1,5.78808325608969,"Average"
"371830528161",5.78808325608969,8.17797026026562,1.47155365206292,0.918333352113002,"Health Contribution",5.78808325608969,1.47155365206292,7.25963690815261,2,7.25963690815261,"Small Above"
"371830528161",5.78808325608969,8.17797026026562,1.47155365206292,0.918333352113002,"Heat Contribution",7.25963690815261,0.918333352113002,8.17797026026561,3,8.17797026026561,"Small Above"
"371830528161",5.78808325608969,8.17797026026562,1.47155365206292,0.918333352113002,"CBG Attributable Rate",0,8.17797026026562,8.17797026026562,4,8.17797026026562,"CBG"
"371830534241",5.78808325608969,4.29039793150043,-1.82876576798222,0.331080443392955,"RT Summer Avg. Rate",0,5.78808325608969,5.78808325608969,1,5.78808325608969,"Average"
"371830534241",5.78808325608969,4.29039793150043,-1.82876576798222,0.331080443392955,"Health Contribution",5.78808325608969,-1.82876576798222,3.95931748810747,2,5.78808325608969,"Small Below"
"371830534241",5.78808325608969,4.29039793150043,-1.82876576798222,0.331080443392955,"Heat Contribution",3.95931748810747,0.331080443392955,4.29039793150043,3,4.29039793150043,"Small Above"
"371830534241",5.78808325608969,4.29039793150043,-1.82876576798222,0.331080443392955,"CBG Attributable Rate",0,4.29039793150043,4.29039793150043,4,4.29039793150043,"CBG"
"371830537291",5.78808325608969,5.64444882599704,-0.480318815992413,0.336684385899757,"RT Summer Avg. Rate",0,5.78808325608969,5.78808325608969,1,5.78808325608969,"Average"
"371830537291",5.78808325608969,5.64444882599704,-0.480318815992413,0.336684385899757,"Health Contribution",5.78808325608969,-0.480318815992413,5.30776444009728,2,5.78808325608969,"Small Below"
"371830537291",5.78808325608969,5.64444882599704,-0.480318815992413,0.336684385899757,"Heat Contribution",5.30776444009728,0.336684385899757,5.64444882599703,3,5.64444882599703,"Small Above"
"371830537291",5.78808325608969,5.64444882599704,-0.480318815992413,0.336684385899757,"CBG Attributable Rate",0,5.64444882599704,5.64444882599704,4,5.64444882599704,"CBG"
"371830537292",5.78808325608969,6.07819983763543,-0.244682752687804,0.534799334233535,"RT Summer Avg. Rate",0,5.78808325608969,5.78808325608969,1,5.78808325608969,"Average"
"371830537292",5.78808325608969,6.07819983763543,-0.244682752687804,0.534799334233535,"Health Contribution",5.78808325608969,-0.244682752687804,5.54340050340189,2,5.78808325608969,"Small Below"
"371830537292",5.78808325608969,6.07819983763543,-0.244682752687804,0.534799334233535,"Heat Contribution",5.54340050340189,0.534799334233535,6.07819983763542,3,6.07819983763542,"Small Above"
"371830537292",5.78808325608969,6.07819983763543,-0.244682752687804,0.534799334233535,"CBG Attributable Rate",0,6.07819983763543,6.07819983763543,4,6.07819983763543,"CBG"
"371830537302",5.78808325608969,4.98061778269819,-1.23639848511229,0.428933011720789,"RT Summer Avg. Rate",0,5.78808325608969,5.78808325608969,1,5.78808325608969,"Average"
"371830537302",5.78808325608969,4.98061778269819,-1.23639848511229,0.428933011720789,"Health Contribution",5.78808325608969,-1.23639848511229,4.5516847709774,2,5.78808325608969,"Small Below"
"371830537302",5.78808325608969,4.98061778269819,-1.23639848511229,0.428933011720789,"Heat Contribution",4.5516847709774,0.428933011720789,4.98061778269819,3,4.98061778269819,"Small Above"
"371830537302",5.78808325608969,4.98061778269819,-1.23639848511229,0.428933011720789,"CBG Attributable Rate",0,4.98061778269819,4.98061778269819,4,4.98061778269819,"CBG"
"371830540223",5.78808325608969,5.63726027397369,-1.04542676480334,0.894603782687326,"RT Summer Avg. Rate",0,5.78808325608969,5.78808325608969,1,5.78808325608969,"Average"
"371830540223",5.78808325608969,5.63726027397369,-1.04542676480334,0.894603782687326,"Health Contribution",5.78808325608969,-1.04542676480334,4.74265649128635,2,5.78808325608969,"Small Below"
"371830540223",5.78808325608969,5.63726027397369,-1.04542676480334,0.894603782687326,"Heat Contribution",4.74265649128635,0.894603782687326,5.63726027397368,3,5.63726027397368,"Small Above"
"371830540223",5.78808325608969,5.63726027397369,-1.04542676480334,0.894603782687326,"CBG Attributable Rate",0,5.63726027397369,5.63726027397369,4,5.63726027397369,"CBG"
"371830541191",5.78808325608969,6.25505773426433,-0.521493461961524,0.988467940136162,"RT Summer Avg. Rate",0,5.78808325608969,5.78808325608969,1,5.78808325608969,"Average"
"371830541191",5.78808325608969,6.25505773426433,-0.521493461961524,0.988467940136162,"Health Contribution",5.78808325608969,-0.521493461961524,5.26658979412817,2,5.78808325608969,"Small Below"
"371830541191",5.78808325608969,6.25505773426433,-0.521493461961524,0.988467940136162,"Heat Contribution",5.26658979412817,0.988467940136162,6.25505773426433,3,6.25505773426433,"Small Above"
"371830541191",5.78808325608969,6.25505773426433,-0.521493461961524,0.988467940136162,"CBG Attributable Rate",0,6.25505773426433,6.25505773426433,4,6.25505773426433,"CBG"
"371830523061",5.78808325608969,4.41452208022759,-1.2102073960529,-0.163353779809206,"RT Summer Avg. Rate",0,5.78808325608969,5.78808325608969,1,5.78808325608969,"Average"
"371830523061",5.78808325608969,4.41452208022759,-1.2102073960529,-0.163353779809206,"Health Contribution",5.78808325608969,-1.2102073960529,4.57787586003679,2,5.78808325608969,"Small Below"
"371830523061",5.78808325608969,4.41452208022759,-1.2102073960529,-0.163353779809206,"Heat Contribution",4.57787586003679,-0.163353779809206,4.41452208022758,3,4.57787586003679,"Small Below"
"371830523061",5.78808325608969,4.41452208022759,-1.2102073960529,-0.163353779809206,"CBG Attributable Rate",0,4.41452208022759,4.41452208022759,4,4.41452208022759,"CBG"
"371830540232",5.78808325608969,5.97151517211701,-0.553469240215535,0.736901156242853,"RT Summer Avg. Rate",0,5.78808325608969,5.78808325608969,1,5.78808325608969,"Average"
"371830540232",5.78808325608969,5.97151517211701,-0.553469240215535,0.736901156242853,"Health Contribution",5.78808325608969,-0.553469240215535,5.23461401587415,2,5.78808325608969,"Small Below"
"371830540232",5.78808325608969,5.97151517211701,-0.553469240215535,0.736901156242853,"Heat Contribution",5.23461401587415,0.736901156242853,5.97151517211701,3,5.97151517211701,"Small Above"
"371830540232",5.78808325608969,5.97151517211701,-0.553469240215535,0.736901156242853,"CBG Attributable Rate",0,5.97151517211701,5.97151517211701,4,5.97151517211701,"CBG"
"371830532101",5.78808325608969,4.25372270705406,-1.09678931288154,-0.437571236154095,"RT Summer Avg. Rate",0,5.78808325608969,5.78808325608969,1,5.78808325608969,"Average"
"371830532101",5.78808325608969,4.25372270705406,-1.09678931288154,-0.437571236154095,"Health Contribution",5.78808325608969,-1.09678931288154,4.69129394320815,2,5.78808325608969,"Small Below"
"371830532101",5.78808325608969,4.25372270705406,-1.09678931288154,-0.437571236154095,"Heat Contribution",4.69129394320815,-0.437571236154095,4.25372270705406,3,4.69129394320815,"Small Below"
"371830532101",5.78808325608969,4.25372270705406,-1.09678931288154,-0.437571236154095,"CBG Attributable Rate",0,4.25372270705406,4.25372270705406,4,4.25372270705406,"CBG"
"371830528151",5.78808325608969,6.9294308436086,0.281908902802388,0.859438684716521,"RT Summer Avg. Rate",0,5.78808325608969,5.78808325608969,1,5.78808325608969,"Average"
"371830528151",5.78808325608969,6.9294308436086,0.281908902802388,0.859438684716521,"Health Contribution",5.78808325608969,0.281908902802388,6.06999215889208,2,6.06999215889208,"Small Above"
"371830528151",5.78808325608969,6.9294308436086,0.281908902802388,0.859438684716521,"Heat Contribution",6.06999215889208,0.859438684716521,6.9294308436086,3,6.9294308436086,"Small Above"
"371830528151",5.78808325608969,6.9294308436086,0.281908902802388,0.859438684716521,"CBG Attributable Rate",0,6.9294308436086,6.9294308436086,4,6.9294308436086,"CBG"
"371830523075",5.78808325608969,4.27392632234771,-1.53016986646547,0.0160129327234793,"RT Summer Avg. Rate",0,5.78808325608969,5.78808325608969,1,5.78808325608969,"Average"
"371830523075",5.78808325608969,4.27392632234771,-1.53016986646547,0.0160129327234793,"Health Contribution",5.78808325608969,-1.53016986646547,4.25791338962422,2,5.78808325608969,"Small Below"
"371830523075",5.78808325608969,4.27392632234771,-1.53016986646547,0.0160129327234793,"Heat Contribution",4.25791338962422,0.0160129327234793,4.2739263223477,3,4.2739263223477,"Small Above"
"371830523075",5.78808325608969,4.27392632234771,-1.53016986646547,0.0160129327234793,"CBG Attributable Rate",0,4.27392632234771,4.27392632234771,4,4.27392632234771,"CBG"
"371830540231",5.78808325608969,6.62628097739578,-0.0246540313768048,0.862851752682891,"RT Summer Avg. Rate",0,5.78808325608969,5.78808325608969,1,5.78808325608969,"Average"
"371830540231",5.78808325608969,6.62628097739578,-0.0246540313768048,0.862851752682891,"Health Contribution",5.78808325608969,-0.0246540313768048,5.76342922471289,2,5.78808325608969,"Small Below"
"371830540231",5.78808325608969,6.62628097739578,-0.0246540313768048,0.862851752682891,"Heat Contribution",5.76342922471289,0.862851752682891,6.62628097739578,3,6.62628097739578,"Small Above"
"371830540231",5.78808325608969,6.62628097739578,-0.0246540313768048,0.862851752682891,"CBG Attributable Rate",0,6.62628097739578,6.62628097739578,4,6.62628097739578,"CBG"
"371830532112",5.78808325608969,4.39726149274844,-1.33535571597155,-0.0554660473696987,"RT Summer Avg. Rate",0,5.78808325608969,5.78808325608969,1,5.78808325608969,"Average"
"371830532112",5.78808325608969,4.39726149274844,-1.33535571597155,-0.0554660473696987,"Health Contribution",5.78808325608969,-1.33535571597155,4.45272754011814,2,5.78808325608969,"Small Below"
"371830532112",5.78808325608969,4.39726149274844,-1.33535571597155,-0.0554660473696987,"Heat Contribution",4.45272754011814,-0.0554660473696987,4.39726149274844,3,4.45272754011814,"Small Below"
"371830532112",5.78808325608969,4.39726149274844,-1.33535571597155,-0.0554660473696987,"CBG Attributable Rate",0,4.39726149274844,4.39726149274844,4,4.39726149274844,"CBG"
"371830532111",5.78808325608969,5.13479983147345,-0.785791834008555,0.132508409392316,"RT Summer Avg. Rate",0,5.78808325608969,5.78808325608969,1,5.78808325608969,"Average"
"371830532111",5.78808325608969,5.13479983147345,-0.785791834008555,0.132508409392316,"Health Contribution",5.78808325608969,-0.785791834008555,5.00229142208113,2,5.78808325608969,"Small Below"
"371830532111",5.78808325608969,5.13479983147345,-0.785791834008555,0.132508409392316,"Heat Contribution",5.00229142208113,0.132508409392316,5.13479983147345,3,5.13479983147345,"Small Above"
"371830532111",5.78808325608969,5.13479983147345,-0.785791834008555,0.132508409392316,"CBG Attributable Rate",0,5.13479983147345,5.13479983147345,4,5.13479983147345,"CBG"
"371830540233",5.78808325608969,5.36970824443839,-1.30081404745124,0.882439035799936,"RT Summer Avg. Rate",0,5.78808325608969,5.78808325608969,1,5.78808325608969,"Average"
"371830540233",5.78808325608969,5.36970824443839,-1.30081404745124,0.882439035799936,"Health Contribution",5.78808325608969,-1.30081404745124,4.48726920863845,2,5.78808325608969,"Small Below"
"371830540233",5.78808325608969,5.36970824443839,-1.30081404745124,0.882439035799936,"Heat Contribution",4.48726920863845,0.882439035799936,5.36970824443839,3,5.36970824443839,"Small Above"
"371830540233",5.78808325608969,5.36970824443839,-1.30081404745124,0.882439035799936,"CBG Attributable Rate",0,5.36970824443839,5.36970824443839,4,5.36970824443839,"CBG"
"371830536112",5.78808325608969,3.56205200061443,-2.6124493591431,0.386418103667828,"RT Summer Avg. Rate",0,5.78808325608969,5.78808325608969,1,5.78808325608969,"Average"
"371830536112",5.78808325608969,3.56205200061443,-2.6124493591431,0.386418103667828,"Health Contribution",5.78808325608969,-2.6124493591431,3.17563389694659,2,5.78808325608969,"Large Below"
"371830536112",5.78808325608969,3.56205200061443,-2.6124493591431,0.386418103667828,"Heat Contribution",3.17563389694659,0.386418103667828,3.56205200061442,3,3.56205200061442,"Small Above"
"371830536112",5.78808325608969,3.56205200061443,-2.6124493591431,0.386418103667828,"CBG Attributable Rate",0,3.56205200061443,3.56205200061443,4,3.56205200061443,"CBG"
"371830541193",5.78808325608969,7.05224222373207,0.19043617021887,1.07372279742351,"RT Summer Avg. Rate",0,5.78808325608969,5.78808325608969,1,5.78808325608969,"Average"
"371830541193",5.78808325608969,7.05224222373207,0.19043617021887,1.07372279742351,"Health Contribution",5.78808325608969,0.19043617021887,5.97851942630856,2,5.97851942630856,"Small Above"
"371830541193",5.78808325608969,7.05224222373207,0.19043617021887,1.07372279742351,"Heat Contribution",5.97851942630856,1.07372279742351,7.05224222373207,3,7.05224222373207,"Small Above"
"371830541193",5.78808325608969,7.05224222373207,0.19043617021887,1.07372279742351,"CBG Attributable Rate",0,7.05224222373207,7.05224222373207,4,7.05224222373207,"CBG"
"371350112041",5.78808325608969,3.24425865500478,-2.04115078715827,-0.502673813926646,"RT Summer Avg. Rate",0,5.78808325608969,5.78808325608969,1,5.78808325608969,"Average"
"371350112041",5.78808325608969,3.24425865500478,-2.04115078715827,-0.502673813926646,"Health Contribution",5.78808325608969,-2.04115078715827,3.74693246893142,2,5.78808325608969,"Large Below"
"371350112041",5.78808325608969,3.24425865500478,-2.04115078715827,-0.502673813926646,"Heat Contribution",3.74693246893142,-0.502673813926646,3.24425865500477,3,3.74693246893142,"Small Below"
"371350112041",5.78808325608969,3.24425865500478,-2.04115078715827,-0.502673813926646,"CBG Attributable Rate",0,3.24425865500478,3.24425865500478,4,3.24425865500478,"CBG"
"371350107062",5.78808325608969,2.75863890273062,-2.27575482340433,-0.753689529954741,"RT Summer Avg. Rate",0,5.78808325608969,5.78808325608969,1,5.78808325608969,"Average"
"371350107062",5.78808325608969,2.75863890273062,-2.27575482340433,-0.753689529954741,"Health Contribution",5.78808325608969,-2.27575482340433,3.51232843268536,2,5.78808325608969,"Large Below"
"371350107062",5.78808325608969,2.75863890273062,-2.27575482340433,-0.753689529954741,"Heat Contribution",3.51232843268536,-0.753689529954741,2.75863890273062,3,3.51232843268536,"Small Below"
"371350107062",5.78808325608969,2.75863890273062,-2.27575482340433,-0.753689529954741,"CBG Attributable Rate",0,2.75863890273062,2.75863890273062,4,2.75863890273062,"CBG"
"371350107054",5.78808325608969,3.38435029594281,-1.35527214567562,-1.04846081447127,"RT Summer Avg. Rate",0,5.78808325608969,5.78808325608969,1,5.78808325608969,"Average"
"371350107054",5.78808325608969,3.38435029594281,-1.35527214567562,-1.04846081447127,"Health Contribution",5.78808325608969,-1.35527214567562,4.43281111041407,2,5.78808325608969,"Small Below"
"371350107054",5.78808325608969,3.38435029594281,-1.35527214567562,-1.04846081447127,"Heat Contribution",4.43281111041407,-1.04846081447127,3.3843502959428,3,4.43281111041407,"Small Below"
"371350107054",5.78808325608969,3.38435029594281,-1.35527214567562,-1.04846081447127,"CBG Attributable Rate",0,3.38435029594281,3.38435029594281,4,3.38435029594281,"CBG"
"371350122022",5.78808325608969,5.66210929604481,-0.184717241819379,0.0587432817744962,"RT Summer Avg. Rate",0,5.78808325608969,5.78808325608969,1,5.78808325608969,"Average"
"371350122022",5.78808325608969,5.66210929604481,-0.184717241819379,0.0587432817744962,"Health Contribution",5.78808325608969,-0.184717241819379,5.60336601427031,2,5.78808325608969,"Small Below"
"371350122022",5.78808325608969,5.66210929604481,-0.184717241819379,0.0587432817744962,"Heat Contribution",5.60336601427031,0.0587432817744962,5.66210929604481,3,5.66210929604481,"Small Above"
"371350122022",5.78808325608969,5.66210929604481,-0.184717241819379,0.0587432817744962,"CBG Attributable Rate",0,5.66210929604481,5.66210929604481,4,5.66210929604481,"CBG"
"371350109022",5.78808325608969,2.59401288676227,-1.51554257433345,-1.67852779499398,"RT Summer Avg. Rate",0,5.78808325608969,5.78808325608969,1,5.78808325608969,"Average"
"371350109022",5.78808325608969,2.59401288676227,-1.51554257433345,-1.67852779499398,"Health Contribution",5.78808325608969,-1.51554257433345,4.27254068175624,2,5.78808325608969,"Small Below"
"371350109022",5.78808325608969,2.59401288676227,-1.51554257433345,-1.67852779499398,"Heat Contribution",4.27254068175624,-1.67852779499398,2.59401288676226,3,4.27254068175624,"Small Below"
"371350109022",5.78808325608969,2.59401288676227,-1.51554257433345,-1.67852779499398,"CBG Attributable Rate",0,2.59401288676227,2.59401288676227,4,2.59401288676227,"CBG"
"371350107061",5.78808325608969,1.88394224395225,-3.16676790465468,-0.737373107482763,"RT Summer Avg. Rate",0,5.78808325608969,5.78808325608969,1,5.78808325608969,"Average"
"371350107061",5.78808325608969,1.88394224395225,-3.16676790465468,-0.737373107482763,"Health Contribution",5.78808325608969,-3.16676790465468,2.62131535143501,2,5.78808325608969,"Large Below"
"371350107061",5.78808325608969,1.88394224395225,-3.16676790465468,-0.737373107482763,"Heat Contribution",2.62131535143501,-0.737373107482763,1.88394224395225,3,2.62131535143501,"Small Below"
"371350107061",5.78808325608969,1.88394224395225,-3.16676790465468,-0.737373107482763,"CBG Attributable Rate",0,1.88394224395225,1.88394224395225,4,1.88394224395225,"CBG"
"371350122023",5.78808325608969,2.42378583042807,-3.10616054631525,-0.258136879346376,"RT Summer Avg. Rate",0,5.78808325608969,5.78808325608969,1,5.78808325608969,"Average"
"371350122023",5.78808325608969,2.42378583042807,-3.10616054631525,-0.258136879346376,"Health Contribution",5.78808325608969,-3.10616054631525,2.68192270977444,2,5.78808325608969,"Large Below"
"371350122023",5.78808325608969,2.42378583042807,-3.10616054631525,-0.258136879346376,"Heat Contribution",2.68192270977444,-0.258136879346376,2.42378583042806,3,2.68192270977444,"Small Below"
"371350122023",5.78808325608969,2.42378583042807,-3.10616054631525,-0.258136879346376,"CBG Attributable Rate",0,2.42378583042807,2.42378583042807,4,2.42378583042807,"CBG"
"371350119021",5.78808325608969,4.08663582130613,-1.75763205368522,0.056184618901654,"RT Summer Avg. Rate",0,5.78808325608969,5.78808325608969,1,5.78808325608969,"Average"
"371350119021",5.78808325608969,4.08663582130613,-1.75763205368522,0.056184618901654,"Health Contribution",5.78808325608969,-1.75763205368522,4.03045120240447,2,5.78808325608969,"Small Below"
"371350119021",5.78808325608969,4.08663582130613,-1.75763205368522,0.056184618901654,"Heat Contribution",4.03045120240447,0.056184618901654,4.08663582130612,3,4.08663582130612,"Small Above"
"371350119021",5.78808325608969,4.08663582130613,-1.75763205368522,0.056184618901654,"CBG Attributable Rate",0,4.08663582130613,4.08663582130613,4,4.08663582130613,"CBG"
"370690605012",5.78808325608969,3.77459746975505,-0.855021770412171,-1.15846401592248,"RT Summer Avg. Rate",0,5.78808325608969,5.78808325608969,1,5.78808325608969,"Average"
"370690605012",5.78808325608969,3.77459746975505,-0.855021770412171,-1.15846401592248,"Health Contribution",5.78808325608969,-0.855021770412171,4.93306148567752,2,5.78808325608969,"Small Below"
"370690605012",5.78808325608969,3.77459746975505,-0.855021770412171,-1.15846401592248,"Heat Contribution",4.93306148567752,-1.15846401592248,3.77459746975504,3,4.93306148567752,"Small Below"
"370690605012",5.78808325608969,3.77459746975505,-0.855021770412171,-1.15846401592248,"CBG Attributable Rate",0,3.77459746975505,3.77459746975505,4,3.77459746975505,"CBG"
"370690608021",5.78808325608969,7.36526955480649,2.2419119072927,-0.664725608575909,"RT Summer Avg. Rate",0,5.78808325608969,5.78808325608969,1,5.78808325608969,"Average"
"370690608021",5.78808325608969,7.36526955480649,2.2419119072927,-0.664725608575909,"Health Contribution",5.78808325608969,2.2419119072927,8.02999516338239,2,8.02999516338239,"Large Above"
"370690608021",5.78808325608969,7.36526955480649,2.2419119072927,-0.664725608575909,"Heat Contribution",8.02999516338239,-0.664725608575909,7.36526955480648,3,8.02999516338239,"Small Below"
"370690608021",5.78808325608969,7.36526955480649,2.2419119072927,-0.664725608575909,"CBG Attributable Rate",0,7.36526955480649,7.36526955480649,4,7.36526955480649,"CBG"
"370690603011",5.78808325608969,7.00523957346183,2.60471249752226,-1.38755618015012,"RT Summer Avg. Rate",0,5.78808325608969,5.78808325608969,1,5.78808325608969,"Average"
"370690603011",5.78808325608969,7.00523957346183,2.60471249752226,-1.38755618015012,"Health Contribution",5.78808325608969,2.60471249752226,8.39279575361195,2,8.39279575361195,"Large Above"
"370690603011",5.78808325608969,7.00523957346183,2.60471249752226,-1.38755618015012,"Heat Contribution",8.39279575361195,-1.38755618015012,7.00523957346183,3,8.39279575361195,"Small Below"
"370690603011",5.78808325608969,7.00523957346183,2.60471249752226,-1.38755618015012,"CBG Attributable Rate",0,7.00523957346183,7.00523957346183,4,7.00523957346183,"CBG"
"370690603012",5.78808325608969,5.96958367312106,0.860324478385779,-0.678824061354416,"RT Summer Avg. Rate",0,5.78808325608969,5.78808325608969,1,5.78808325608969,"Average"
"370690603012",5.78808325608969,5.96958367312106,0.860324478385779,-0.678824061354416,"Health Contribution",5.78808325608969,0.860324478385779,6.64840773447547,2,6.64840773447547,"Small Above"
"370690603012",5.78808325608969,5.96958367312106,0.860324478385779,-0.678824061354416,"Heat Contribution",6.64840773447547,-0.678824061354416,5.96958367312105,3,6.64840773447547,"Small Below"
"370690603012",5.78808325608969,5.96958367312106,0.860324478385779,-0.678824061354416,"CBG Attributable Rate",0,5.96958367312106,5.96958367312106,4,5.96958367312106,"CBG"
"370690607032",5.78808325608969,5.48727165838448,0.0993031311416771,-0.400114728846895,"RT Summer Avg. Rate",0,5.78808325608969,5.78808325608969,1,5.78808325608969,"Average"
"370690607032",5.78808325608969,5.48727165838448,0.0993031311416771,-0.400114728846895,"Health Contribution",5.78808325608969,0.0993031311416771,5.88738638723137,2,5.88738638723137,"Small Above"
"370690607032",5.78808325608969,5.48727165838448,0.0993031311416771,-0.400114728846895,"Heat Contribution",5.88738638723137,-0.400114728846895,5.48727165838447,3,5.88738638723137,"Small Below"
"370690607032",5.78808325608969,5.48727165838448,0.0993031311416771,-0.400114728846895,"CBG Attributable Rate",0,5.48727165838448,5.48727165838448,4,5.48727165838448,"CBG"
"370690607031",5.78808325608969,4.30845439926429,-1.27071254569834,-0.208916311127072,"RT Summer Avg. Rate",0,5.78808325608969,5.78808325608969,1,5.78808325608969,"Average"
"370690607031",5.78808325608969,4.30845439926429,-1.27071254569834,-0.208916311127072,"Health Contribution",5.78808325608969,-1.27071254569834,4.51737071039135,2,5.78808325608969,"Small Below"
"370690607031",5.78808325608969,4.30845439926429,-1.27071254569834,-0.208916311127072,"Heat Contribution",4.51737071039135,-0.208916311127072,4.30845439926428,3,4.51737071039135,"Small Below"
"370690607031",5.78808325608969,4.30845439926429,-1.27071254569834,-0.208916311127072,"CBG Attributable Rate",0,4.30845439926429,4.30845439926429,4,4.30845439926429,"CBG"
"371830525072",5.78808325608969,5.62209774410656,-0.502907587068589,0.336922075085456,"RT Summer Avg. Rate",0,5.78808325608969,5.78808325608969,1,5.78808325608969,"Average"
"371830525072",5.78808325608969,5.62209774410656,-0.502907587068589,0.336922075085456,"Health Contribution",5.78808325608969,-0.502907587068589,5.2851756690211,2,5.78808325608969,"Small Below"
"371830525072",5.78808325608969,5.62209774410656,-0.502907587068589,0.336922075085456,"Heat Contribution",5.2851756690211,0.336922075085456,5.62209774410656,3,5.62209774410656,"Small Above"
"371830525072",5.78808325608969,5.62209774410656,-0.502907587068589,0.336922075085456,"CBG Attributable Rate",0,5.62209774410656,5.62209774410656,4,5.62209774410656,"CBG"
"371830537203",5.78808325608969,2.83839592970085,-2.23688138459206,-0.712805941796789,"RT Summer Avg. Rate",0,5.78808325608969,5.78808325608969,1,5.78808325608969,"Average"
"371830537203",5.78808325608969,2.83839592970085,-2.23688138459206,-0.712805941796789,"Health Contribution",5.78808325608969,-2.23688138459206,3.55120187149763,2,5.78808325608969,"Large Below"
"371830537203",5.78808325608969,2.83839592970085,-2.23688138459206,-0.712805941796789,"Heat Contribution",3.55120187149763,-0.712805941796789,2.83839592970084,3,3.55120187149763,"Small Below"
"371830537203",5.78808325608969,2.83839592970085,-2.23688138459206,-0.712805941796789,"CBG Attributable Rate",0,2.83839592970085,2.83839592970085,4,2.83839592970085,"CBG"
"371830537202",5.78808325608969,3.28877033657319,-1.75652681559713,-0.742786103919376,"RT Summer Avg. Rate",0,5.78808325608969,5.78808325608969,1,5.78808325608969,"Average"
"371830537202",5.78808325608969,3.28877033657319,-1.75652681559713,-0.742786103919376,"Health Contribution",5.78808325608969,-1.75652681559713,4.03155644049256,2,5.78808325608969,"Small Below"
"371830537202",5.78808325608969,3.28877033657319,-1.75652681559713,-0.742786103919376,"Heat Contribution",4.03155644049256,-0.742786103919376,3.28877033657318,3,4.03155644049256,"Small Below"
"371830537202",5.78808325608969,3.28877033657319,-1.75652681559713,-0.742786103919376,"CBG Attributable Rate",0,3.28877033657319,3.28877033657319,4,3.28877033657319,"CBG"
"371830537212",5.78808325608969,3.54170560063052,-1.59686335188627,-0.649514303572906,"RT Summer Avg. Rate",0,5.78808325608969,5.78808325608969,1,5.78808325608969,"Average"
"371830537212",5.78808325608969,3.54170560063052,-1.59686335188627,-0.649514303572906,"Health Contribution",5.78808325608969,-1.59686335188627,4.19121990420342,2,5.78808325608969,"Small Below"
"371830537212",5.78808325608969,3.54170560063052,-1.59686335188627,-0.649514303572906,"Heat Contribution",4.19121990420342,-0.649514303572906,3.54170560063051,3,4.19121990420342,"Small Below"
"371830537212",5.78808325608969,3.54170560063052,-1.59686335188627,-0.649514303572906,"CBG Attributable Rate",0,3.54170560063052,3.54170560063052,4,3.54170560063052,"CBG"
"371830537161",5.78808325608969,7.07594051700172,0.772173946514202,0.51568331439782,"RT Summer Avg. Rate",0,5.78808325608969,5.78808325608969,1,5.78808325608969,"Average"
"371830537161",5.78808325608969,7.07594051700172,0.772173946514202,0.51568331439782,"Health Contribution",5.78808325608969,0.772173946514202,6.56025720260389,2,6.56025720260389,"Small Above"
"371830537161",5.78808325608969,7.07594051700172,0.772173946514202,0.51568331439782,"Heat Contribution",6.56025720260389,0.51568331439782,7.07594051700171,3,7.07594051700171,"Small Above"
"371830537161",5.78808325608969,7.07594051700172,0.772173946514202,0.51568331439782,"CBG Attributable Rate",0,7.07594051700172,7.07594051700172,4,7.07594051700172,"CBG"
"371830537162",5.78808325608969,5.72455214878108,-0.422323910338169,0.358792803029559,"RT Summer Avg. Rate",0,5.78808325608969,5.78808325608969,1,5.78808325608969,"Average"
"371830537162",5.78808325608969,5.72455214878108,-0.422323910338169,0.358792803029559,"Health Contribution",5.78808325608969,-0.422323910338169,5.36575934575152,2,5.78808325608969,"Small Below"
"371830537162",5.78808325608969,5.72455214878108,-0.422323910338169,0.358792803029559,"Heat Contribution",5.36575934575152,0.358792803029559,5.72455214878108,3,5.72455214878108,"Small Above"
"371830537162",5.78808325608969,5.72455214878108,-0.422323910338169,0.358792803029559,"CBG Attributable Rate",0,5.72455214878108,5.72455214878108,4,5.72455214878108,"CBG"
"371830534051",5.78808325608969,3.82348064296281,-1.62596964616786,-0.338632966959021,"RT Summer Avg. Rate",0,5.78808325608969,5.78808325608969,1,5.78808325608969,"Average"
"371830534051",5.78808325608969,3.82348064296281,-1.62596964616786,-0.338632966959021,"Health Contribution",5.78808325608969,-1.62596964616786,4.16211360992183,2,5.78808325608969,"Small Below"
"371830534051",5.78808325608969,3.82348064296281,-1.62596964616786,-0.338632966959021,"Heat Contribution",4.16211360992183,-0.338632966959021,3.82348064296281,3,4.16211360992183,"Small Below"
"371830534051",5.78808325608969,3.82348064296281,-1.62596964616786,-0.338632966959021,"CBG Attributable Rate",0,3.82348064296281,3.82348064296281,4,3.82348064296281,"CBG"
"371830540163",5.78808325608969,4.51023206088442,-1.81836969320619,0.540518498000912,"RT Summer Avg. Rate",0,5.78808325608969,5.78808325608969,1,5.78808325608969,"Average"
"371830540163",5.78808325608969,4.51023206088442,-1.81836969320619,0.540518498000912,"Health Contribution",5.78808325608969,-1.81836969320619,3.9697135628835,2,5.78808325608969,"Small Below"
"371830540163",5.78808325608969,4.51023206088442,-1.81836969320619,0.540518498000912,"Heat Contribution",3.9697135628835,0.540518498000912,4.51023206088441,3,4.51023206088441,"Small Above"
"371830540163",5.78808325608969,4.51023206088442,-1.81836969320619,0.540518498000912,"CBG Attributable Rate",0,4.51023206088442,4.51023206088442,4,4.51023206088442,"CBG"
"371830524092",5.78808325608969,4.70620109710925,-1.64471189828409,0.562829739303646,"RT Summer Avg. Rate",0,5.78808325608969,5.78808325608969,1,5.78808325608969,"Average"
"371830524092",5.78808325608969,4.70620109710925,-1.64471189828409,0.562829739303646,"Health Contribution",5.78808325608969,-1.64471189828409,4.1433713578056,2,5.78808325608969,"Small Below"
"371830524092",5.78808325608969,4.70620109710925,-1.64471189828409,0.562829739303646,"Heat Contribution",4.1433713578056,0.562829739303646,4.70620109710925,3,4.70620109710925,"Small Above"
"371830524092",5.78808325608969,4.70620109710925,-1.64471189828409,0.562829739303646,"CBG Attributable Rate",0,4.70620109710925,4.70620109710925,4,4.70620109710925,"CBG"
"371830540011",5.78808325608969,6.52460798716313,0.24025994204713,0.496264789026305,"RT Summer Avg. Rate",0,5.78808325608969,5.78808325608969,1,5.78808325608969,"Average"
"371830540011",5.78808325608969,6.52460798716313,0.24025994204713,0.496264789026305,"Health Contribution",5.78808325608969,0.24025994204713,6.02834319813682,2,6.02834319813682,"Small Above"
"371830540011",5.78808325608969,6.52460798716313,0.24025994204713,0.496264789026305,"Heat Contribution",6.02834319813682,0.496264789026305,6.52460798716313,3,6.52460798716313,"Small Above"
"371830540011",5.78808325608969,6.52460798716313,0.24025994204713,0.496264789026305,"CBG Attributable Rate",0,6.52460798716313,6.52460798716313,4,6.52460798716313,"CBG"
"371830537163",5.78808325608969,5.73219801233816,-0.393856945637869,0.337971701886336,"RT Summer Avg. Rate",0,5.78808325608969,5.78808325608969,1,5.78808325608969,"Average"
"371830537163",5.78808325608969,5.73219801233816,-0.393856945637869,0.337971701886336,"Health Contribution",5.78808325608969,-0.393856945637869,5.39422631045182,2,5.78808325608969,"Small Below"
"371830537163",5.78808325608969,5.73219801233816,-0.393856945637869,0.337971701886336,"Heat Contribution",5.39422631045182,0.337971701886336,5.73219801233816,3,5.73219801233816,"Small Above"
"371830537163",5.78808325608969,5.73219801233816,-0.393856945637869,0.337971701886336,"CBG Attributable Rate",0,5.73219801233816,5.73219801233816,4,5.73219801233816,"CBG"
"371830526032",5.78808325608969,5.25702394861126,-1.46567450727808,0.934615199799647,"RT Summer Avg. Rate",0,5.78808325608969,5.78808325608969,1,5.78808325608969,"Average"
"371830526032",5.78808325608969,5.25702394861126,-1.46567450727808,0.934615199799647,"Health Contribution",5.78808325608969,-1.46567450727808,4.32240874881161,2,5.78808325608969,"Small Below"
"371830526032",5.78808325608969,5.25702394861126,-1.46567450727808,0.934615199799647,"Heat Contribution",4.32240874881161,0.934615199799647,5.25702394861126,3,5.25702394861126,"Small Above"
"371830526032",5.78808325608969,5.25702394861126,-1.46567450727808,0.934615199799647,"CBG Attributable Rate",0,5.25702394861126,5.25702394861126,4,5.25702394861126,"CBG"
"371830526023",5.78808325608969,8.71375401519706,1.42320573899079,1.50246502011657,"RT Summer Avg. Rate",0,5.78808325608969,5.78808325608969,1,5.78808325608969,"Average"
"371830526023",5.78808325608969,8.71375401519706,1.42320573899079,1.50246502011657,"Health Contribution",5.78808325608969,1.42320573899079,7.21128899508048,2,7.21128899508048,"Small Above"
"371830526023",5.78808325608969,8.71375401519706,1.42320573899079,1.50246502011657,"Heat Contribution",7.21128899508048,1.50246502011657,8.71375401519705,3,8.71375401519705,"Small Above"
"371830526023",5.78808325608969,8.71375401519706,1.42320573899079,1.50246502011657,"CBG Attributable Rate",0,8.71375401519706,8.71375401519706,4,8.71375401519706,"CBG"
"371830526031",5.78808325608969,5.18511997207212,-1.44849682182786,0.845533537810283,"RT Summer Avg. Rate",0,5.78808325608969,5.78808325608969,1,5.78808325608969,"Average"
"371830526031",5.78808325608969,5.18511997207212,-1.44849682182786,0.845533537810283,"Health Contribution",5.78808325608969,-1.44849682182786,4.33958643426183,2,5.78808325608969,"Small Below"
"371830526031",5.78808325608969,5.18511997207212,-1.44849682182786,0.845533537810283,"Heat Contribution",4.33958643426183,0.845533537810283,5.18511997207211,3,5.18511997207211,"Small Above"
"371830526031",5.78808325608969,5.18511997207212,-1.44849682182786,0.845533537810283,"CBG Attributable Rate",0,5.18511997207212,5.18511997207212,4,5.18511997207212,"CBG"
"371830524081",5.78808325608969,4.75374123440842,-1.53850925809892,0.504167236417643,"RT Summer Avg. Rate",0,5.78808325608969,5.78808325608969,1,5.78808325608969,"Average"
"371830524081",5.78808325608969,4.75374123440842,-1.53850925809892,0.504167236417643,"Health Contribution",5.78808325608969,-1.53850925809892,4.24957399799077,2,5.78808325608969,"Small Below"
"371830524081",5.78808325608969,4.75374123440842,-1.53850925809892,0.504167236417643,"Heat Contribution",4.24957399799077,0.504167236417643,4.75374123440841,3,4.75374123440841,"Small Above"
"371830524081",5.78808325608969,4.75374123440842,-1.53850925809892,0.504167236417643,"CBG Attributable Rate",0,4.75374123440842,4.75374123440842,4,4.75374123440842,"CBG"
"371830524082",5.78808325608969,5.68717650365874,-0.764697965458911,0.66379121302796,"RT Summer Avg. Rate",0,5.78808325608969,5.78808325608969,1,5.78808325608969,"Average"
"371830524082",5.78808325608969,5.68717650365874,-0.764697965458911,0.66379121302796,"Health Contribution",5.78808325608969,-0.764697965458911,5.02338529063078,2,5.78808325608969,"Small Below"
"371830524082",5.78808325608969,5.68717650365874,-0.764697965458911,0.66379121302796,"Heat Contribution",5.02338529063078,0.66379121302796,5.68717650365874,3,5.68717650365874,"Small Above"
"371830524082",5.78808325608969,5.68717650365874,-0.764697965458911,0.66379121302796,"CBG Attributable Rate",0,5.68717650365874,5.68717650365874,4,5.68717650365874,"CBG"
"371830527042",5.78808325608969,7.63869831131375,0.0555686959279371,1.79504635929612,"RT Summer Avg. Rate",0,5.78808325608969,5.78808325608969,1,5.78808325608969,"Average"
"371830527042",5.78808325608969,7.63869831131375,0.0555686959279371,1.79504635929612,"Health Contribution",5.78808325608969,0.0555686959279371,5.84365195201763,2,5.84365195201763,"Small Above"
"371830527042",5.78808325608969,7.63869831131375,0.0555686959279371,1.79504635929612,"Heat Contribution",5.84365195201763,1.79504635929612,7.63869831131375,3,7.63869831131375,"Small Above"
"371830527042",5.78808325608969,7.63869831131375,0.0555686959279371,1.79504635929612,"CBG Attributable Rate",0,7.63869831131375,7.63869831131375,4,7.63869831131375,"CBG"
"371830540062",5.78808325608969,4.35064226082792,-1.63028514696658,0.192844151704803,"RT Summer Avg. Rate",0,5.78808325608969,5.78808325608969,1,5.78808325608969,"Average"
"371830540062",5.78808325608969,4.35064226082792,-1.63028514696658,0.192844151704803,"Health Contribution",5.78808325608969,-1.63028514696658,4.15779810912311,2,5.78808325608969,"Small Below"
"371830540062",5.78808325608969,4.35064226082792,-1.63028514696658,0.192844151704803,"Heat Contribution",4.15779810912311,0.192844151704803,4.35064226082791,3,4.35064226082791,"Small Above"
"371830540062",5.78808325608969,4.35064226082792,-1.63028514696658,0.192844151704803,"CBG Attributable Rate",0,4.35064226082792,4.35064226082792,4,4.35064226082792,"CBG"
"371830540072",5.78808325608969,3.85442638126086,-1.90824062587338,-0.0254162489554573,"RT Summer Avg. Rate",0,5.78808325608969,5.78808325608969,1,5.78808325608969,"Average"
"371830540072",5.78808325608969,3.85442638126086,-1.90824062587338,-0.0254162489554573,"Health Contribution",5.78808325608969,-1.90824062587338,3.87984263021631,2,5.78808325608969,"Small Below"
"371830540072",5.78808325608969,3.85442638126086,-1.90824062587338,-0.0254162489554573,"Heat Contribution",3.87984263021631,-0.0254162489554573,3.85442638126085,3,3.87984263021631,"Small Below"
"371830540072",5.78808325608969,3.85442638126086,-1.90824062587338,-0.0254162489554573,"CBG Attributable Rate",0,3.85442638126086,3.85442638126086,4,3.85442638126086,"CBG"
"371830537241",5.78808325608969,4.36309440663613,-1.12522436281439,-0.299764486639168,"RT Summer Avg. Rate",0,5.78808325608969,5.78808325608969,1,5.78808325608969,"Average"
"371830537241",5.78808325608969,4.36309440663613,-1.12522436281439,-0.299764486639168,"Health Contribution",5.78808325608969,-1.12522436281439,4.6628588932753,2,5.78808325608969,"Small Below"
"371830537241",5.78808325608969,4.36309440663613,-1.12522436281439,-0.299764486639168,"Heat Contribution",4.6628588932753,-0.299764486639168,4.36309440663613,3,4.6628588932753,"Small Below"
"371830537241",5.78808325608969,4.36309440663613,-1.12522436281439,-0.299764486639168,"CBG Attributable Rate",0,4.36309440663613,4.36309440663613,4,4.36309440663613,"CBG"
"371830511012",5.78808325608969,8.9687691318521,2.21437005219124,0.966315823571162,"RT Summer Avg. Rate",0,5.78808325608969,5.78808325608969,1,5.78808325608969,"Average"
"371830511012",5.78808325608969,8.9687691318521,2.21437005219124,0.966315823571162,"Health Contribution",5.78808325608969,2.21437005219124,8.00245330828093,2,8.00245330828093,"Large Above"
"371830511012",5.78808325608969,8.9687691318521,2.21437005219124,0.966315823571162,"Heat Contribution",8.00245330828093,0.966315823571162,8.96876913185209,3,8.96876913185209,"Small Above"
"371830511012",5.78808325608969,8.9687691318521,2.21437005219124,0.966315823571162,"CBG Attributable Rate",0,8.9687691318521,8.9687691318521,4,8.9687691318521,"CBG"
"371830540044",5.78808325608969,7.48710190529997,0.422951485092037,1.27606716411824,"RT Summer Avg. Rate",0,5.78808325608969,5.78808325608969,1,5.78808325608969,"Average"
"371830540044",5.78808325608969,7.48710190529997,0.422951485092037,1.27606716411824,"Health Contribution",5.78808325608969,0.422951485092037,6.21103474118173,2,6.21103474118173,"Small Above"
"371830540044",5.78808325608969,7.48710190529997,0.422951485092037,1.27606716411824,"Heat Contribution",6.21103474118173,1.27606716411824,7.48710190529997,3,7.48710190529997,"Small Above"
"371830540044",5.78808325608969,7.48710190529997,0.422951485092037,1.27606716411824,"CBG Attributable Rate",0,7.48710190529997,7.48710190529997,4,7.48710190529997,"CBG"
"371830527041",5.78808325608969,9.00656795837443,1.03734506647226,2.18113963581248,"RT Summer Avg. Rate",0,5.78808325608969,5.78808325608969,1,5.78808325608969,"Average"
"371830527041",5.78808325608969,9.00656795837443,1.03734506647226,2.18113963581248,"Health Contribution",5.78808325608969,1.03734506647226,6.82542832256195,2,6.82542832256195,"Small Above"
"371830527041",5.78808325608969,9.00656795837443,1.03734506647226,2.18113963581248,"Heat Contribution",6.82542832256195,2.18113963581248,9.00656795837443,3,9.00656795837443,"Large Above"
"371830527041",5.78808325608969,9.00656795837443,1.03734506647226,2.18113963581248,"CBG Attributable Rate",0,9.00656795837443,9.00656795837443,4,9.00656795837443,"CBG"
"371830540083",5.78808325608969,7.23935671417532,-0.109918369662782,1.56119182774841,"RT Summer Avg. Rate",0,5.78808325608969,5.78808325608969,1,5.78808325608969,"Average"
"371830540083",5.78808325608969,7.23935671417532,-0.109918369662782,1.56119182774841,"Health Contribution",5.78808325608969,-0.109918369662782,5.67816488642691,2,5.78808325608969,"Small Below"
"371830540083",5.78808325608969,7.23935671417532,-0.109918369662782,1.56119182774841,"Heat Contribution",5.67816488642691,1.56119182774841,7.23935671417532,3,7.23935671417532,"Small Above"
"371830540083",5.78808325608969,7.23935671417532,-0.109918369662782,1.56119182774841,"CBG Attributable Rate",0,7.23935671417532,7.23935671417532,4,7.23935671417532,"CBG"
"371830540082",5.78808325608969,8.7422446361847,1.03102507173054,1.92313630836447,"RT Summer Avg. Rate",0,5.78808325608969,5.78808325608969,1,5.78808325608969,"Average"
"371830540082",5.78808325608969,8.7422446361847,1.03102507173054,1.92313630836447,"Health Contribution",5.78808325608969,1.03102507173054,6.81910832782023,2,6.81910832782023,"Small Above"
"371830540082",5.78808325608969,8.7422446361847,1.03102507173054,1.92313630836447,"Heat Contribution",6.81910832782023,1.92313630836447,8.7422446361847,3,8.7422446361847,"Small Above"
"371830540082",5.78808325608969,8.7422446361847,1.03102507173054,1.92313630836447,"CBG Attributable Rate",0,8.7422446361847,8.7422446361847,4,8.7422446361847,"CBG"
"371830540081",5.78808325608969,6.47393787032409,-0.545262101083811,1.23111671531821,"RT Summer Avg. Rate",0,5.78808325608969,5.78808325608969,1,5.78808325608969,"Average"
"371830540081",5.78808325608969,6.47393787032409,-0.545262101083811,1.23111671531821,"Health Contribution",5.78808325608969,-0.545262101083811,5.24282115500588,2,5.78808325608969,"Small Below"
"371830540081",5.78808325608969,6.47393787032409,-0.545262101083811,1.23111671531821,"Heat Contribution",5.24282115500588,1.23111671531821,6.47393787032409,3,6.47393787032409,"Small Above"
"371830540081",5.78808325608969,6.47393787032409,-0.545262101083811,1.23111671531821,"CBG Attributable Rate",0,6.47393787032409,6.47393787032409,4,6.47393787032409,"CBG"
"371830528091",5.78808325608969,6.66769524005335,0.727523013999063,0.152088969964591,"RT Summer Avg. Rate",0,5.78808325608969,5.78808325608969,1,5.78808325608969,"Average"
"371830528091",5.78808325608969,6.66769524005335,0.727523013999063,0.152088969964591,"Health Contribution",5.78808325608969,0.727523013999063,6.51560627008875,2,6.51560627008875,"Small Above"
"371830528091",5.78808325608969,6.66769524005335,0.727523013999063,0.152088969964591,"Heat Contribution",6.51560627008875,0.152088969964591,6.66769524005334,3,6.66769524005334,"Small Above"
"371830528091",5.78808325608969,6.66769524005335,0.727523013999063,0.152088969964591,"CBG Attributable Rate",0,6.66769524005335,6.66769524005335,4,6.66769524005335,"CBG"
"371830535241",5.78808325608969,4.96527531086422,-0.997976807519393,0.175168862293917,"RT Summer Avg. Rate",0,5.78808325608969,5.78808325608969,1,5.78808325608969,"Average"
"371830535241",5.78808325608969,4.96527531086422,-0.997976807519393,0.175168862293917,"Health Contribution",5.78808325608969,-0.997976807519393,4.7901064485703,2,5.78808325608969,"Small Below"
"371830535241",5.78808325608969,4.96527531086422,-0.997976807519393,0.175168862293917,"Heat Contribution",4.7901064485703,0.175168862293917,4.96527531086421,3,4.96527531086421,"Small Above"
"371830535241",5.78808325608969,4.96527531086422,-0.997976807519393,0.175168862293917,"CBG Attributable Rate",0,4.96527531086422,4.96527531086422,4,4.96527531086422,"CBG"
"371830540161",5.78808325608969,4.76290801620355,-1.64810009230548,0.622924852419335,"RT Summer Avg. Rate",0,5.78808325608969,5.78808325608969,1,5.78808325608969,"Average"
"371830540161",5.78808325608969,4.76290801620355,-1.64810009230548,0.622924852419335,"Health Contribution",5.78808325608969,-1.64810009230548,4.13998316378421,2,5.78808325608969,"Small Below"
"371830540161",5.78808325608969,4.76290801620355,-1.64810009230548,0.622924852419335,"Heat Contribution",4.13998316378421,0.622924852419335,4.76290801620355,3,4.76290801620355,"Small Above"
"371830540161",5.78808325608969,4.76290801620355,-1.64810009230548,0.622924852419335,"CBG Attributable Rate",0,4.76290801620355,4.76290801620355,4,4.76290801620355,"CBG"
"371830537221",5.78808325608969,4.17535055724661,-1.17625851906688,-0.436474179776202,"RT Summer Avg. Rate",0,5.78808325608969,5.78808325608969,1,5.78808325608969,"Average"
"371830537221",5.78808325608969,4.17535055724661,-1.17625851906688,-0.436474179776202,"Health Contribution",5.78808325608969,-1.17625851906688,4.61182473702281,2,5.78808325608969,"Small Below"
"371830537221",5.78808325608969,4.17535055724661,-1.17625851906688,-0.436474179776202,"Heat Contribution",4.61182473702281,-0.436474179776202,4.17535055724661,3,4.61182473702281,"Small Below"
"371830537221",5.78808325608969,4.17535055724661,-1.17625851906688,-0.436474179776202,"CBG Attributable Rate",0,4.17535055724661,4.17535055724661,4,4.17535055724661,"CBG"
"371830538052",5.78808325608969,4.01101502783771,-1.5249702788908,-0.252097949361181,"RT Summer Avg. Rate",0,5.78808325608969,5.78808325608969,1,5.78808325608969,"Average"
"371830538052",5.78808325608969,4.01101502783771,-1.5249702788908,-0.252097949361181,"Health Contribution",5.78808325608969,-1.5249702788908,4.26311297719889,2,5.78808325608969,"Small Below"
"371830538052",5.78808325608969,4.01101502783771,-1.5249702788908,-0.252097949361181,"Heat Contribution",4.26311297719889,-0.252097949361181,4.01101502783771,3,4.26311297719889,"Small Below"
"371830538052",5.78808325608969,4.01101502783771,-1.5249702788908,-0.252097949361181,"CBG Attributable Rate",0,4.01101502783771,4.01101502783771,4,4.01101502783771,"CBG"
"371830535091",5.78808325608969,4.38969652932613,-1.5087497768564,0.110363050092839,"RT Summer Avg. Rate",0,5.78808325608969,5.78808325608969,1,5.78808325608969,"Average"
"371830535091",5.78808325608969,4.38969652932613,-1.5087497768564,0.110363050092839,"Health Contribution",5.78808325608969,-1.5087497768564,4.27933347923329,2,5.78808325608969,"Small Below"
"371830535091",5.78808325608969,4.38969652932613,-1.5087497768564,0.110363050092839,"Heat Contribution",4.27933347923329,0.110363050092839,4.38969652932613,3,4.38969652932613,"Small Above"
"371830535091",5.78808325608969,4.38969652932613,-1.5087497768564,0.110363050092839,"CBG Attributable Rate",0,4.38969652932613,4.38969652932613,4,4.38969652932613,"CBG"
"371830519003",5.78808325608969,9.20677928284126,1.20243331269709,2.21626271405448,"RT Summer Avg. Rate",0,5.78808325608969,5.78808325608969,1,5.78808325608969,"Average"
"371830519003",5.78808325608969,9.20677928284126,1.20243331269709,2.21626271405448,"Health Contribution",5.78808325608969,1.20243331269709,6.99051656878678,2,6.99051656878678,"Small Above"
"371830519003",5.78808325608969,9.20677928284126,1.20243331269709,2.21626271405448,"Heat Contribution",6.99051656878678,2.21626271405448,9.20677928284126,3,9.20677928284126,"Large Above"
"371830519003",5.78808325608969,9.20677928284126,1.20243331269709,2.21626271405448,"CBG Attributable Rate",0,9.20677928284126,9.20677928284126,4,9.20677928284126,"CBG"
"371830535072",5.78808325608969,7.02977111669477,1.22670866424317,0.0149791963619061,"RT Summer Avg. Rate",0,5.78808325608969,5.78808325608969,1,5.78808325608969,"Average"
"371830535072",5.78808325608969,7.02977111669477,1.22670866424317,0.0149791963619061,"Health Contribution",5.78808325608969,1.22670866424317,7.01479192033286,2,7.01479192033286,"Small Above"
"371830535072",5.78808325608969,7.02977111669477,1.22670866424317,0.0149791963619061,"Heat Contribution",7.01479192033286,0.0149791963619061,7.02977111669477,3,7.02977111669477,"Small Above"
"371830535072",5.78808325608969,7.02977111669477,1.22670866424317,0.0149791963619061,"CBG Attributable Rate",0,7.02977111669477,7.02977111669477,4,7.02977111669477,"CBG"
"371830526011",5.78808325608969,5.68202644986972,-0.874322663882892,0.768265857662922,"RT Summer Avg. Rate",0,5.78808325608969,5.78808325608969,1,5.78808325608969,"Average"
"371830526011",5.78808325608969,5.68202644986972,-0.874322663882892,0.768265857662922,"Health Contribution",5.78808325608969,-0.874322663882892,4.9137605922068,2,5.78808325608969,"Small Below"
"371830526011",5.78808325608969,5.68202644986972,-0.874322663882892,0.768265857662922,"Heat Contribution",4.9137605922068,0.768265857662922,5.68202644986972,3,5.68202644986972,"Small Above"
"371830526011",5.78808325608969,5.68202644986972,-0.874322663882892,0.768265857662922,"CBG Attributable Rate",0,5.68202644986972,5.68202644986972,4,5.68202644986972,"CBG"
"371830529011",5.78808325608969,5.7669110888809,-0.487213213155994,0.466041045947199,"RT Summer Avg. Rate",0,5.78808325608969,5.78808325608969,1,5.78808325608969,"Average"
"371830529011",5.78808325608969,5.7669110888809,-0.487213213155994,0.466041045947199,"Health Contribution",5.78808325608969,-0.487213213155994,5.3008700429337,2,5.78808325608969,"Small Below"
"371830529011",5.78808325608969,5.7669110888809,-0.487213213155994,0.466041045947199,"Heat Contribution",5.3008700429337,0.466041045947199,5.76691108888089,3,5.76691108888089,"Small Above"
"371830529011",5.78808325608969,5.7669110888809,-0.487213213155994,0.466041045947199,"CBG Attributable Rate",0,5.7669110888809,5.7669110888809,4,5.7669110888809,"CBG"
"371830541091",5.78808325608969,5.09571086081773,-0.987700327006844,0.295327931734884,"RT Summer Avg. Rate",0,5.78808325608969,5.78808325608969,1,5.78808325608969,"Average"
"371830541091",5.78808325608969,5.09571086081773,-0.987700327006844,0.295327931734884,"Health Contribution",5.78808325608969,-0.987700327006844,4.80038292908285,2,5.78808325608969,"Small Below"
"371830541091",5.78808325608969,5.09571086081773,-0.987700327006844,0.295327931734884,"Heat Contribution",4.80038292908285,0.295327931734884,5.09571086081773,3,5.09571086081773,"Small Above"
"371830541091",5.78808325608969,5.09571086081773,-0.987700327006844,0.295327931734884,"CBG Attributable Rate",0,5.09571086081773,5.09571086081773,4,5.09571086081773,"CBG"
"371830528013",5.78808325608969,5.91010684099604,-0.458392553599032,0.580416138505379,"RT Summer Avg. Rate",0,5.78808325608969,5.78808325608969,1,5.78808325608969,"Average"
"371830528013",5.78808325608969,5.91010684099604,-0.458392553599032,0.580416138505379,"Health Contribution",5.78808325608969,-0.458392553599032,5.32969070249066,2,5.78808325608969,"Small Below"
"371830528013",5.78808325608969,5.91010684099604,-0.458392553599032,0.580416138505379,"Heat Contribution",5.32969070249066,0.580416138505379,5.91010684099604,3,5.91010684099604,"Small Above"
"371830528013",5.78808325608969,5.91010684099604,-0.458392553599032,0.580416138505379,"CBG Attributable Rate",0,5.91010684099604,5.91010684099604,4,5.91010684099604,"CBG"
"371830528092",5.78808325608969,7.4044849470333,1.4945220011854,0.121879689758203,"RT Summer Avg. Rate",0,5.78808325608969,5.78808325608969,1,5.78808325608969,"Average"
"371830528092",5.78808325608969,7.4044849470333,1.4945220011854,0.121879689758203,"Health Contribution",5.78808325608969,1.4945220011854,7.28260525727509,2,7.28260525727509,"Small Above"
"371830528092",5.78808325608969,7.4044849470333,1.4945220011854,0.121879689758203,"Heat Contribution",7.28260525727509,0.121879689758203,7.40448494703329,3,7.40448494703329,"Small Above"
"371830528092",5.78808325608969,7.4044849470333,1.4945220011854,0.121879689758203,"CBG Attributable Rate",0,7.4044849470333,7.4044849470333,4,7.4044849470333,"CBG"
"371830512002",5.78808325608969,5.2460215570821,-1.75518897028181,1.21312727127421,"RT Summer Avg. Rate",0,5.78808325608969,5.78808325608969,1,5.78808325608969,"Average"
"371830512002",5.78808325608969,5.2460215570821,-1.75518897028181,1.21312727127421,"Health Contribution",5.78808325608969,-1.75518897028181,4.03289428580788,2,5.78808325608969,"Small Below"
"371830512002",5.78808325608969,5.2460215570821,-1.75518897028181,1.21312727127421,"Heat Contribution",4.03289428580788,1.21312727127421,5.24602155708209,3,5.24602155708209,"Small Above"
"371830512002",5.78808325608969,5.2460215570821,-1.75518897028181,1.21312727127421,"CBG Attributable Rate",0,5.2460215570821,5.2460215570821,4,5.2460215570821,"CBG"
"371830511023",5.7880832560897,8.69132360387752,1.41092683144893,1.49231351633889,"RT Summer Avg. Rate",0,5.7880832560897,5.7880832560897,1,5.7880832560897,"Average"
"371830511023",5.7880832560897,8.69132360387752,1.41092683144893,1.49231351633889,"Health Contribution",5.7880832560897,1.41092683144893,7.19901008753863,2,7.19901008753863,"Small Above"
"371830511023",5.7880832560897,8.69132360387752,1.41092683144893,1.49231351633889,"Heat Contribution",7.19901008753863,1.49231351633889,8.69132360387752,3,8.69132360387752,"Small Above"
"371830511023",5.7880832560897,8.69132360387752,1.41092683144893,1.49231351633889,"CBG Attributable Rate",0,8.69132360387752,8.69132360387752,4,8.69132360387752,"CBG"
"371830544041",5.78808325608969,8.48763239926964,2.48362850982946,0.215920633350481,"RT Summer Avg. Rate",0,5.78808325608969,5.78808325608969,1,5.78808325608969,"Average"
"371830544041",5.78808325608969,8.48763239926964,2.48362850982946,0.215920633350481,"Health Contribution",5.78808325608969,2.48362850982946,8.27171176591915,2,8.27171176591915,"Large Above"
"371830544041",5.78808325608969,8.48763239926964,2.48362850982946,0.215920633350481,"Heat Contribution",8.27171176591915,0.215920633350481,8.48763239926963,3,8.48763239926963,"Small Above"
"371830544041",5.78808325608969,8.48763239926964,2.48362850982946,0.215920633350481,"CBG Attributable Rate",0,8.48763239926964,8.48763239926964,4,8.48763239926964,"CBG"
"371830535063",5.78808325608969,6.72615794449677,0.913470516521149,0.0246041718859297,"RT Summer Avg. Rate",0,5.78808325608969,5.78808325608969,1,5.78808325608969,"Average"
"371830535063",5.78808325608969,6.72615794449677,0.913470516521149,0.0246041718859297,"Health Contribution",5.78808325608969,0.913470516521149,6.70155377261084,2,6.70155377261084,"Small Above"
"371830535063",5.78808325608969,6.72615794449677,0.913470516521149,0.0246041718859297,"Heat Contribution",6.70155377261084,0.0246041718859297,6.72615794449677,3,6.72615794449677,"Small Above"
"371830535063",5.78808325608969,6.72615794449677,0.913470516521149,0.0246041718859297,"CBG Attributable Rate",0,6.72615794449677,6.72615794449677,4,6.72615794449677,"CBG"
"371830528012",5.78808325608969,4.94327798695281,-1.20603875125878,0.361233482121901,"RT Summer Avg. Rate",0,5.78808325608969,5.78808325608969,1,5.78808325608969,"Average"
"371830528012",5.78808325608969,4.94327798695281,-1.20603875125878,0.361233482121901,"Health Contribution",5.78808325608969,-1.20603875125878,4.58204450483091,2,5.78808325608969,"Small Below"
"371830528012",5.78808325608969,4.94327798695281,-1.20603875125878,0.361233482121901,"Heat Contribution",4.58204450483091,0.361233482121901,4.94327798695281,3,4.94327798695281,"Small Above"
"371830528012",5.78808325608969,4.94327798695281,-1.20603875125878,0.361233482121901,"CBG Attributable Rate",0,4.94327798695281,4.94327798695281,4,4.94327798695281,"CBG"
"371830529031",5.78808325608969,5.23513985433184,-0.542153669779026,-0.0107897319788279,"RT Summer Avg. Rate",0,5.78808325608969,5.78808325608969,1,5.78808325608969,"Average"
"371830529031",5.78808325608969,5.23513985433184,-0.542153669779026,-0.0107897319788279,"Health Contribution",5.78808325608969,-0.542153669779026,5.24592958631066,2,5.78808325608969,"Small Below"
"371830529031",5.78808325608969,5.23513985433184,-0.542153669779026,-0.0107897319788279,"Heat Contribution",5.24592958631066,-0.0107897319788279,5.23513985433184,3,5.24592958631066,"Small Below"
"371830529031",5.78808325608969,5.23513985433184,-0.542153669779026,-0.0107897319788279,"CBG Attributable Rate",0,5.23513985433184,5.23513985433184,4,5.23513985433184,"CBG"
"371830524043",5.78808325608969,3.59215094982955,-2.47767768929827,0.281745383038122,"RT Summer Avg. Rate",0,5.78808325608969,5.78808325608969,1,5.78808325608969,"Average"
"371830524043",5.78808325608969,3.59215094982955,-2.47767768929827,0.281745383038122,"Health Contribution",5.78808325608969,-2.47767768929827,3.31040556679142,2,5.78808325608969,"Large Below"
"371830524043",5.78808325608969,3.59215094982955,-2.47767768929827,0.281745383038122,"Heat Contribution",3.31040556679142,0.281745383038122,3.59215094982954,3,3.59215094982954,"Small Above"
"371830524043",5.78808325608969,3.59215094982955,-2.47767768929827,0.281745383038122,"CBG Attributable Rate",0,3.59215094982955,3.59215094982955,4,3.59215094982955,"CBG"
"371830524042",5.78808325608969,4.27155183543594,-1.95757363334953,0.441042212695777,"RT Summer Avg. Rate",0,5.78808325608969,5.78808325608969,1,5.78808325608969,"Average"
"371830524042",5.78808325608969,4.27155183543594,-1.95757363334953,0.441042212695777,"Health Contribution",5.78808325608969,-1.95757363334953,3.83050962274016,2,5.78808325608969,"Small Below"
"371830524042",5.78808325608969,4.27155183543594,-1.95757363334953,0.441042212695777,"Heat Contribution",3.83050962274016,0.441042212695777,4.27155183543594,3,4.27155183543594,"Small Above"
"371830524042",5.78808325608969,4.27155183543594,-1.95757363334953,0.441042212695777,"CBG Attributable Rate",0,4.27155183543594,4.27155183543594,4,4.27155183543594,"CBG"
"371830503001",5.78808325608969,4.57367384096802,-2.38148492893163,1.16707551380996,"RT Summer Avg. Rate",0,5.78808325608969,5.78808325608969,1,5.78808325608969,"Average"
"371830503001",5.78808325608969,4.57367384096802,-2.38148492893163,1.16707551380996,"Health Contribution",5.78808325608969,-2.38148492893163,3.40659832715806,2,5.78808325608969,"Large Below"
"371830503001",5.78808325608969,4.57367384096802,-2.38148492893163,1.16707551380996,"Heat Contribution",3.40659832715806,1.16707551380996,4.57367384096802,3,4.57367384096802,"Small Above"
"371830503001",5.78808325608969,4.57367384096802,-2.38148492893163,1.16707551380996,"CBG Attributable Rate",0,4.57367384096802,4.57367384096802,4,4.57367384096802,"CBG"
"371830510001",5.78808325608969,5.70386092748987,-1.18773378406865,1.10351145546883,"RT Summer Avg. Rate",0,5.78808325608969,5.78808325608969,1,5.78808325608969,"Average"
"371830510001",5.78808325608969,5.70386092748987,-1.18773378406865,1.10351145546883,"Health Contribution",5.78808325608969,-1.18773378406865,4.60034947202104,2,5.78808325608969,"Small Below"
"371830510001",5.78808325608969,5.70386092748987,-1.18773378406865,1.10351145546883,"Heat Contribution",4.60034947202104,1.10351145546883,5.70386092748987,3,5.70386092748987,"Small Above"
"371830510001",5.78808325608969,5.70386092748987,-1.18773378406865,1.10351145546883,"CBG Attributable Rate",0,5.70386092748987,5.70386092748987,4,5.70386092748987,"CBG"
"371830521013",5.78808325608969,12.101844652035,4.01409302031657,2.29966837562878,"RT Summer Avg. Rate",0,5.78808325608969,5.78808325608969,1,5.78808325608969,"Average"
"371830521013",5.78808325608969,12.101844652035,4.01409302031657,2.29966837562878,"Health Contribution",5.78808325608969,4.01409302031657,9.80217627640626,2,9.80217627640626,"Large Above"
"371830521013",5.78808325608969,12.101844652035,4.01409302031657,2.29966837562878,"Heat Contribution",9.80217627640626,2.29966837562878,12.101844652035,3,12.101844652035,"Large Above"
"371830521013",5.78808325608969,12.101844652035,4.01409302031657,2.29966837562878,"CBG Attributable Rate",0,12.101844652035,12.101844652035,4,12.101844652035,"CBG"
"371830531111",5.78808325608969,4.80348322490676,-1.02084203560759,0.0362420044246557,"RT Summer Avg. Rate",0,5.78808325608969,5.78808325608969,1,5.78808325608969,"Average"
"371830531111",5.78808325608969,4.80348322490676,-1.02084203560759,0.0362420044246557,"Health Contribution",5.78808325608969,-1.02084203560759,4.7672412204821,2,5.78808325608969,"Small Below"
"371830531111",5.78808325608969,4.80348322490676,-1.02084203560759,0.0362420044246557,"Heat Contribution",4.7672412204821,0.0362420044246557,4.80348322490676,3,4.80348322490676,"Small Above"
"371830531111",5.78808325608969,4.80348322490676,-1.02084203560759,0.0362420044246557,"CBG Attributable Rate",0,4.80348322490676,4.80348322490676,4,4.80348322490676,"CBG"
"371830531112",5.78808325608969,4.91485232686783,-0.61777139553288,-0.255459533688986,"RT Summer Avg. Rate",0,5.78808325608969,5.78808325608969,1,5.78808325608969,"Average"
"371830531112",5.78808325608969,4.91485232686783,-0.61777139553288,-0.255459533688986,"Health Contribution",5.78808325608969,-0.61777139553288,5.17031186055681,2,5.78808325608969,"Small Below"
"371830531112",5.78808325608969,4.91485232686783,-0.61777139553288,-0.255459533688986,"Heat Contribution",5.17031186055681,-0.255459533688986,4.91485232686783,3,5.17031186055681,"Small Below"
"371830531112",5.78808325608969,4.91485232686783,-0.61777139553288,-0.255459533688986,"CBG Attributable Rate",0,4.91485232686783,4.91485232686783,4,4.91485232686783,"CBG"
"371830530061",5.78808325608969,3.1743014392082,-2.40563450226045,-0.208147314621045,"RT Summer Avg. Rate",0,5.78808325608969,5.78808325608969,1,5.78808325608969,"Average"
"371830530061",5.78808325608969,3.1743014392082,-2.40563450226045,-0.208147314621045,"Health Contribution",5.78808325608969,-2.40563450226045,3.38244875382924,2,5.78808325608969,"Large Below"
"371830530061",5.78808325608969,3.1743014392082,-2.40563450226045,-0.208147314621045,"Heat Contribution",3.38244875382924,-0.208147314621045,3.17430143920819,3,3.38244875382924,"Small Below"
"371830530061",5.78808325608969,3.1743014392082,-2.40563450226045,-0.208147314621045,"CBG Attributable Rate",0,3.1743014392082,3.1743014392082,4,3.1743014392082,"CBG"
"371830532051",5.78808325608969,4.39166308819745,-1.45483758920719,0.0584174213149559,"RT Summer Avg. Rate",0,5.78808325608969,5.78808325608969,1,5.78808325608969,"Average"
"371830532051",5.78808325608969,4.39166308819745,-1.45483758920719,0.0584174213149559,"Health Contribution",5.78808325608969,-1.45483758920719,4.3332456668825,2,5.78808325608969,"Small Below"
"371830532051",5.78808325608969,4.39166308819745,-1.45483758920719,0.0584174213149559,"Heat Contribution",4.3332456668825,0.0584174213149559,4.39166308819746,3,4.39166308819746,"Small Above"
"371830532051",5.78808325608969,4.39166308819745,-1.45483758920719,0.0584174213149559,"CBG Attributable Rate",0,4.39166308819745,4.39166308819745,4,4.39166308819745,"CBG"
"371830532021",5.78808325608969,5.5786410255712,-0.453920981325193,0.244478750806704,"RT Summer Avg. Rate",0,5.78808325608969,5.78808325608969,1,5.78808325608969,"Average"
"371830532021",5.78808325608969,5.5786410255712,-0.453920981325193,0.244478750806704,"Health Contribution",5.78808325608969,-0.453920981325193,5.3341622747645,2,5.78808325608969,"Small Below"
"371830532021",5.78808325608969,5.5786410255712,-0.453920981325193,0.244478750806704,"Heat Contribution",5.3341622747645,0.244478750806704,5.5786410255712,3,5.5786410255712,"Small Above"
"371830532021",5.78808325608969,5.5786410255712,-0.453920981325193,0.244478750806704,"CBG Attributable Rate",0,5.5786410255712,5.5786410255712,4,5.5786410255712,"CBG"
"371830530053",5.78808325608969,3.6489603066568,-1.94621613596666,-0.192906813466242,"RT Summer Avg. Rate",0,5.78808325608969,5.78808325608969,1,5.78808325608969,"Average"
"371830530053",5.78808325608969,3.6489603066568,-1.94621613596666,-0.192906813466242,"Health Contribution",5.78808325608969,-1.94621613596666,3.84186712012303,2,5.78808325608969,"Small Below"
"371830530053",5.78808325608969,3.6489603066568,-1.94621613596666,-0.192906813466242,"Heat Contribution",3.84186712012303,-0.192906813466242,3.64896030665679,3,3.84186712012303,"Small Below"
"371830530053",5.78808325608969,3.6489603066568,-1.94621613596666,-0.192906813466242,"CBG Attributable Rate",0,3.6489603066568,3.6489603066568,4,3.6489603066568,"CBG"
"371830534191",5.78808325608969,6.86444993539563,0.936627167892305,0.139739511413629,"RT Summer Avg. Rate",0,5.78808325608969,5.78808325608969,1,5.78808325608969,"Average"
"371830534191",5.78808325608969,6.86444993539563,0.936627167892305,0.139739511413629,"Health Contribution",5.78808325608969,0.936627167892305,6.724710423982,2,6.724710423982,"Small Above"
"371830534191",5.78808325608969,6.86444993539563,0.936627167892305,0.139739511413629,"Heat Contribution",6.724710423982,0.139739511413629,6.86444993539562,3,6.86444993539562,"Small Above"
"371830534191",5.78808325608969,6.86444993539563,0.936627167892305,0.139739511413629,"CBG Attributable Rate",0,6.86444993539563,6.86444993539563,4,6.86444993539563,"CBG"
"371830534052",5.7880832560897,4.57559069412374,-1.293501827852,0.0810092658860439,"RT Summer Avg. Rate",0,5.7880832560897,5.7880832560897,1,5.7880832560897,"Average"
"371830534052",5.7880832560897,4.57559069412374,-1.293501827852,0.0810092658860439,"Health Contribution",5.7880832560897,-1.293501827852,4.4945814282377,2,5.7880832560897,"Small Below"
"371830534052",5.7880832560897,4.57559069412374,-1.293501827852,0.0810092658860439,"Heat Contribution",4.4945814282377,0.0810092658860439,4.57559069412374,3,4.57559069412374,"Small Above"
"371830534052",5.7880832560897,4.57559069412374,-1.293501827852,0.0810092658860439,"CBG Attributable Rate",0,4.57559069412374,4.57559069412374,4,4.57559069412374,"CBG"
"371830534192",5.78808325608969,4.88881527796325,-0.762268906222588,-0.136999071903853,"RT Summer Avg. Rate",0,5.78808325608969,5.78808325608969,1,5.78808325608969,"Average"
"371830534192",5.78808325608969,4.88881527796325,-0.762268906222588,-0.136999071903853,"Health Contribution",5.78808325608969,-0.762268906222588,5.0258143498671,2,5.78808325608969,"Small Below"
"371830534192",5.78808325608969,4.88881527796325,-0.762268906222588,-0.136999071903853,"Heat Contribution",5.0258143498671,-0.136999071903853,4.88881527796325,3,5.0258143498671,"Small Below"
"371830534192",5.78808325608969,4.88881527796325,-0.762268906222588,-0.136999071903853,"CBG Attributable Rate",0,4.88881527796325,4.88881527796325,4,4.88881527796325,"CBG"
"371830535073",5.78808325608969,6.61889677792224,0.902816308807774,-0.0720027869752265,"RT Summer Avg. Rate",0,5.78808325608969,5.78808325608969,1,5.78808325608969,"Average"
"371830535073",5.78808325608969,6.61889677792224,0.902816308807774,-0.0720027869752265,"Health Contribution",5.78808325608969,0.902816308807774,6.69089956489746,2,6.69089956489746,"Small Above"
"371830535073",5.78808325608969,6.61889677792224,0.902816308807774,-0.0720027869752265,"Heat Contribution",6.69089956489746,-0.0720027869752265,6.61889677792224,3,6.69089956489746,"Small Below"
"371830535073",5.78808325608969,6.61889677792224,0.902816308807774,-0.0720027869752265,"CBG Attributable Rate",0,6.61889677792224,6.61889677792224,4,6.61889677792224,"CBG"
"371830537171",5.78808325608969,4.57644656100289,-0.864287372771229,-0.347349322315572,"RT Summer Avg. Rate",0,5.78808325608969,5.78808325608969,1,5.78808325608969,"Average"
"371830537171",5.78808325608969,4.57644656100289,-0.864287372771229,-0.347349322315572,"Health Contribution",5.78808325608969,-0.864287372771229,4.92379588331846,2,5.78808325608969,"Small Below"
"371830537171",5.78808325608969,4.57644656100289,-0.864287372771229,-0.347349322315572,"Heat Contribution",4.92379588331846,-0.347349322315572,4.57644656100289,3,4.92379588331846,"Small Below"
"371830537171",5.78808325608969,4.57644656100289,-0.864287372771229,-0.347349322315572,"CBG Attributable Rate",0,4.57644656100289,4.57644656100289,4,4.57644656100289,"CBG"
"371830521014",5.78808325608969,8.96688098455252,1.23742833493153,1.9413693935313,"RT Summer Avg. Rate",0,5.78808325608969,5.78808325608969,1,5.78808325608969,"Average"
"371830521014",5.78808325608969,8.96688098455252,1.23742833493153,1.9413693935313,"Health Contribution",5.78808325608969,1.23742833493153,7.02551159102122,2,7.02551159102122,"Small Above"
"371830521014",5.78808325608969,8.96688098455252,1.23742833493153,1.9413693935313,"Heat Contribution",7.02551159102122,1.9413693935313,8.96688098455252,3,8.96688098455252,"Small Above"
"371830521014",5.78808325608969,8.96688098455252,1.23742833493153,1.9413693935313,"CBG Attributable Rate",0,8.96688098455252,8.96688098455252,4,8.96688098455252,"CBG"
"371830540071",5.78808325608969,4.51714168056784,-1.34470416851926,0.073762592997407,"RT Summer Avg. Rate",0,5.78808325608969,5.78808325608969,1,5.78808325608969,"Average"
"371830540071",5.78808325608969,4.51714168056784,-1.34470416851926,0.073762592997407,"Health Contribution",5.78808325608969,-1.34470416851926,4.44337908757043,2,5.78808325608969,"Small Below"
"371830540071",5.78808325608969,4.51714168056784,-1.34470416851926,0.073762592997407,"Heat Contribution",4.44337908757043,0.073762592997407,4.51714168056784,3,4.51714168056784,"Small Above"
"371830540071",5.78808325608969,4.51714168056784,-1.34470416851926,0.073762592997407,"CBG Attributable Rate",0,4.51714168056784,4.51714168056784,4,4.51714168056784,"CBG"
"371830540112",5.78808325608969,3.52625433476,-2.01228990975904,-0.249539011570657,"RT Summer Avg. Rate",0,5.78808325608969,5.78808325608969,1,5.78808325608969,"Average"
"371830540112",5.78808325608969,3.52625433476,-2.01228990975904,-0.249539011570657,"Health Contribution",5.78808325608969,-2.01228990975904,3.77579334633065,2,5.78808325608969,"Large Below"
"371830540112",5.78808325608969,3.52625433476,-2.01228990975904,-0.249539011570657,"Heat Contribution",3.77579334633065,-0.249539011570657,3.52625433475999,3,3.77579334633065,"Small Below"
"371830540112",5.78808325608969,3.52625433476,-2.01228990975904,-0.249539011570657,"CBG Attributable Rate",0,3.52625433476,3.52625433476,4,3.52625433476,"CBG"
"371830540111",5.78808325608969,3.47604396808338,-2.3488367799692,0.0367974919628793,"RT Summer Avg. Rate",0,5.78808325608969,5.78808325608969,1,5.78808325608969,"Average"
"371830540111",5.78808325608969,3.47604396808338,-2.3488367799692,0.0367974919628793,"Health Contribution",5.78808325608969,-2.3488367799692,3.43924647612049,2,5.78808325608969,"Large Below"
"371830540111",5.78808325608969,3.47604396808338,-2.3488367799692,0.0367974919628793,"Heat Contribution",3.43924647612049,0.0367974919628793,3.47604396808337,3,3.47604396808337,"Small Above"
"371830540111",5.78808325608969,3.47604396808338,-2.3488367799692,0.0367974919628793,"CBG Attributable Rate",0,3.47604396808338,3.47604396808338,4,3.47604396808338,"CBG"
"371830532042",5.78808325608969,6.14723739828683,-0.0274195633574784,0.386573705554614,"RT Summer Avg. Rate",0,5.78808325608969,5.78808325608969,1,5.78808325608969,"Average"
"371830532042",5.78808325608969,6.14723739828683,-0.0274195633574784,0.386573705554614,"Health Contribution",5.78808325608969,-0.0274195633574784,5.76066369273221,2,5.78808325608969,"Small Below"
"371830532042",5.78808325608969,6.14723739828683,-0.0274195633574784,0.386573705554614,"Heat Contribution",5.76066369273221,0.386573705554614,6.14723739828683,3,6.14723739828683,"Small Above"
"371830532042",5.78808325608969,6.14723739828683,-0.0274195633574784,0.386573705554614,"CBG Attributable Rate",0,6.14723739828683,6.14723739828683,4,6.14723739828683,"CBG"
"371830534091",5.78808325608969,3.67443279862725,-2.15219590091426,0.0385454434518074,"RT Summer Avg. Rate",0,5.78808325608969,5.78808325608969,1,5.78808325608969,"Average"
"371830534091",5.78808325608969,3.67443279862725,-2.15219590091426,0.0385454434518074,"Health Contribution",5.78808325608969,-2.15219590091426,3.63588735517543,2,5.78808325608969,"Large Below"
"371830534091",5.78808325608969,3.67443279862725,-2.15219590091426,0.0385454434518074,"Heat Contribution",3.63588735517543,0.0385454434518074,3.67443279862724,3,3.67443279862724,"Small Above"
"371830534091",5.78808325608969,3.67443279862725,-2.15219590091426,0.0385454434518074,"CBG Attributable Rate",0,3.67443279862725,3.67443279862725,4,3.67443279862725,"CBG"
"371830532032",5.78808325608969,4.74325999475006,-1.27355597555307,0.228732714213428,"RT Summer Avg. Rate",0,5.78808325608969,5.78808325608969,1,5.78808325608969,"Average"
"371830532032",5.78808325608969,4.74325999475006,-1.27355597555307,0.228732714213428,"Health Contribution",5.78808325608969,-1.27355597555307,4.51452728053662,2,5.78808325608969,"Small Below"
"371830532032",5.78808325608969,4.74325999475006,-1.27355597555307,0.228732714213428,"Heat Contribution",4.51452728053662,0.228732714213428,4.74325999475005,3,4.74325999475005,"Small Above"
"371830532032",5.78808325608969,4.74325999475006,-1.27355597555307,0.228732714213428,"CBG Attributable Rate",0,4.74325999475006,4.74325999475006,4,4.74325999475006,"CBG"
"371830534251",5.78808325608969,5.33970550662241,-1.03824104288533,0.589863293418044,"RT Summer Avg. Rate",0,5.78808325608969,5.78808325608969,1,5.78808325608969,"Average"
"371830534251",5.78808325608969,5.33970550662241,-1.03824104288533,0.589863293418044,"Health Contribution",5.78808325608969,-1.03824104288533,4.74984221320436,2,5.78808325608969,"Small Below"
"371830534251",5.78808325608969,5.33970550662241,-1.03824104288533,0.589863293418044,"Heat Contribution",4.74984221320436,0.589863293418044,5.3397055066224,3,5.3397055066224,"Small Above"
"371830534251",5.78808325608969,5.33970550662241,-1.03824104288533,0.589863293418044,"CBG Attributable Rate",0,5.33970550662241,5.33970550662241,4,5.33970550662241,"CBG"
"371830540123",5.78808325608969,5.01752434009015,-1.30219385687858,0.531634940879039,"RT Summer Avg. Rate",0,5.78808325608969,5.78808325608969,1,5.78808325608969,"Average"
"371830540123",5.78808325608969,5.01752434009015,-1.30219385687858,0.531634940879039,"Health Contribution",5.78808325608969,-1.30219385687858,4.48588939921111,2,5.78808325608969,"Small Below"
"371830540123",5.78808325608969,5.01752434009015,-1.30219385687858,0.531634940879039,"Heat Contribution",4.48588939921111,0.531634940879039,5.01752434009015,3,5.01752434009015,"Small Above"
"371830540123",5.78808325608969,5.01752434009015,-1.30219385687858,0.531634940879039,"CBG Attributable Rate",0,5.01752434009015,5.01752434009015,4,5.01752434009015,"CBG"
"371830540122",5.78808325608969,3.94638743501118,-2.06092062839183,0.219224807313308,"RT Summer Avg. Rate",0,5.78808325608969,5.78808325608969,1,5.78808325608969,"Average"
"371830540122",5.78808325608969,3.94638743501118,-2.06092062839183,0.219224807313308,"Health Contribution",5.78808325608969,-2.06092062839183,3.72716262769786,2,5.78808325608969,"Large Below"
"371830540122",5.78808325608969,3.94638743501118,-2.06092062839183,0.219224807313308,"Heat Contribution",3.72716262769786,0.219224807313308,3.94638743501117,3,3.94638743501117,"Small Above"
"371830540122",5.78808325608969,3.94638743501118,-2.06092062839183,0.219224807313308,"CBG Attributable Rate",0,3.94638743501118,3.94638743501118,4,3.94638743501118,"CBG"
"371830540061",5.78808325608969,6.00214707321011,-0.0689553411629672,0.283019158283383,"RT Summer Avg. Rate",0,5.78808325608969,5.78808325608969,1,5.78808325608969,"Average"
"371830540061",5.78808325608969,6.00214707321011,-0.0689553411629672,0.283019158283383,"Health Contribution",5.78808325608969,-0.0689553411629672,5.71912791492672,2,5.78808325608969,"Small Below"
"371830540061",5.78808325608969,6.00214707321011,-0.0689553411629672,0.283019158283383,"Heat Contribution",5.71912791492672,0.283019158283383,6.00214707321011,3,6.00214707321011,"Small Above"
"371830540061",5.78808325608969,6.00214707321011,-0.0689553411629672,0.283019158283383,"CBG Attributable Rate",0,6.00214707321011,6.00214707321011,4,6.00214707321011,"CBG"
"371830527061",5.78808325608969,7.37122289647189,-0.415078904085241,1.99821854446744,"RT Summer Avg. Rate",0,5.78808325608969,5.78808325608969,1,5.78808325608969,"Average"
"371830527061",5.78808325608969,7.37122289647189,-0.415078904085241,1.99821854446744,"Health Contribution",5.78808325608969,-0.415078904085241,5.37300435200445,2,5.78808325608969,"Small Below"
"371830527061",5.78808325608969,7.37122289647189,-0.415078904085241,1.99821854446744,"Heat Contribution",5.37300435200445,1.99821854446744,7.37122289647189,3,7.37122289647189,"Small Above"
"371830527061",5.78808325608969,7.37122289647189,-0.415078904085241,1.99821854446744,"CBG Attributable Rate",0,7.37122289647189,7.37122289647189,4,7.37122289647189,"CBG"
"371830505003",5.78808325608969,6.12125647820985,-1.41719376143562,1.75036698355577,"RT Summer Avg. Rate",0,5.78808325608969,5.78808325608969,1,5.78808325608969,"Average"
"371830505003",5.78808325608969,6.12125647820985,-1.41719376143562,1.75036698355577,"Health Contribution",5.78808325608969,-1.41719376143562,4.37088949465407,2,5.78808325608969,"Small Below"
"371830505003",5.78808325608969,6.12125647820985,-1.41719376143562,1.75036698355577,"Heat Contribution",4.37088949465407,1.75036698355577,6.12125647820984,3,6.12125647820984,"Small Above"
"371830505003",5.78808325608969,6.12125647820985,-1.41719376143562,1.75036698355577,"CBG Attributable Rate",0,6.12125647820985,6.12125647820985,4,6.12125647820985,"CBG"
"371830534252",5.78808325608969,3.13444425279423,-2.83970784580122,0.186068842505759,"RT Summer Avg. Rate",0,5.78808325608969,5.78808325608969,1,5.78808325608969,"Average"
"371830534252",5.78808325608969,3.13444425279423,-2.83970784580122,0.186068842505759,"Health Contribution",5.78808325608969,-2.83970784580122,2.94837541028847,2,5.78808325608969,"Large Below"
"371830534252",5.78808325608969,3.13444425279423,-2.83970784580122,0.186068842505759,"Heat Contribution",2.94837541028847,0.186068842505759,3.13444425279423,3,3.13444425279423,"Small Above"
"371830534252",5.78808325608969,3.13444425279423,-2.83970784580122,0.186068842505759,"CBG Attributable Rate",0,3.13444425279423,3.13444425279423,4,3.13444425279423,"CBG"
"371830536031",5.78808325608969,4.49784460522591,-1.7017488466585,0.411510195794714,"RT Summer Avg. Rate",0,5.78808325608969,5.78808325608969,1,5.78808325608969,"Average"
"371830536031",5.78808325608969,4.49784460522591,-1.7017488466585,0.411510195794714,"Health Contribution",5.78808325608969,-1.7017488466585,4.08633440943119,2,5.78808325608969,"Small Below"
"371830536031",5.78808325608969,4.49784460522591,-1.7017488466585,0.411510195794714,"Heat Contribution",4.08633440943119,0.411510195794714,4.4978446052259,3,4.4978446052259,"Small Above"
"371830536031",5.78808325608969,4.49784460522591,-1.7017488466585,0.411510195794714,"CBG Attributable Rate",0,4.49784460522591,4.49784460522591,4,4.49784460522591,"CBG"
"371830534082",5.78808325608969,3.73213373733457,-2.14269232854945,0.0867428097943251,"RT Summer Avg. Rate",0,5.78808325608969,5.78808325608969,1,5.78808325608969,"Average"
"371830534082",5.78808325608969,3.73213373733457,-2.14269232854945,0.0867428097943251,"Health Contribution",5.78808325608969,-2.14269232854945,3.64539092754024,2,5.78808325608969,"Large Below"
"371830534082",5.78808325608969,3.73213373733457,-2.14269232854945,0.0867428097943251,"Heat Contribution",3.64539092754024,0.0867428097943251,3.73213373733457,3,3.73213373733457,"Small Above"
"371830534082",5.78808325608969,3.73213373733457,-2.14269232854945,0.0867428097943251,"CBG Attributable Rate",0,3.73213373733457,3.73213373733457,4,3.73213373733457,"CBG"
"371830534101",5.78808325608969,3.74247099753315,-2.1620603631429,0.116448104586359,"RT Summer Avg. Rate",0,5.78808325608969,5.78808325608969,1,5.78808325608969,"Average"
"371830534101",5.78808325608969,3.74247099753315,-2.1620603631429,0.116448104586359,"Health Contribution",5.78808325608969,-2.1620603631429,3.62602289294679,2,5.78808325608969,"Large Below"
"371830534101",5.78808325608969,3.74247099753315,-2.1620603631429,0.116448104586359,"Heat Contribution",3.62602289294679,0.116448104586359,3.74247099753315,3,3.74247099753315,"Small Above"
"371830534101",5.78808325608969,3.74247099753315,-2.1620603631429,0.116448104586359,"CBG Attributable Rate",0,3.74247099753315,3.74247099753315,4,3.74247099753315,"CBG"
"371830538072",5.78808325608969,2.87768639165712,-2.38585154472658,-0.524545319705997,"RT Summer Avg. Rate",0,5.78808325608969,5.78808325608969,1,5.78808325608969,"Average"
"371830538072",5.78808325608969,2.87768639165712,-2.38585154472658,-0.524545319705997,"Health Contribution",5.78808325608969,-2.38585154472658,3.40223171136311,2,5.78808325608969,"Large Below"
"371830538072",5.78808325608969,2.87768639165712,-2.38585154472658,-0.524545319705997,"Heat Contribution",3.40223171136311,-0.524545319705997,2.87768639165711,3,3.40223171136311,"Small Below"
"371830538072",5.78808325608969,2.87768639165712,-2.38585154472658,-0.524545319705997,"CBG Attributable Rate",0,2.87768639165712,2.87768639165712,4,2.87768639165712,"CBG"
"371830527052",5.78808325608969,9.68428993446892,1.54206141602532,2.3541452623539,"RT Summer Avg. Rate",0,5.78808325608969,5.78808325608969,1,5.78808325608969,"Average"
"371830527052",5.78808325608969,9.68428993446892,1.54206141602532,2.3541452623539,"Health Contribution",5.78808325608969,1.54206141602532,7.33014467211501,2,7.33014467211501,"Small Above"
"371830527052",5.78808325608969,9.68428993446892,1.54206141602532,2.3541452623539,"Heat Contribution",7.33014467211501,2.3541452623539,9.68428993446891,3,9.68428993446891,"Large Above"
"371830527052",5.78808325608969,9.68428993446892,1.54206141602532,2.3541452623539,"CBG Attributable Rate",0,9.68428993446892,9.68428993446892,4,9.68428993446892,"CBG"
"371830520011",5.78808325608969,12.0653587529316,3.43412380747027,2.84315168937166,"RT Summer Avg. Rate",0,5.78808325608969,5.78808325608969,1,5.78808325608969,"Average"
"371830520011",5.78808325608969,12.0653587529316,3.43412380747027,2.84315168937166,"Health Contribution",5.78808325608969,3.43412380747027,9.22220706355996,2,9.22220706355996,"Large Above"
"371830520011",5.78808325608969,12.0653587529316,3.43412380747027,2.84315168937166,"Heat Contribution",9.22220706355996,2.84315168937166,12.0653587529316,3,12.0653587529316,"Large Above"
"371830520011",5.78808325608969,12.0653587529316,3.43412380747027,2.84315168937166,"CBG Attributable Rate",0,12.0653587529316,12.0653587529316,4,12.0653587529316,"CBG"
"371830538081",5.78808325608969,2.72779528440794,-2.70170098497639,-0.358586986705363,"RT Summer Avg. Rate",0,5.78808325608969,5.78808325608969,1,5.78808325608969,"Average"
"371830538081",5.78808325608969,2.72779528440794,-2.70170098497639,-0.358586986705363,"Health Contribution",5.78808325608969,-2.70170098497639,3.0863822711133,2,5.78808325608969,"Large Below"
"371830538081",5.78808325608969,2.72779528440794,-2.70170098497639,-0.358586986705363,"Heat Contribution",3.0863822711133,-0.358586986705363,2.72779528440794,3,3.0863822711133,"Small Below"
"371830538081",5.78808325608969,2.72779528440794,-2.70170098497639,-0.358586986705363,"CBG Attributable Rate",0,2.72779528440794,2.72779528440794,4,2.72779528440794,"CBG"
"371830538082",5.78808325608969,3.2768853907586,-2.30949826003928,-0.201699605291811,"RT Summer Avg. Rate",0,5.78808325608969,5.78808325608969,1,5.78808325608969,"Average"
"371830538082",5.78808325608969,3.2768853907586,-2.30949826003928,-0.201699605291811,"Health Contribution",5.78808325608969,-2.30949826003928,3.47858499605041,2,5.78808325608969,"Large Below"
"371830538082",5.78808325608969,3.2768853907586,-2.30949826003928,-0.201699605291811,"Heat Contribution",3.47858499605041,-0.201699605291811,3.2768853907586,3,3.47858499605041,"Small Below"
"371830538082",5.78808325608969,3.2768853907586,-2.30949826003928,-0.201699605291811,"CBG Attributable Rate",0,3.2768853907586,3.2768853907586,4,3.2768853907586,"CBG"
"371830535252",5.78808325608969,4.20893397038317,-1.64685325026735,0.0677039645608195,"RT Summer Avg. Rate",0,5.78808325608969,5.78808325608969,1,5.78808325608969,"Average"
"371830535252",5.78808325608969,4.20893397038317,-1.64685325026735,0.0677039645608195,"Health Contribution",5.78808325608969,-1.64685325026735,4.14123000582234,2,5.78808325608969,"Small Below"
"371830535252",5.78808325608969,4.20893397038317,-1.64685325026735,0.0677039645608195,"Heat Contribution",4.14123000582234,0.0677039645608195,4.20893397038316,3,4.20893397038316,"Small Above"
"371830535252",5.78808325608969,4.20893397038317,-1.64685325026735,0.0677039645608195,"CBG Attributable Rate",0,4.20893397038317,4.20893397038317,4,4.20893397038317,"CBG"
"371830535232",5.7880832560897,4.21046368926086,-1.92228017044888,0.344660603620043,"RT Summer Avg. Rate",0,5.7880832560897,5.7880832560897,1,5.7880832560897,"Average"
"371830535232",5.7880832560897,4.21046368926086,-1.92228017044888,0.344660603620043,"Health Contribution",5.7880832560897,-1.92228017044888,3.86580308564082,2,5.7880832560897,"Small Below"
"371830535232",5.7880832560897,4.21046368926086,-1.92228017044888,0.344660603620043,"Heat Contribution",3.86580308564082,0.344660603620043,4.21046368926086,3,4.21046368926086,"Small Above"
"371830535232",5.7880832560897,4.21046368926086,-1.92228017044888,0.344660603620043,"CBG Attributable Rate",0,4.21046368926086,4.21046368926086,4,4.21046368926086,"CBG"
"371830508001",5.78808325608969,13.8115868923184,4.14074792633697,3.88275570989175,"RT Summer Avg. Rate",0,5.78808325608969,5.78808325608969,1,5.78808325608969,"Average"
"371830508001",5.78808325608969,13.8115868923184,4.14074792633697,3.88275570989175,"Health Contribution",5.78808325608969,4.14074792633697,9.92883118242666,2,9.92883118242666,"Large Above"
"371830508001",5.78808325608969,13.8115868923184,4.14074792633697,3.88275570989175,"Heat Contribution",9.92883118242666,3.88275570989175,13.8115868923184,3,13.8115868923184,"Large Above"
"371830508001",5.78808325608969,13.8115868923184,4.14074792633697,3.88275570989175,"CBG Attributable Rate",0,13.8115868923184,13.8115868923184,4,13.8115868923184,"CBG"
"371830509002",5.78808325608969,9.57260867481943,1.31553438598549,2.46899103274425,"RT Summer Avg. Rate",0,5.78808325608969,5.78808325608969,1,5.78808325608969,"Average"
"371830509002",5.78808325608969,9.57260867481943,1.31553438598549,2.46899103274425,"Health Contribution",5.78808325608969,1.31553438598549,7.10361764207518,2,7.10361764207518,"Small Above"
"371830509002",5.78808325608969,9.57260867481943,1.31553438598549,2.46899103274425,"Heat Contribution",7.10361764207518,2.46899103274425,9.57260867481943,3,9.57260867481943,"Large Above"
"371830509002",5.78808325608969,9.57260867481943,1.31553438598549,2.46899103274425,"CBG Attributable Rate",0,9.57260867481943,9.57260867481943,4,9.57260867481943,"CBG"
"371830527051",5.78808325608969,8.02874542366378,0.296324292957128,1.94433787461696,"RT Summer Avg. Rate",0,5.78808325608969,5.78808325608969,1,5.78808325608969,"Average"
"371830527051",5.78808325608969,8.02874542366378,0.296324292957128,1.94433787461696,"Health Contribution",5.78808325608969,0.296324292957128,6.08440754904682,2,6.08440754904682,"Small Above"
"371830527051",5.78808325608969,8.02874542366378,0.296324292957128,1.94433787461696,"Heat Contribution",6.08440754904682,1.94433787461696,8.02874542366378,3,8.02874542366378,"Small Above"
"371830527051",5.78808325608969,8.02874542366378,0.296324292957128,1.94433787461696,"CBG Attributable Rate",0,8.02874542366378,8.02874542366378,4,8.02874542366378,"CBG"
"371830527071",5.78808325608969,7.73570324545723,0.452239292484131,1.4953806968834,"RT Summer Avg. Rate",0,5.78808325608969,5.78808325608969,1,5.78808325608969,"Average"
"371830527071",5.78808325608969,7.73570324545723,0.452239292484131,1.4953806968834,"Health Contribution",5.78808325608969,0.452239292484131,6.24032254857382,2,6.24032254857382,"Small Above"
"371830527071",5.78808325608969,7.73570324545723,0.452239292484131,1.4953806968834,"Heat Contribution",6.24032254857382,1.4953806968834,7.73570324545722,3,7.73570324545722,"Small Above"
"371830527071",5.78808325608969,7.73570324545723,0.452239292484131,1.4953806968834,"CBG Attributable Rate",0,7.73570324545723,7.73570324545723,4,7.73570324545723,"CBG"
"371830534231",5.78808325608969,3.9316179080083,-1.92455302275604,0.0680876746746508,"RT Summer Avg. Rate",0,5.78808325608969,5.78808325608969,1,5.78808325608969,"Average"
"371830534231",5.78808325608969,3.9316179080083,-1.92455302275604,0.0680876746746508,"Health Contribution",5.78808325608969,-1.92455302275604,3.86353023333365,2,5.78808325608969,"Small Below"
"371830534231",5.78808325608969,3.9316179080083,-1.92455302275604,0.0680876746746508,"Heat Contribution",3.86353023333365,0.0680876746746508,3.9316179080083,3,3.9316179080083,"Small Above"
"371830534231",5.78808325608969,3.9316179080083,-1.92455302275604,0.0680876746746508,"CBG Attributable Rate",0,3.9316179080083,3.9316179080083,4,3.9316179080083,"CBG"
"371830534232",5.78808325608969,5.24984408385964,-0.858986669294208,0.320747497064152,"RT Summer Avg. Rate",0,5.78808325608969,5.78808325608969,1,5.78808325608969,"Average"
"371830534232",5.78808325608969,5.24984408385964,-0.858986669294208,0.320747497064152,"Health Contribution",5.78808325608969,-0.858986669294208,4.92909658679548,2,5.78808325608969,"Small Below"
"371830534232",5.78808325608969,5.24984408385964,-0.858986669294208,0.320747497064152,"Heat Contribution",4.92909658679548,0.320747497064152,5.24984408385963,3,5.24984408385963,"Small Above"
"371830534232",5.78808325608969,5.24984408385964,-0.858986669294208,0.320747497064152,"CBG Attributable Rate",0,5.24984408385964,5.24984408385964,4,5.24984408385964,"CBG"
"371830535173",5.78808325608969,5.2585944661642,-0.494308123482254,-0.03518066644324,"RT Summer Avg. Rate",0,5.78808325608969,5.78808325608969,1,5.78808325608969,"Average"
"371830535173",5.78808325608969,5.2585944661642,-0.494308123482254,-0.03518066644324,"Health Contribution",5.78808325608969,-0.494308123482254,5.29377513260744,2,5.78808325608969,"Small Below"
"371830535173",5.78808325608969,5.2585944661642,-0.494308123482254,-0.03518066644324,"Heat Contribution",5.29377513260744,-0.03518066644324,5.2585944661642,3,5.29377513260744,"Small Below"
"371830535173",5.78808325608969,5.2585944661642,-0.494308123482254,-0.03518066644324,"CBG Attributable Rate",0,5.2585944661642,5.2585944661642,4,5.2585944661642,"CBG"
"371830527043",5.78808325608969,8.16844930662506,0.630475213160536,1.74989083737483,"RT Summer Avg. Rate",0,5.78808325608969,5.78808325608969,1,5.78808325608969,"Average"
"371830527043",5.78808325608969,8.16844930662506,0.630475213160536,1.74989083737483,"Health Contribution",5.78808325608969,0.630475213160536,6.41855846925023,2,6.41855846925023,"Small Above"
"371830527043",5.78808325608969,8.16844930662506,0.630475213160536,1.74989083737483,"Heat Contribution",6.41855846925023,1.74989083737483,8.16844930662506,3,8.16844930662506,"Small Above"
"371830527043",5.78808325608969,8.16844930662506,0.630475213160536,1.74989083737483,"CBG Attributable Rate",0,8.16844930662506,8.16844930662506,4,8.16844930662506,"CBG"
"371830540084",5.78808325608969,8.34192440973295,0.692441566655289,1.86139958698797,"RT Summer Avg. Rate",0,5.78808325608969,5.78808325608969,1,5.78808325608969,"Average"
"371830540084",5.78808325608969,8.34192440973295,0.692441566655289,1.86139958698797,"Health Contribution",5.78808325608969,0.692441566655289,6.48052482274498,2,6.48052482274498,"Small Above"
"371830540084",5.78808325608969,8.34192440973295,0.692441566655289,1.86139958698797,"Heat Contribution",6.48052482274498,1.86139958698797,8.34192440973295,3,8.34192440973295,"Small Above"
"371830540084",5.78808325608969,8.34192440973295,0.692441566655289,1.86139958698797,"CBG Attributable Rate",0,8.34192440973295,8.34192440973295,4,8.34192440973295,"CBG"
"371830527072",5.78808325608969,7.62215983350155,0.290237253924813,1.54383932348704,"RT Summer Avg. Rate",0,5.78808325608969,5.78808325608969,1,5.78808325608969,"Average"
"371830527072",5.78808325608969,7.62215983350155,0.290237253924813,1.54383932348704,"Health Contribution",5.78808325608969,0.290237253924813,6.0783205100145,2,6.0783205100145,"Small Above"
"371830527072",5.78808325608969,7.62215983350155,0.290237253924813,1.54383932348704,"Heat Contribution",6.0783205100145,1.54383932348704,7.62215983350154,3,7.62215983350154,"Small Above"
"371830527072",5.78808325608969,7.62215983350155,0.290237253924813,1.54383932348704,"CBG Attributable Rate",0,7.62215983350155,7.62215983350155,4,7.62215983350155,"CBG"
"371830524093",5.78808325608969,5.40244203119766,-1.04463556565214,0.658994340760104,"RT Summer Avg. Rate",0,5.78808325608969,5.78808325608969,1,5.78808325608969,"Average"
"371830524093",5.78808325608969,5.40244203119766,-1.04463556565214,0.658994340760104,"Health Contribution",5.78808325608969,-1.04463556565214,4.74344769043755,2,5.78808325608969,"Small Below"
"371830524093",5.78808325608969,5.40244203119766,-1.04463556565214,0.658994340760104,"Heat Contribution",4.74344769043755,0.658994340760104,5.40244203119765,3,5.40244203119765,"Small Above"
"371830524093",5.78808325608969,5.40244203119766,-1.04463556565214,0.658994340760104,"CBG Attributable Rate",0,5.40244203119766,5.40244203119766,4,5.40244203119766,"CBG"
"371830540041",5.78808325608969,7.97162416806245,1.17292324569947,1.01061766627328,"RT Summer Avg. Rate",0,5.78808325608969,5.78808325608969,1,5.78808325608969,"Average"
"371830540041",5.78808325608969,7.97162416806245,1.17292324569947,1.01061766627328,"Health Contribution",5.78808325608969,1.17292324569947,6.96100650178916,2,6.96100650178916,"Small Above"
"371830540041",5.78808325608969,7.97162416806245,1.17292324569947,1.01061766627328,"Heat Contribution",6.96100650178916,1.01061766627328,7.97162416806244,3,7.97162416806244,"Small Above"
"371830540041",5.78808325608969,7.97162416806245,1.17292324569947,1.01061766627328,"CBG Attributable Rate",0,7.97162416806245,7.97162416806245,4,7.97162416806245,"CBG"
"371830540013",5.78808325608969,7.49712902572362,1.19385226077779,0.515193508856138,"RT Summer Avg. Rate",0,5.78808325608969,5.78808325608969,1,5.78808325608969,"Average"
"371830540013",5.78808325608969,7.49712902572362,1.19385226077779,0.515193508856138,"Health Contribution",5.78808325608969,1.19385226077779,6.98193551686748,2,6.98193551686748,"Small Above"
"371830540013",5.78808325608969,7.49712902572362,1.19385226077779,0.515193508856138,"Heat Contribution",6.98193551686748,0.515193508856138,7.49712902572362,3,7.49712902572362,"Small Above"
"371830540013",5.78808325608969,7.49712902572362,1.19385226077779,0.515193508856138,"CBG Attributable Rate",0,7.49712902572362,7.49712902572362,4,7.49712902572362,"CBG"
"371830535192",5.78808325608969,5.85052255090479,-0.0215695572104089,0.0840088520255087,"RT Summer Avg. Rate",0,5.78808325608969,5.78808325608969,1,5.78808325608969,"Average"
"371830535192",5.78808325608969,5.85052255090479,-0.0215695572104089,0.0840088520255087,"Health Contribution",5.78808325608969,-0.0215695572104089,5.76651369887928,2,5.78808325608969,"Small Below"
"371830535192",5.78808325608969,5.85052255090479,-0.0215695572104089,0.0840088520255087,"Heat Contribution",5.76651369887928,0.0840088520255087,5.85052255090479,3,5.85052255090479,"Small Above"
"371830535192",5.78808325608969,5.85052255090479,-0.0215695572104089,0.0840088520255087,"CBG Attributable Rate",0,5.85052255090479,5.85052255090479,4,5.85052255090479,"CBG"
"371830537262",5.78808325608969,5.24734184540379,-0.946552863016165,0.405811452330256,"RT Summer Avg. Rate",0,5.78808325608969,5.78808325608969,1,5.78808325608969,"Average"
"371830537262",5.78808325608969,5.24734184540379,-0.946552863016165,0.405811452330256,"Health Contribution",5.78808325608969,-0.946552863016165,4.84153039307353,2,5.78808325608969,"Small Below"
"371830537262",5.78808325608969,5.24734184540379,-0.946552863016165,0.405811452330256,"Heat Contribution",4.84153039307353,0.405811452330256,5.24734184540378,3,5.24734184540378,"Small Above"
"371830537262",5.78808325608969,5.24734184540379,-0.946552863016165,0.405811452330256,"CBG Attributable Rate",0,5.24734184540379,5.24734184540379,4,5.24734184540379,"CBG"
"371830537231",5.78808325608969,5.85991110218358,0.0688509513653734,0.00297689472850891,"RT Summer Avg. Rate",0,5.78808325608969,5.78808325608969,1,5.78808325608969,"Average"
"371830537231",5.78808325608969,5.85991110218358,0.0688509513653734,0.00297689472850891,"Health Contribution",5.78808325608969,0.0688509513653734,5.85693420745506,2,5.85693420745506,"Small Above"
"371830537231",5.78808325608969,5.85991110218358,0.0688509513653734,0.00297689472850891,"Heat Contribution",5.85693420745506,0.00297689472850891,5.85991110218357,3,5.85991110218357,"Small Above"
"371830537231",5.78808325608969,5.85991110218358,0.0688509513653734,0.00297689472850891,"CBG Attributable Rate",0,5.85991110218358,5.85991110218358,4,5.85991110218358,"CBG"
"371830515022",5.78808325608969,3.66503305691199,-2.3376996476842,0.214649448506489,"RT Summer Avg. Rate",0,5.78808325608969,5.78808325608969,1,5.78808325608969,"Average"
"371830515022",5.78808325608969,3.66503305691199,-2.3376996476842,0.214649448506489,"Health Contribution",5.78808325608969,-2.3376996476842,3.45038360840549,2,5.78808325608969,"Large Below"
"371830515022",5.78808325608969,3.66503305691199,-2.3376996476842,0.214649448506489,"Heat Contribution",3.45038360840549,0.214649448506489,3.66503305691198,3,3.66503305691198,"Small Above"
"371830515022",5.78808325608969,3.66503305691199,-2.3376996476842,0.214649448506489,"CBG Attributable Rate",0,3.66503305691199,3.66503305691199,4,3.66503305691199,"CBG"
"371830514003",5.78808325608969,4.20260808218726,-1.77194900422491,0.186473830322473,"RT Summer Avg. Rate",0,5.78808325608969,5.78808325608969,1,5.78808325608969,"Average"
"371830514003",5.78808325608969,4.20260808218726,-1.77194900422491,0.186473830322473,"Health Contribution",5.78808325608969,-1.77194900422491,4.01613425186478,2,5.78808325608969,"Small Below"
"371830514003",5.78808325608969,4.20260808218726,-1.77194900422491,0.186473830322473,"Heat Contribution",4.01613425186478,0.186473830322473,4.20260808218725,3,4.20260808218725,"Small Above"
"371830514003",5.78808325608969,4.20260808218726,-1.77194900422491,0.186473830322473,"CBG Attributable Rate",0,4.20260808218726,4.20260808218726,4,4.20260808218726,"CBG"
"371830525042",5.78808325608969,4.45180245190496,-1.79764048362563,0.461359679440888,"RT Summer Avg. Rate",0,5.78808325608969,5.78808325608969,1,5.78808325608969,"Average"
"371830525042",5.78808325608969,4.45180245190496,-1.79764048362563,0.461359679440888,"Health Contribution",5.78808325608969,-1.79764048362563,3.99044277246406,2,5.78808325608969,"Small Below"
"371830525042",5.78808325608969,4.45180245190496,-1.79764048362563,0.461359679440888,"Heat Contribution",3.99044277246406,0.461359679440888,4.45180245190495,3,4.45180245190495,"Small Above"
"371830525042",5.78808325608969,4.45180245190496,-1.79764048362563,0.461359679440888,"CBG Attributable Rate",0,4.45180245190496,4.45180245190496,4,4.45180245190496,"CBG"
"371830517003",5.78808325608969,4.48568277900405,-2.02297400586255,0.720573528776906,"RT Summer Avg. Rate",0,5.78808325608969,5.78808325608969,1,5.78808325608969,"Average"
"371830517003",5.78808325608969,4.48568277900405,-2.02297400586255,0.720573528776906,"Health Contribution",5.78808325608969,-2.02297400586255,3.76510925022714,2,5.78808325608969,"Large Below"
"371830517003",5.78808325608969,4.48568277900405,-2.02297400586255,0.720573528776906,"Heat Contribution",3.76510925022714,0.720573528776906,4.48568277900405,3,4.48568277900405,"Small Above"
"371830517003",5.78808325608969,4.48568277900405,-2.02297400586255,0.720573528776906,"CBG Attributable Rate",0,4.48568277900405,4.48568277900405,4,4.48568277900405,"CBG"
"371830538071",5.78808325608969,3.57415972059012,-1.79132011788822,-0.42260341761136,"RT Summer Avg. Rate",0,5.78808325608969,5.78808325608969,1,5.78808325608969,"Average"
"371830538071",5.78808325608969,3.57415972059012,-1.79132011788822,-0.42260341761136,"Health Contribution",5.78808325608969,-1.79132011788822,3.99676313820147,2,5.78808325608969,"Small Below"
"371830538071",5.78808325608969,3.57415972059012,-1.79132011788822,-0.42260341761136,"Heat Contribution",3.99676313820147,-0.42260341761136,3.57415972059011,3,3.99676313820147,"Small Below"
"371830538071",5.78808325608969,3.57415972059012,-1.79132011788822,-0.42260341761136,"CBG Attributable Rate",0,3.57415972059012,3.57415972059012,4,3.57415972059012,"CBG"
"371830537122",5.78808325608969,3.66092752244526,-1.58470710994585,-0.542448623698585,"RT Summer Avg. Rate",0,5.78808325608969,5.78808325608969,1,5.78808325608969,"Average"
"371830537122",5.78808325608969,3.66092752244526,-1.58470710994585,-0.542448623698585,"Health Contribution",5.78808325608969,-1.58470710994585,4.20337614614384,2,5.78808325608969,"Small Below"
"371830537122",5.78808325608969,3.66092752244526,-1.58470710994585,-0.542448623698585,"Heat Contribution",4.20337614614384,-0.542448623698585,3.66092752244526,3,4.20337614614384,"Small Below"
"371830537122",5.78808325608969,3.66092752244526,-1.58470710994585,-0.542448623698585,"CBG Attributable Rate",0,3.66092752244526,3.66092752244526,4,3.66092752244526,"CBG"
"371830537141",5.78808325608969,4.35904315803223,-1.38678377952703,-0.0422563185304383,"RT Summer Avg. Rate",0,5.78808325608969,5.78808325608969,1,5.78808325608969,"Average"
"371830537141",5.78808325608969,4.35904315803223,-1.38678377952703,-0.0422563185304383,"Health Contribution",5.78808325608969,-1.38678377952703,4.40129947656266,2,5.78808325608969,"Small Below"
"371830537141",5.78808325608969,4.35904315803223,-1.38678377952703,-0.0422563185304383,"Heat Contribution",4.40129947656266,-0.0422563185304383,4.35904315803222,3,4.40129947656266,"Small Below"
"371830537141",5.78808325608969,4.35904315803223,-1.38678377952703,-0.0422563185304383,"CBG Attributable Rate",0,4.35904315803223,4.35904315803223,4,4.35904315803223,"CBG"
"371830525052",5.78808325608969,6.03646714450571,-0.666749555320793,0.915133443736813,"RT Summer Avg. Rate",0,5.78808325608969,5.78808325608969,1,5.78808325608969,"Average"
"371830525052",5.78808325608969,6.03646714450571,-0.666749555320793,0.915133443736813,"Health Contribution",5.78808325608969,-0.666749555320793,5.1213337007689,2,5.78808325608969,"Small Below"
"371830525052",5.78808325608969,6.03646714450571,-0.666749555320793,0.915133443736813,"Heat Contribution",5.1213337007689,0.915133443736813,6.03646714450571,3,6.03646714450571,"Small Above"
"371830525052",5.78808325608969,6.03646714450571,-0.666749555320793,0.915133443736813,"CBG Attributable Rate",0,6.03646714450571,6.03646714450571,4,6.03646714450571,"CBG"
"371830526022",5.78808325608969,7.44703130907219,0.277760029444705,1.38118802353779,"RT Summer Avg. Rate",0,5.78808325608969,5.78808325608969,1,5.78808325608969,"Average"
"371830526022",5.78808325608969,7.44703130907219,0.277760029444705,1.38118802353779,"Health Contribution",5.78808325608969,0.277760029444705,6.0658432855344,2,6.0658432855344,"Small Above"
"371830526022",5.78808325608969,7.44703130907219,0.277760029444705,1.38118802353779,"Heat Contribution",6.0658432855344,1.38118802353779,7.44703130907219,3,7.44703130907219,"Small Above"
"371830526022",5.78808325608969,7.44703130907219,0.277760029444705,1.38118802353779,"CBG Attributable Rate",0,7.44703130907219,7.44703130907219,4,7.44703130907219,"CBG"
"371830527011",5.7880832560897,6.34260818401073,-0.60497193921806,1.1594968671391,"RT Summer Avg. Rate",0,5.7880832560897,5.7880832560897,1,5.7880832560897,"Average"
"371830527011",5.7880832560897,6.34260818401073,-0.60497193921806,1.1594968671391,"Health Contribution",5.7880832560897,-0.60497193921806,5.18311131687164,2,5.7880832560897,"Small Below"
"371830527011",5.7880832560897,6.34260818401073,-0.60497193921806,1.1594968671391,"Heat Contribution",5.18311131687164,1.1594968671391,6.34260818401074,3,6.34260818401074,"Small Above"
"371830527011",5.7880832560897,6.34260818401073,-0.60497193921806,1.1594968671391,"CBG Attributable Rate",0,6.34260818401073,6.34260818401073,4,6.34260818401073,"CBG"
"371830527062",5.78808325608969,9.21448806613496,1.08853157388927,2.33787323615599,"RT Summer Avg. Rate",0,5.78808325608969,5.78808325608969,1,5.78808325608969,"Average"
"371830527062",5.78808325608969,9.21448806613496,1.08853157388927,2.33787323615599,"Health Contribution",5.78808325608969,1.08853157388927,6.87661482997896,2,6.87661482997896,"Small Above"
"371830527062",5.78808325608969,9.21448806613496,1.08853157388927,2.33787323615599,"Heat Contribution",6.87661482997896,2.33787323615599,9.21448806613495,3,9.21448806613495,"Large Above"
"371830527062",5.78808325608969,9.21448806613496,1.08853157388927,2.33787323615599,"CBG Attributable Rate",0,9.21448806613496,9.21448806613496,4,9.21448806613496,"CBG"
"371830537132",5.78808325608969,4.62776545408814,-1.14685357391517,-0.0134642280863867,"RT Summer Avg. Rate",0,5.78808325608969,5.78808325608969,1,5.78808325608969,"Average"
"371830537132",5.78808325608969,4.62776545408814,-1.14685357391517,-0.0134642280863867,"Health Contribution",5.78808325608969,-1.14685357391517,4.64122968217452,2,5.78808325608969,"Small Below"
"371830537132",5.78808325608969,4.62776545408814,-1.14685357391517,-0.0134642280863867,"Heat Contribution",4.64122968217452,-0.0134642280863867,4.62776545408813,3,4.64122968217452,"Small Below"
"371830537132",5.78808325608969,4.62776545408814,-1.14685357391517,-0.0134642280863867,"CBG Attributable Rate",0,4.62776545408814,4.62776545408814,4,4.62776545408814,"CBG"
"371830537222",5.78808325608969,6.4279801139,0.940440857046433,-0.300543999236132,"RT Summer Avg. Rate",0,5.78808325608969,5.78808325608969,1,5.78808325608969,"Average"
"371830537222",5.78808325608969,6.4279801139,0.940440857046433,-0.300543999236132,"Health Contribution",5.78808325608969,0.940440857046433,6.72852411313612,2,6.72852411313612,"Small Above"
"371830537222",5.78808325608969,6.4279801139,0.940440857046433,-0.300543999236132,"Heat Contribution",6.72852411313612,-0.300543999236132,6.42798011389999,3,6.72852411313612,"Small Below"
"371830537222",5.78808325608969,6.4279801139,0.940440857046433,-0.300543999236132,"CBG Attributable Rate",0,6.4279801139,6.4279801139,4,6.4279801139,"CBG"
"371830537143",5.78808325608969,4.50410327680539,-1.27637062361852,-0.00760935566578521,"RT Summer Avg. Rate",0,5.78808325608969,5.78808325608969,1,5.78808325608969,"Average"
"371830537143",5.78808325608969,4.50410327680539,-1.27637062361852,-0.00760935566578521,"Health Contribution",5.78808325608969,-1.27637062361852,4.51171263247117,2,5.78808325608969,"Small Below"
"371830537143",5.78808325608969,4.50410327680539,-1.27637062361852,-0.00760935566578521,"Heat Contribution",4.51171263247117,-0.00760935566578521,4.50410327680538,3,4.51171263247117,"Small Below"
"371830537143",5.78808325608969,4.50410327680539,-1.27637062361852,-0.00760935566578521,"CBG Attributable Rate",0,4.50410327680539,4.50410327680539,4,4.50410327680539,"CBG"
"371830540151",5.78808325608969,6.57058657161224,-0.350128964068937,1.13263227959148,"RT Summer Avg. Rate",0,5.78808325608969,5.78808325608969,1,5.78808325608969,"Average"
"371830540151",5.78808325608969,6.57058657161224,-0.350128964068937,1.13263227959148,"Health Contribution",5.78808325608969,-0.350128964068937,5.43795429202075,2,5.78808325608969,"Small Below"
"371830540151",5.78808325608969,6.57058657161224,-0.350128964068937,1.13263227959148,"Heat Contribution",5.43795429202075,1.13263227959148,6.57058657161223,3,6.57058657161223,"Small Above"
"371830540151",5.78808325608969,6.57058657161224,-0.350128964068937,1.13263227959148,"CBG Attributable Rate",0,6.57058657161224,6.57058657161224,4,6.57058657161224,"CBG"
"371830540182",5.78808325608969,6.01089804980823,-0.747243783948317,0.970058577666855,"RT Summer Avg. Rate",0,5.78808325608969,5.78808325608969,1,5.78808325608969,"Average"
"371830540182",5.78808325608969,6.01089804980823,-0.747243783948317,0.970058577666855,"Health Contribution",5.78808325608969,-0.747243783948317,5.04083947214137,2,5.78808325608969,"Small Below"
"371830540182",5.78808325608969,6.01089804980823,-0.747243783948317,0.970058577666855,"Heat Contribution",5.04083947214137,0.970058577666855,6.01089804980823,3,6.01089804980823,"Small Above"
"371830540182",5.78808325608969,6.01089804980823,-0.747243783948317,0.970058577666855,"CBG Attributable Rate",0,6.01089804980823,6.01089804980823,4,6.01089804980823,"CBG"
"371830521012",5.78808325608969,8.87109176008796,1.54218564526295,1.54082285873532,"RT Summer Avg. Rate",0,5.78808325608969,5.78808325608969,1,5.78808325608969,"Average"
"371830521012",5.78808325608969,8.87109176008796,1.54218564526295,1.54082285873532,"Health Contribution",5.78808325608969,1.54218564526295,7.33026890135264,2,7.33026890135264,"Small Above"
"371830521012",5.78808325608969,8.87109176008796,1.54218564526295,1.54082285873532,"Heat Contribution",7.33026890135264,1.54082285873532,8.87109176008796,3,8.87109176008796,"Small Above"
"371830521012",5.78808325608969,8.87109176008796,1.54218564526295,1.54082285873532,"CBG Attributable Rate",0,8.87109176008796,8.87109176008796,4,8.87109176008796,"CBG"
"371830528022",5.78808325608969,8.77601818949855,1.63109529816332,1.35683963524554,"RT Summer Avg. Rate",0,5.78808325608969,5.78808325608969,1,5.78808325608969,"Average"
"371830528022",5.78808325608969,8.77601818949855,1.63109529816332,1.35683963524554,"Health Contribution",5.78808325608969,1.63109529816332,7.41917855425301,2,7.41917855425301,"Small Above"
"371830528022",5.78808325608969,8.77601818949855,1.63109529816332,1.35683963524554,"Heat Contribution",7.41917855425301,1.35683963524554,8.77601818949855,3,8.77601818949855,"Small Above"
"371830528022",5.78808325608969,8.77601818949855,1.63109529816332,1.35683963524554,"CBG Attributable Rate",0,8.77601818949855,8.77601818949855,4,8.77601818949855,"CBG"
"371830528015",5.78808325608969,13.495540519194,5.71553952140574,1.9919177416986,"RT Summer Avg. Rate",0,5.78808325608969,5.78808325608969,1,5.78808325608969,"Average"
"371830528015",5.78808325608969,13.495540519194,5.71553952140574,1.9919177416986,"Health Contribution",5.78808325608969,5.71553952140574,11.5036227774954,2,11.5036227774954,"Large Above"
"371830528015",5.78808325608969,13.495540519194,5.71553952140574,1.9919177416986,"Heat Contribution",11.5036227774954,1.9919177416986,13.495540519194,3,13.495540519194,"Small Above"
"371830528015",5.78808325608969,13.495540519194,5.71553952140574,1.9919177416986,"CBG Attributable Rate",0,13.495540519194,13.495540519194,4,13.495540519194,"CBG"
"371830541121",5.78808325608969,8.49935898230903,2.86025570570107,-0.148979979481741,"RT Summer Avg. Rate",0,5.78808325608969,5.78808325608969,1,5.78808325608969,"Average"
"371830541121",5.78808325608969,8.49935898230903,2.86025570570107,-0.148979979481741,"Health Contribution",5.78808325608969,2.86025570570107,8.64833896179076,2,8.64833896179076,"Large Above"
"371830541121",5.78808325608969,8.49935898230903,2.86025570570107,-0.148979979481741,"Heat Contribution",8.64833896179076,-0.148979979481741,8.49935898230902,3,8.64833896179076,"Small Below"
"371830541121",5.78808325608969,8.49935898230903,2.86025570570107,-0.148979979481741,"CBG Attributable Rate",0,8.49935898230903,8.49935898230903,4,8.49935898230903,"CBG"
"371830541111",5.78808325608969,5.6702666985657,0.132606008025025,-0.250422565549023,"RT Summer Avg. Rate",0,5.78808325608969,5.78808325608969,1,5.78808325608969,"Average"
"371830541111",5.78808325608969,5.6702666985657,0.132606008025025,-0.250422565549023,"Health Contribution",5.78808325608969,0.132606008025025,5.92068926411472,2,5.92068926411472,"Small Above"
"371830541111",5.78808325608969,5.6702666985657,0.132606008025025,-0.250422565549023,"Heat Contribution",5.92068926411472,-0.250422565549023,5.67026669856569,3,5.92068926411472,"Small Below"
"371830541111",5.78808325608969,5.6702666985657,0.132606008025025,-0.250422565549023,"CBG Attributable Rate",0,5.6702666985657,5.6702666985657,4,5.6702666985657,"CBG"
"371830542183",5.78808325608969,5.81038461970166,-0.5474968554236,0.569798219035567,"RT Summer Avg. Rate",0,5.78808325608969,5.78808325608969,1,5.78808325608969,"Average"
"371830542183",5.78808325608969,5.81038461970166,-0.5474968554236,0.569798219035567,"Health Contribution",5.78808325608969,-0.5474968554236,5.24058640066609,2,5.78808325608969,"Small Below"
"371830542183",5.78808325608969,5.81038461970166,-0.5474968554236,0.569798219035567,"Heat Contribution",5.24058640066609,0.569798219035567,5.81038461970166,3,5.81038461970166,"Small Above"
"371830542183",5.78808325608969,5.81038461970166,-0.5474968554236,0.569798219035567,"CBG Attributable Rate",0,5.81038461970166,5.81038461970166,4,5.81038461970166,"CBG"
"371830542223",5.78808325608969,4.08335247623928,-1.38475978902043,-0.319970990829984,"RT Summer Avg. Rate",0,5.78808325608969,5.78808325608969,1,5.78808325608969,"Average"
"371830542223",5.78808325608969,4.08335247623928,-1.38475978902043,-0.319970990829984,"Health Contribution",5.78808325608969,-1.38475978902043,4.40332346706926,2,5.78808325608969,"Small Below"
"371830542223",5.78808325608969,4.08335247623928,-1.38475978902043,-0.319970990829984,"Heat Contribution",4.40332346706926,-0.319970990829984,4.08335247623928,3,4.40332346706926,"Small Below"
"371830542223",5.78808325608969,4.08335247623928,-1.38475978902043,-0.319970990829984,"CBG Attributable Rate",0,4.08335247623928,4.08335247623928,4,4.08335247623928,"CBG"
"371830540191",5.78808325608969,5.46828914519476,-0.845589898413208,0.525795787518276,"RT Summer Avg. Rate",0,5.78808325608969,5.78808325608969,1,5.78808325608969,"Average"
"371830540191",5.78808325608969,5.46828914519476,-0.845589898413208,0.525795787518276,"Health Contribution",5.78808325608969,-0.845589898413208,4.94249335767648,2,5.78808325608969,"Small Below"
"371830540191",5.78808325608969,5.46828914519476,-0.845589898413208,0.525795787518276,"Heat Contribution",4.94249335767648,0.525795787518276,5.46828914519476,3,5.46828914519476,"Small Above"
"371830540191",5.78808325608969,5.46828914519476,-0.845589898413208,0.525795787518276,"CBG Attributable Rate",0,5.46828914519476,5.46828914519476,4,5.46828914519476,"CBG"
"371830542182",5.78808325608969,5.33937617388809,-0.822313281435395,0.373606199233786,"RT Summer Avg. Rate",0,5.78808325608969,5.78808325608969,1,5.78808325608969,"Average"
"371830542182",5.78808325608969,5.33937617388809,-0.822313281435395,0.373606199233786,"Health Contribution",5.78808325608969,-0.822313281435395,4.96576997465429,2,5.78808325608969,"Small Below"
"371830542182",5.78808325608969,5.33937617388809,-0.822313281435395,0.373606199233786,"Heat Contribution",4.96576997465429,0.373606199233786,5.33937617388808,3,5.33937617388808,"Small Above"
"371830542182",5.78808325608969,5.33937617388809,-0.822313281435395,0.373606199233786,"CBG Attributable Rate",0,5.33937617388809,5.33937617388809,4,5.33937617388809,"CBG"
"371830540192",5.78808325608969,5.3279852090813,-0.513347898369771,0.0532498513613782,"RT Summer Avg. Rate",0,5.78808325608969,5.78808325608969,1,5.78808325608969,"Average"
"371830540192",5.78808325608969,5.3279852090813,-0.513347898369771,0.0532498513613782,"Health Contribution",5.78808325608969,-0.513347898369771,5.27473535771992,2,5.78808325608969,"Small Below"
"371830540192",5.78808325608969,5.3279852090813,-0.513347898369771,0.0532498513613782,"Heat Contribution",5.27473535771992,0.0532498513613782,5.3279852090813,3,5.3279852090813,"Small Above"
"371830540192",5.78808325608969,5.3279852090813,-0.513347898369771,0.0532498513613782,"CBG Attributable Rate",0,5.3279852090813,5.3279852090813,4,5.3279852090813,"CBG"
"371830534113",5.78808325608969,3.61414373756586,-2.22907159525115,0.0551320767273169,"RT Summer Avg. Rate",0,5.78808325608969,5.78808325608969,1,5.78808325608969,"Average"
"371830534113",5.78808325608969,3.61414373756586,-2.22907159525115,0.0551320767273169,"Health Contribution",5.78808325608969,-2.22907159525115,3.55901166083854,2,5.78808325608969,"Large Below"
"371830534113",5.78808325608969,3.61414373756586,-2.22907159525115,0.0551320767273169,"Heat Contribution",3.55901166083854,0.0551320767273169,3.61414373756586,3,3.61414373756586,"Small Above"
"371830534113",5.78808325608969,3.61414373756586,-2.22907159525115,0.0551320767273169,"CBG Attributable Rate",0,3.61414373756586,3.61414373756586,4,3.61414373756586,"CBG"
"371830534172",5.78808325608969,5.07118231387953,-0.619451596809523,-0.09744934540064,"RT Summer Avg. Rate",0,5.78808325608969,5.78808325608969,1,5.78808325608969,"Average"
"371830534172",5.78808325608969,5.07118231387953,-0.619451596809523,-0.09744934540064,"Health Contribution",5.78808325608969,-0.619451596809523,5.16863165928017,2,5.78808325608969,"Small Below"
"371830534172",5.78808325608969,5.07118231387953,-0.619451596809523,-0.09744934540064,"Heat Contribution",5.16863165928017,-0.09744934540064,5.07118231387953,3,5.16863165928017,"Small Below"
"371830534172",5.78808325608969,5.07118231387953,-0.619451596809523,-0.09744934540064,"CBG Attributable Rate",0,5.07118231387953,5.07118231387953,4,5.07118231387953,"CBG"
"371830536163",5.78808325608969,4.1156615079445,-2.25972546424125,0.587303716096056,"RT Summer Avg. Rate",0,5.78808325608969,5.78808325608969,1,5.78808325608969,"Average"
"371830536163",5.78808325608969,4.1156615079445,-2.25972546424125,0.587303716096056,"Health Contribution",5.78808325608969,-2.25972546424125,3.52835779184844,2,5.78808325608969,"Large Below"
"371830536163",5.78808325608969,4.1156615079445,-2.25972546424125,0.587303716096056,"Heat Contribution",3.52835779184844,0.587303716096056,4.1156615079445,3,4.1156615079445,"Small Above"
"371830536163",5.78808325608969,4.1156615079445,-2.25972546424125,0.587303716096056,"CBG Attributable Rate",0,4.1156615079445,4.1156615079445,4,4.1156615079445,"CBG"
"371830543051",5.78808325608969,9.00280443055857,3.09935510367052,0.115366070798354,"RT Summer Avg. Rate",0,5.78808325608969,5.78808325608969,1,5.78808325608969,"Average"
"371830543051",5.78808325608969,9.00280443055857,3.09935510367052,0.115366070798354,"Health Contribution",5.78808325608969,3.09935510367052,8.88743835976021,2,8.88743835976021,"Large Above"
"371830543051",5.78808325608969,9.00280443055857,3.09935510367052,0.115366070798354,"Heat Contribution",8.88743835976021,0.115366070798354,9.00280443055856,3,9.00280443055856,"Small Above"
"371830543051",5.78808325608969,9.00280443055857,3.09935510367052,0.115366070798354,"CBG Attributable Rate",0,9.00280443055857,9.00280443055857,4,9.00280443055857,"CBG"
"371830542121",5.78808325608969,5.43639127705273,-0.45220899106621,0.10051701202925,"RT Summer Avg. Rate",0,5.78808325608969,5.78808325608969,1,5.78808325608969,"Average"
"371830542121",5.78808325608969,5.43639127705273,-0.45220899106621,0.10051701202925,"Health Contribution",5.78808325608969,-0.45220899106621,5.33587426502348,2,5.78808325608969,"Small Below"
"371830542121",5.78808325608969,5.43639127705273,-0.45220899106621,0.10051701202925,"Heat Contribution",5.33587426502348,0.10051701202925,5.43639127705273,3,5.43639127705273,"Small Above"
"371830542121",5.78808325608969,5.43639127705273,-0.45220899106621,0.10051701202925,"CBG Attributable Rate",0,5.43639127705273,5.43639127705273,4,5.43639127705273,"CBG"
"371830541064",5.78808325608969,6.35826360221717,-0.74612659912515,1.31630694525262,"RT Summer Avg. Rate",0,5.78808325608969,5.78808325608969,1,5.78808325608969,"Average"
"371830541064",5.78808325608969,6.35826360221717,-0.74612659912515,1.31630694525262,"Health Contribution",5.78808325608969,-0.74612659912515,5.04195665696454,2,5.78808325608969,"Small Below"
"371830541064",5.78808325608969,6.35826360221717,-0.74612659912515,1.31630694525262,"Heat Contribution",5.04195665696454,1.31630694525262,6.35826360221716,3,6.35826360221716,"Small Above"
"371830541064",5.78808325608969,6.35826360221717,-0.74612659912515,1.31630694525262,"CBG Attributable Rate",0,6.35826360221717,6.35826360221717,4,6.35826360221717,"CBG"
"371830528113",5.78808325608969,8.87913817927412,1.65886506311121,1.43218986007321,"RT Summer Avg. Rate",0,5.78808325608969,5.78808325608969,1,5.78808325608969,"Average"
"371830528113",5.78808325608969,8.87913817927412,1.65886506311121,1.43218986007321,"Health Contribution",5.78808325608969,1.65886506311121,7.4469483192009,2,7.4469483192009,"Small Above"
"371830528113",5.78808325608969,8.87913817927412,1.65886506311121,1.43218986007321,"Heat Contribution",7.4469483192009,1.43218986007321,8.87913817927411,3,8.87913817927411,"Small Above"
"371830528113",5.78808325608969,8.87913817927412,1.65886506311121,1.43218986007321,"CBG Attributable Rate",0,8.87913817927412,8.87913817927412,4,8.87913817927412,"CBG"
"371830528131",5.78808325608969,7.41162336406939,1.25089955094829,0.3726405570314,"RT Summer Avg. Rate",0,5.78808325608969,5.78808325608969,1,5.78808325608969,"Average"
"371830528131",5.78808325608969,7.41162336406939,1.25089955094829,0.3726405570314,"Health Contribution",5.78808325608969,1.25089955094829,7.03898280703798,2,7.03898280703798,"Small Above"
"371830528131",5.78808325608969,7.41162336406939,1.25089955094829,0.3726405570314,"Heat Contribution",7.03898280703798,0.3726405570314,7.41162336406938,3,7.41162336406938,"Small Above"
"371830528131",5.78808325608969,7.41162336406939,1.25089955094829,0.3726405570314,"CBG Attributable Rate",0,7.41162336406939,7.41162336406939,4,7.41162336406939,"CBG"
"371830543031",5.78808325608969,6.87333239657633,1.62114264435838,-0.535893503871748,"RT Summer Avg. Rate",0,5.78808325608969,5.78808325608969,1,5.78808325608969,"Average"
"371830543031",5.78808325608969,6.87333239657633,1.62114264435838,-0.535893503871748,"Health Contribution",5.78808325608969,1.62114264435838,7.40922590044807,2,7.40922590044807,"Small Above"
"371830543031",5.78808325608969,6.87333239657633,1.62114264435838,-0.535893503871748,"Heat Contribution",7.40922590044807,-0.535893503871748,6.87333239657632,3,7.40922590044807,"Small Below"
"371830543031",5.78808325608969,6.87333239657633,1.62114264435838,-0.535893503871748,"CBG Attributable Rate",0,6.87333239657633,6.87333239657633,4,6.87333239657633,"CBG"
"371830543062",5.78808325608969,9.00946986393697,3.13157834951083,0.0898082583364531,"RT Summer Avg. Rate",0,5.78808325608969,5.78808325608969,1,5.78808325608969,"Average"
"371830543062",5.78808325608969,9.00946986393697,3.13157834951083,0.0898082583364531,"Health Contribution",5.78808325608969,3.13157834951083,8.91966160560052,2,8.91966160560052,"Large Above"
"371830543062",5.78808325608969,9.00946986393697,3.13157834951083,0.0898082583364531,"Heat Contribution",8.91966160560052,0.0898082583364531,9.00946986393697,3,9.00946986393697,"Small Above"
"371830543062",5.78808325608969,9.00946986393697,3.13157834951083,0.0898082583364531,"CBG Attributable Rate",0,9.00946986393697,9.00946986393697,4,9.00946986393697,"CBG"
"371830536131",5.78808325608969,5.97970562667369,-0.172371138164882,0.363993508748881,"RT Summer Avg. Rate",0,5.78808325608969,5.78808325608969,1,5.78808325608969,"Average"
"371830536131",5.78808325608969,5.97970562667369,-0.172371138164882,0.363993508748881,"Health Contribution",5.78808325608969,-0.172371138164882,5.61571211792481,2,5.78808325608969,"Small Below"
"371830536131",5.78808325608969,5.97970562667369,-0.172371138164882,0.363993508748881,"Heat Contribution",5.61571211792481,0.363993508748881,5.97970562667369,3,5.97970562667369,"Small Above"
"371830536131",5.78808325608969,5.97970562667369,-0.172371138164882,0.363993508748881,"CBG Attributable Rate",0,5.97970562667369,5.97970562667369,4,5.97970562667369,"CBG"
"371830528114",5.78808325608969,7.70031967669299,1.05674322515698,0.855493195446318,"RT Summer Avg. Rate",0,5.78808325608969,5.78808325608969,1,5.78808325608969,"Average"
"371830528114",5.78808325608969,7.70031967669299,1.05674322515698,0.855493195446318,"Health Contribution",5.78808325608969,1.05674322515698,6.84482648124667,2,6.84482648124667,"Small Above"
"371830528114",5.78808325608969,7.70031967669299,1.05674322515698,0.855493195446318,"Heat Contribution",6.84482648124667,0.855493195446318,7.70031967669299,3,7.70031967669299,"Small Above"
"371830528114",5.78808325608969,7.70031967669299,1.05674322515698,0.855493195446318,"CBG Attributable Rate",0,7.70031967669299,7.70031967669299,4,7.70031967669299,"CBG"
"371830536121",5.78808325608969,7.04805113649239,0.427564428408774,0.832403451993927,"RT Summer Avg. Rate",0,5.78808325608969,5.78808325608969,1,5.78808325608969,"Average"
"371830536121",5.78808325608969,7.04805113649239,0.427564428408774,0.832403451993927,"Health Contribution",5.78808325608969,0.427564428408774,6.21564768449846,2,6.21564768449846,"Small Above"
"371830536121",5.78808325608969,7.04805113649239,0.427564428408774,0.832403451993927,"Heat Contribution",6.21564768449846,0.832403451993927,7.04805113649239,3,7.04805113649239,"Small Above"
"371830536121",5.78808325608969,7.04805113649239,0.427564428408774,0.832403451993927,"CBG Attributable Rate",0,7.04805113649239,7.04805113649239,4,7.04805113649239,"CBG"
"371830528122",5.78808325608969,6.68240785946713,-0.0104372884477525,0.904761891825188,"RT Summer Avg. Rate",0,5.78808325608969,5.78808325608969,1,5.78808325608969,"Average"
"371830528122",5.78808325608969,6.68240785946713,-0.0104372884477525,0.904761891825188,"Health Contribution",5.78808325608969,-0.0104372884477525,5.77764596764194,2,5.78808325608969,"Small Below"
"371830528122",5.78808325608969,6.68240785946713,-0.0104372884477525,0.904761891825188,"Heat Contribution",5.77764596764194,0.904761891825188,6.68240785946713,3,6.68240785946713,"Small Above"
"371830528122",5.78808325608969,6.68240785946713,-0.0104372884477525,0.904761891825188,"CBG Attributable Rate",0,6.68240785946713,6.68240785946713,4,6.68240785946713,"CBG"
"371830534153",5.78808325608969,5.07393297062166,-1.15284744701621,0.438697161548173,"RT Summer Avg. Rate",0,5.78808325608969,5.78808325608969,1,5.78808325608969,"Average"
"371830534153",5.78808325608969,5.07393297062166,-1.15284744701621,0.438697161548173,"Health Contribution",5.78808325608969,-1.15284744701621,4.63523580907348,2,5.78808325608969,"Small Below"
"371830534153",5.78808325608969,5.07393297062166,-1.15284744701621,0.438697161548173,"Heat Contribution",4.63523580907348,0.438697161548173,5.07393297062165,3,5.07393297062165,"Small Above"
"371830534153",5.78808325608969,5.07393297062166,-1.15284744701621,0.438697161548173,"CBG Attributable Rate",0,5.07393297062166,5.07393297062166,4,5.07393297062166,"CBG"
"371830536133",5.78808325608969,3.23795476293685,-2.73231438232015,0.182185889167311,"RT Summer Avg. Rate",0,5.78808325608969,5.78808325608969,1,5.78808325608969,"Average"
"371830536133",5.78808325608969,3.23795476293685,-2.73231438232015,0.182185889167311,"Health Contribution",5.78808325608969,-2.73231438232015,3.05576887376954,2,5.78808325608969,"Large Below"
"371830536133",5.78808325608969,3.23795476293685,-2.73231438232015,0.182185889167311,"Heat Contribution",3.05576887376954,0.182185889167311,3.23795476293685,3,3.23795476293685,"Small Above"
"371830536133",5.78808325608969,3.23795476293685,-2.73231438232015,0.182185889167311,"CBG Attributable Rate",0,3.23795476293685,3.23795476293685,4,3.23795476293685,"CBG"
"371830545023",5.78808325608969,8.51397608993275,1.15398625840536,1.5719065754377,"RT Summer Avg. Rate",0,5.78808325608969,5.78808325608969,1,5.78808325608969,"Average"
"371830545023",5.78808325608969,8.51397608993275,1.15398625840536,1.5719065754377,"Health Contribution",5.78808325608969,1.15398625840536,6.94206951449505,2,6.94206951449505,"Small Above"
"371830545023",5.78808325608969,8.51397608993275,1.15398625840536,1.5719065754377,"Heat Contribution",6.94206951449505,1.5719065754377,8.51397608993275,3,8.51397608993275,"Small Above"
"371830545023",5.78808325608969,8.51397608993275,1.15398625840536,1.5719065754377,"CBG Attributable Rate",0,8.51397608993275,8.51397608993275,4,8.51397608993275,"CBG"
"371830535223",5.78808325608969,4.49040175186505,-1.62281512580009,0.325133621575441,"RT Summer Avg. Rate",0,5.78808325608969,5.78808325608969,1,5.78808325608969,"Average"
"371830535223",5.78808325608969,4.49040175186505,-1.62281512580009,0.325133621575441,"Health Contribution",5.78808325608969,-1.62281512580009,4.1652681302896,2,5.78808325608969,"Small Below"
"371830535223",5.78808325608969,4.49040175186505,-1.62281512580009,0.325133621575441,"Heat Contribution",4.1652681302896,0.325133621575441,4.49040175186504,3,4.49040175186504,"Small Above"
"371830535223",5.78808325608969,4.49040175186505,-1.62281512580009,0.325133621575441,"CBG Attributable Rate",0,4.49040175186505,4.49040175186505,4,4.49040175186505,"CBG"
"371830531142",5.78808325608969,5.18953661766907,-1.20868664138405,0.610140002963427,"RT Summer Avg. Rate",0,5.78808325608969,5.78808325608969,1,5.78808325608969,"Average"
"371830531142",5.78808325608969,5.18953661766907,-1.20868664138405,0.610140002963427,"Health Contribution",5.78808325608969,-1.20868664138405,4.57939661470564,2,5.78808325608969,"Small Below"
"371830531142",5.78808325608969,5.18953661766907,-1.20868664138405,0.610140002963427,"Heat Contribution",4.57939661470564,0.610140002963427,5.18953661766907,3,5.18953661766907,"Small Above"
"371830531142",5.78808325608969,5.18953661766907,-1.20868664138405,0.610140002963427,"CBG Attributable Rate",0,5.18953661766907,5.18953661766907,4,5.18953661766907,"CBG"
"371830536202",5.78808325608969,4.34491941334861,-1.73624038987997,0.293076547138884,"RT Summer Avg. Rate",0,5.78808325608969,5.78808325608969,1,5.78808325608969,"Average"
"371830536202",5.78808325608969,4.34491941334861,-1.73624038987997,0.293076547138884,"Health Contribution",5.78808325608969,-1.73624038987997,4.05184286620972,2,5.78808325608969,"Small Below"
"371830536202",5.78808325608969,4.34491941334861,-1.73624038987997,0.293076547138884,"Heat Contribution",4.05184286620972,0.293076547138884,4.3449194133486,3,4.3449194133486,"Small Above"
"371830536202",5.78808325608969,4.34491941334861,-1.73624038987997,0.293076547138884,"CBG Attributable Rate",0,4.34491941334861,4.34491941334861,4,4.34491941334861,"CBG"
"371830530095",5.78808325608969,4.3368388320614,-1.41078205293472,-0.0404623710935784,"RT Summer Avg. Rate",0,5.78808325608969,5.78808325608969,1,5.78808325608969,"Average"
"371830530095",5.78808325608969,4.3368388320614,-1.41078205293472,-0.0404623710935784,"Health Contribution",5.78808325608969,-1.41078205293472,4.37730120315497,2,5.78808325608969,"Small Below"
"371830530095",5.78808325608969,4.3368388320614,-1.41078205293472,-0.0404623710935784,"Heat Contribution",4.37730120315497,-0.0404623710935784,4.33683883206139,3,4.37730120315497,"Small Below"
"371830530095",5.78808325608969,4.3368388320614,-1.41078205293472,-0.0404623710935784,"CBG Attributable Rate",0,4.3368388320614,4.3368388320614,4,4.3368388320614,"CBG"
"371830530062",5.78808325608969,3.6084726159526,-1.79907984888032,-0.380530791256773,"RT Summer Avg. Rate",0,5.78808325608969,5.78808325608969,1,5.78808325608969,"Average"
"371830530062",5.78808325608969,3.6084726159526,-1.79907984888032,-0.380530791256773,"Health Contribution",5.78808325608969,-1.79907984888032,3.98900340720937,2,5.78808325608969,"Small Below"
"371830530062",5.78808325608969,3.6084726159526,-1.79907984888032,-0.380530791256773,"Heat Contribution",3.98900340720937,-0.380530791256773,3.6084726159526,3,3.98900340720937,"Small Below"
"371830530062",5.78808325608969,3.6084726159526,-1.79907984888032,-0.380530791256773,"CBG Attributable Rate",0,3.6084726159526,3.6084726159526,4,3.6084726159526,"CBG"
"371830531123",5.78808325608969,6.21282777221114,0.0601742973614355,0.364570218760012,"RT Summer Avg. Rate",0,5.78808325608969,5.78808325608969,1,5.78808325608969,"Average"
"371830531123",5.78808325608969,6.21282777221114,0.0601742973614355,0.364570218760012,"Health Contribution",5.78808325608969,0.0601742973614355,5.84825755345113,2,5.84825755345113,"Small Above"
"371830531123",5.78808325608969,6.21282777221114,0.0601742973614355,0.364570218760012,"Heat Contribution",5.84825755345113,0.364570218760012,6.21282777221114,3,6.21282777221114,"Small Above"
"371830531123",5.78808325608969,6.21282777221114,0.0601742973614355,0.364570218760012,"CBG Attributable Rate",0,6.21282777221114,6.21282777221114,4,6.21282777221114,"CBG"
"371830531144",5.78808325608969,5.92804997890817,-0.152901667777631,0.292868390596104,"RT Summer Avg. Rate",0,5.78808325608969,5.78808325608969,1,5.78808325608969,"Average"
"371830531144",5.78808325608969,5.92804997890817,-0.152901667777631,0.292868390596104,"Health Contribution",5.78808325608969,-0.152901667777631,5.63518158831206,2,5.78808325608969,"Small Below"
"371830531144",5.78808325608969,5.92804997890817,-0.152901667777631,0.292868390596104,"Heat Contribution",5.63518158831206,0.292868390596104,5.92804997890816,3,5.92804997890816,"Small Above"
"371830531144",5.78808325608969,5.92804997890817,-0.152901667777631,0.292868390596104,"CBG Attributable Rate",0,5.92804997890817,5.92804997890817,4,5.92804997890817,"CBG"
"371830531151",5.78808325608969,8.7173018529984,1.89391343416493,1.03530516274378,"RT Summer Avg. Rate",0,5.78808325608969,5.78808325608969,1,5.78808325608969,"Average"
"371830531151",5.78808325608969,8.7173018529984,1.89391343416493,1.03530516274378,"Health Contribution",5.78808325608969,1.89391343416493,7.68199669025462,2,7.68199669025462,"Small Above"
"371830531151",5.78808325608969,8.7173018529984,1.89391343416493,1.03530516274378,"Heat Contribution",7.68199669025462,1.03530516274378,8.7173018529984,3,8.7173018529984,"Small Above"
"371830531151",5.78808325608969,8.7173018529984,1.89391343416493,1.03530516274378,"CBG Attributable Rate",0,8.7173018529984,8.7173018529984,4,8.7173018529984,"CBG"
"371830531153",5.78808325608969,5.99569296453363,-0.479109449763236,0.686719158207168,"RT Summer Avg. Rate",0,5.78808325608969,5.78808325608969,1,5.78808325608969,"Average"
"371830531153",5.78808325608969,5.99569296453363,-0.479109449763236,0.686719158207168,"Health Contribution",5.78808325608969,-0.479109449763236,5.30897380632645,2,5.78808325608969,"Small Below"
"371830531153",5.78808325608969,5.99569296453363,-0.479109449763236,0.686719158207168,"Heat Contribution",5.30897380632645,0.686719158207168,5.99569296453362,3,5.99569296453362,"Small Above"
"371830531153",5.78808325608969,5.99569296453363,-0.479109449763236,0.686719158207168,"CBG Attributable Rate",0,5.99569296453363,5.99569296453363,4,5.99569296453363,"CBG"
"371830534171",5.78808325608969,8.79549419430827,2.75183490482473,0.255576033393842,"RT Summer Avg. Rate",0,5.78808325608969,5.78808325608969,1,5.78808325608969,"Average"
"371830534171",5.78808325608969,8.79549419430827,2.75183490482473,0.255576033393842,"Health Contribution",5.78808325608969,2.75183490482473,8.53991816091442,2,8.53991816091442,"Large Above"
"371830534171",5.78808325608969,8.79549419430827,2.75183490482473,0.255576033393842,"Heat Contribution",8.53991816091442,0.255576033393842,8.79549419430826,3,8.79549419430826,"Small Above"
"371830534171",5.78808325608969,8.79549419430827,2.75183490482473,0.255576033393842,"CBG Attributable Rate",0,8.79549419430827,8.79549419430827,4,8.79549419430827,"CBG"
"371830536082",5.78808325608969,4.05795846032705,-2.29042467581714,0.560299880054487,"RT Summer Avg. Rate",0,5.78808325608969,5.78808325608969,1,5.78808325608969,"Average"
"371830536082",5.78808325608969,4.05795846032705,-2.29042467581714,0.560299880054487,"Health Contribution",5.78808325608969,-2.29042467581714,3.49765858027255,2,5.78808325608969,"Large Below"
"371830536082",5.78808325608969,4.05795846032705,-2.29042467581714,0.560299880054487,"Heat Contribution",3.49765858027255,0.560299880054487,4.05795846032704,3,4.05795846032704,"Small Above"
"371830536082",5.78808325608969,4.05795846032705,-2.29042467581714,0.560299880054487,"CBG Attributable Rate",0,4.05795846032705,4.05795846032705,4,4.05795846032705,"CBG"
"371830528073",5.78808325608969,6.78852884011661,0.211633922379483,0.788811661647433,"RT Summer Avg. Rate",0,5.78808325608969,5.78808325608969,1,5.78808325608969,"Average"
"371830528073",5.78808325608969,6.78852884011661,0.211633922379483,0.788811661647433,"Health Contribution",5.78808325608969,0.211633922379483,5.99971717846917,2,5.99971717846917,"Small Above"
"371830528073",5.78808325608969,6.78852884011661,0.211633922379483,0.788811661647433,"Heat Contribution",5.99971717846917,0.788811661647433,6.78852884011661,3,6.78852884011661,"Small Above"
"371830528073",5.78808325608969,6.78852884011661,0.211633922379483,0.788811661647433,"CBG Attributable Rate",0,6.78852884011661,6.78852884011661,4,6.78852884011661,"CBG"
"371830534151",5.7880832560897,4.07312396154957,-1.8788600542458,0.16390075970568,"RT Summer Avg. Rate",0,5.7880832560897,5.7880832560897,1,5.7880832560897,"Average"
"371830534151",5.7880832560897,4.07312396154957,-1.8788600542458,0.16390075970568,"Health Contribution",5.7880832560897,-1.8788600542458,3.9092232018439,2,5.7880832560897,"Small Below"
"371830534151",5.7880832560897,4.07312396154957,-1.8788600542458,0.16390075970568,"Heat Contribution",3.9092232018439,0.16390075970568,4.07312396154958,3,4.07312396154958,"Small Above"
"371830534151",5.7880832560897,4.07312396154957,-1.8788600542458,0.16390075970568,"CBG Attributable Rate",0,4.07312396154957,4.07312396154957,4,4.07312396154957,"CBG"
"371830530102",5.78808325608969,3.63442204104675,-2.16865634906058,0.0149951340176359,"RT Summer Avg. Rate",0,5.78808325608969,5.78808325608969,1,5.78808325608969,"Average"
"371830530102",5.78808325608969,3.63442204104675,-2.16865634906058,0.0149951340176359,"Health Contribution",5.78808325608969,-2.16865634906058,3.61942690702911,2,5.78808325608969,"Large Below"
"371830530102",5.78808325608969,3.63442204104675,-2.16865634906058,0.0149951340176359,"Heat Contribution",3.61942690702911,0.0149951340176359,3.63442204104675,3,3.63442204104675,"Small Above"
"371830530102",5.78808325608969,3.63442204104675,-2.16865634906058,0.0149951340176359,"CBG Attributable Rate",0,3.63442204104675,3.63442204104675,4,3.63442204104675,"CBG"
"371830542142",5.78808325608969,5.64794245729552,0.504010989618896,-0.644151788413068,"RT Summer Avg. Rate",0,5.78808325608969,5.78808325608969,1,5.78808325608969,"Average"
"371830542142",5.78808325608969,5.64794245729552,0.504010989618896,-0.644151788413068,"Health Contribution",5.78808325608969,0.504010989618896,6.29209424570859,2,6.29209424570859,"Small Above"
"371830542142",5.78808325608969,5.64794245729552,0.504010989618896,-0.644151788413068,"Heat Contribution",6.29209424570859,-0.644151788413068,5.64794245729552,3,6.29209424570859,"Small Below"
"371830542142",5.78808325608969,5.64794245729552,0.504010989618896,-0.644151788413068,"CBG Attributable Rate",0,5.64794245729552,5.64794245729552,4,5.64794245729552,"CBG"
"371830536142",5.78808325608969,3.81773157688693,-2.12167610850423,0.151324429301468,"RT Summer Avg. Rate",0,5.78808325608969,5.78808325608969,1,5.78808325608969,"Average"
"371830536142",5.78808325608969,3.81773157688693,-2.12167610850423,0.151324429301468,"Health Contribution",5.78808325608969,-2.12167610850423,3.66640714758546,2,5.78808325608969,"Large Below"
"371830536142",5.78808325608969,3.81773157688693,-2.12167610850423,0.151324429301468,"Heat Contribution",3.66640714758546,0.151324429301468,3.81773157688693,3,3.81773157688693,"Small Above"
"371830536142",5.78808325608969,3.81773157688693,-2.12167610850423,0.151324429301468,"CBG Attributable Rate",0,3.81773157688693,3.81773157688693,4,3.81773157688693,"CBG"
"371830534281",5.78808325608969,5.83826774343691,-0.127068367393963,0.177252854741183,"RT Summer Avg. Rate",0,5.78808325608969,5.78808325608969,1,5.78808325608969,"Average"
"371830534281",5.78808325608969,5.83826774343691,-0.127068367393963,0.177252854741183,"Health Contribution",5.78808325608969,-0.127068367393963,5.66101488869573,2,5.78808325608969,"Small Below"
"371830534281",5.78808325608969,5.83826774343691,-0.127068367393963,0.177252854741183,"Heat Contribution",5.66101488869573,0.177252854741183,5.83826774343691,3,5.83826774343691,"Small Above"
"371830534281",5.78808325608969,5.83826774343691,-0.127068367393963,0.177252854741183,"CBG Attributable Rate",0,5.83826774343691,5.83826774343691,4,5.83826774343691,"CBG"
"371830542224",5.78808325608969,4.14268081568025,-1.82337986822503,0.177977427815586,"RT Summer Avg. Rate",0,5.78808325608969,5.78808325608969,1,5.78808325608969,"Average"
"371830542224",5.78808325608969,4.14268081568025,-1.82337986822503,0.177977427815586,"Health Contribution",5.78808325608969,-1.82337986822503,3.96470338786466,2,5.78808325608969,"Small Below"
"371830542224",5.78808325608969,4.14268081568025,-1.82337986822503,0.177977427815586,"Heat Contribution",3.96470338786466,0.177977427815586,4.14268081568025,3,4.14268081568025,"Small Above"
"371830542224",5.78808325608969,4.14268081568025,-1.82337986822503,0.177977427815586,"CBG Attributable Rate",0,4.14268081568025,4.14268081568025,4,4.14268081568025,"CBG"
"371830534261",5.78808325608969,3.93950551443447,-1.94185279192277,0.0932750502675477,"RT Summer Avg. Rate",0,5.78808325608969,5.78808325608969,1,5.78808325608969,"Average"
"371830534261",5.78808325608969,3.93950551443447,-1.94185279192277,0.0932750502675477,"Health Contribution",5.78808325608969,-1.94185279192277,3.84623046416692,2,5.78808325608969,"Small Below"
"371830534261",5.78808325608969,3.93950551443447,-1.94185279192277,0.0932750502675477,"Heat Contribution",3.84623046416692,0.0932750502675477,3.93950551443447,3,3.93950551443447,"Small Above"
"371830534261",5.78808325608969,3.93950551443447,-1.94185279192277,0.0932750502675477,"CBG Attributable Rate",0,3.93950551443447,3.93950551443447,4,3.93950551443447,"CBG"
"371830501002",5.78808325608969,7.23266912966742,-0.404432695466605,1.84901856904433,"RT Summer Avg. Rate",0,5.78808325608969,5.78808325608969,1,5.78808325608969,"Average"
"371830501002",5.78808325608969,7.23266912966742,-0.404432695466605,1.84901856904433,"Health Contribution",5.78808325608969,-0.404432695466605,5.38365056062309,2,5.78808325608969,"Small Below"
"371830501002",5.78808325608969,7.23266912966742,-0.404432695466605,1.84901856904433,"Heat Contribution",5.38365056062309,1.84901856904433,7.23266912966742,3,7.23266912966742,"Small Above"
"371830501002",5.78808325608969,7.23266912966742,-0.404432695466605,1.84901856904433,"CBG Attributable Rate",0,7.23266912966742,7.23266912966742,4,7.23266912966742,"CBG"
"371830528141",5.78808325608969,5.34899204143285,-0.560000290552318,0.120909075895476,"RT Summer Avg. Rate",0,5.78808325608969,5.78808325608969,1,5.78808325608969,"Average"
"371830528141",5.78808325608969,5.34899204143285,-0.560000290552318,0.120909075895476,"Health Contribution",5.78808325608969,-0.560000290552318,5.22808296553737,2,5.78808325608969,"Small Below"
"371830528141",5.78808325608969,5.34899204143285,-0.560000290552318,0.120909075895476,"Heat Contribution",5.22808296553737,0.120909075895476,5.34899204143285,3,5.34899204143285,"Small Above"
"371830528141",5.78808325608969,5.34899204143285,-0.560000290552318,0.120909075895476,"CBG Attributable Rate",0,5.34899204143285,5.34899204143285,4,5.34899204143285,"CBG"
"371830542172",5.78808325608969,7.48885589395821,1.4351137089705,0.265658928898009,"RT Summer Avg. Rate",0,5.78808325608969,5.78808325608969,1,5.78808325608969,"Average"
"371830542172",5.78808325608969,7.48885589395821,1.4351137089705,0.265658928898009,"Health Contribution",5.78808325608969,1.4351137089705,7.22319696506019,2,7.22319696506019,"Small Above"
"371830542172",5.78808325608969,7.48885589395821,1.4351137089705,0.265658928898009,"Heat Contribution",7.22319696506019,0.265658928898009,7.4888558939582,3,7.4888558939582,"Small Above"
"371830542172",5.78808325608969,7.48885589395821,1.4351137089705,0.265658928898009,"CBG Attributable Rate",0,7.48885589395821,7.48885589395821,4,7.48885589395821,"CBG"
"371830545014",5.78808325608969,7.77256739319715,0.849426599720903,1.13505753738655,"RT Summer Avg. Rate",0,5.78808325608969,5.78808325608969,1,5.78808325608969,"Average"
"371830545014",5.78808325608969,7.77256739319715,0.849426599720903,1.13505753738655,"Health Contribution",5.78808325608969,0.849426599720903,6.63750985581059,2,6.63750985581059,"Small Above"
"371830545014",5.78808325608969,7.77256739319715,0.849426599720903,1.13505753738655,"Heat Contribution",6.63750985581059,1.13505753738655,7.77256739319714,3,7.77256739319714,"Small Above"
"371830545014",5.78808325608969,7.77256739319715,0.849426599720903,1.13505753738655,"CBG Attributable Rate",0,7.77256739319715,7.77256739319715,4,7.77256739319715,"CBG"
"371830528103",5.78808325608969,6.90389139797778,0.347341770523795,0.768466371364297,"RT Summer Avg. Rate",0,5.78808325608969,5.78808325608969,1,5.78808325608969,"Average"
"371830528103",5.78808325608969,6.90389139797778,0.347341770523795,0.768466371364297,"Health Contribution",5.78808325608969,0.347341770523795,6.13542502661349,2,6.13542502661349,"Small Above"
"371830528103",5.78808325608969,6.90389139797778,0.347341770523795,0.768466371364297,"Heat Contribution",6.13542502661349,0.768466371364297,6.90389139797778,3,6.90389139797778,"Small Above"
"371830528103",5.78808325608969,6.90389139797778,0.347341770523795,0.768466371364297,"CBG Attributable Rate",0,6.90389139797778,6.90389139797778,4,6.90389139797778,"CBG"
"371830536173",5.78808325608969,4.06109189908532,-2.1760220546599,0.449030697655528,"RT Summer Avg. Rate",0,5.78808325608969,5.78808325608969,1,5.78808325608969,"Average"
"371830536173",5.78808325608969,4.06109189908532,-2.1760220546599,0.449030697655528,"Health Contribution",5.78808325608969,-2.1760220546599,3.61206120142979,2,5.78808325608969,"Large Below"
"371830536173",5.78808325608969,4.06109189908532,-2.1760220546599,0.449030697655528,"Heat Contribution",3.61206120142979,0.449030697655528,4.06109189908532,3,4.06109189908532,"Small Above"
"371830536173",5.78808325608969,4.06109189908532,-2.1760220546599,0.449030697655528,"CBG Attributable Rate",0,4.06109189908532,4.06109189908532,4,4.06109189908532,"CBG"
"371830536141",5.78808325608969,4.0566142272419,-1.75972308185669,0.028254053008894,"RT Summer Avg. Rate",0,5.78808325608969,5.78808325608969,1,5.78808325608969,"Average"
"371830536141",5.78808325608969,4.0566142272419,-1.75972308185669,0.028254053008894,"Health Contribution",5.78808325608969,-1.75972308185669,4.028360174233,2,5.78808325608969,"Small Below"
"371830536141",5.78808325608969,4.0566142272419,-1.75972308185669,0.028254053008894,"Heat Contribution",4.028360174233,0.028254053008894,4.05661422724189,3,4.05661422724189,"Small Above"
"371830536141",5.78808325608969,4.0566142272419,-1.75972308185669,0.028254053008894,"CBG Attributable Rate",0,4.0566142272419,4.0566142272419,4,4.0566142272419,"CBG"
"371830536172",5.78808325608969,4.22185811124536,-2.0377653896732,0.471540244828861,"RT Summer Avg. Rate",0,5.78808325608969,5.78808325608969,1,5.78808325608969,"Average"
"371830536172",5.78808325608969,4.22185811124536,-2.0377653896732,0.471540244828861,"Health Contribution",5.78808325608969,-2.0377653896732,3.75031786641649,2,5.78808325608969,"Large Below"
"371830536172",5.78808325608969,4.22185811124536,-2.0377653896732,0.471540244828861,"Heat Contribution",3.75031786641649,0.471540244828861,4.22185811124535,3,4.22185811124535,"Small Above"
"371830536172",5.78808325608969,4.22185811124536,-2.0377653896732,0.471540244828861,"CBG Attributable Rate",0,4.22185811124536,4.22185811124536,4,4.22185811124536,"CBG"
"371830536032",5.78808325608969,5.08982271344794,-0.935659937893606,0.237399395251856,"RT Summer Avg. Rate",0,5.78808325608969,5.78808325608969,1,5.78808325608969,"Average"
"371830536032",5.78808325608969,5.08982271344794,-0.935659937893606,0.237399395251856,"Health Contribution",5.78808325608969,-0.935659937893606,4.85242331819608,2,5.78808325608969,"Small Below"
"371830536032",5.78808325608969,5.08982271344794,-0.935659937893606,0.237399395251856,"Heat Contribution",4.85242331819608,0.237399395251856,5.08982271344794,3,5.08982271344794,"Small Above"
"371830536032",5.78808325608969,5.08982271344794,-0.935659937893606,0.237399395251856,"CBG Attributable Rate",0,5.08982271344794,5.08982271344794,4,5.08982271344794,"CBG"
"371830542122",5.78808325608969,5.64118312458574,-0.462475981445237,0.315575849941285,"RT Summer Avg. Rate",0,5.78808325608969,5.78808325608969,1,5.78808325608969,"Average"
"371830542122",5.78808325608969,5.64118312458574,-0.462475981445237,0.315575849941285,"Health Contribution",5.78808325608969,-0.462475981445237,5.32560727464445,2,5.78808325608969,"Small Below"
"371830542122",5.78808325608969,5.64118312458574,-0.462475981445237,0.315575849941285,"Heat Contribution",5.32560727464445,0.315575849941285,5.64118312458574,3,5.64118312458574,"Small Above"
"371830542122",5.78808325608969,5.64118312458574,-0.462475981445237,0.315575849941285,"CBG Attributable Rate",0,5.64118312458574,5.64118312458574,4,5.64118312458574,"CBG"
"371830529032",5.78808325608969,5.04877135469371,-0.761214974998322,0.0219030736023367,"RT Summer Avg. Rate",0,5.78808325608969,5.78808325608969,1,5.78808325608969,"Average"
"371830529032",5.78808325608969,5.04877135469371,-0.761214974998322,0.0219030736023367,"Health Contribution",5.78808325608969,-0.761214974998322,5.02686828109137,2,5.78808325608969,"Small Below"
"371830529032",5.78808325608969,5.04877135469371,-0.761214974998322,0.0219030736023367,"Heat Contribution",5.02686828109137,0.0219030736023367,5.0487713546937,3,5.0487713546937,"Small Above"
"371830529032",5.78808325608969,5.04877135469371,-0.761214974998322,0.0219030736023367,"CBG Attributable Rate",0,5.04877135469371,5.04877135469371,4,5.04877135469371,"CBG"
"371830542032",5.78808325608969,3.74444446091379,-1.27740865665228,-0.766230138523628,"RT Summer Avg. Rate",0,5.78808325608969,5.78808325608969,1,5.78808325608969,"Average"
"371830542032",5.78808325608969,3.74444446091379,-1.27740865665228,-0.766230138523628,"Health Contribution",5.78808325608969,-1.27740865665228,4.51067459943741,2,5.78808325608969,"Small Below"
"371830542032",5.78808325608969,3.74444446091379,-1.27740865665228,-0.766230138523628,"Heat Contribution",4.51067459943741,-0.766230138523628,3.74444446091378,3,4.51067459943741,"Small Below"
"371830542032",5.78808325608969,3.74444446091379,-1.27740865665228,-0.766230138523628,"CBG Attributable Rate",0,3.74444446091379,3.74444446091379,4,3.74444446091379,"CBG"
"371830543041",5.78808325608969,6.6264224413069,1.27294127183951,-0.434602086622302,"RT Summer Avg. Rate",0,5.78808325608969,5.78808325608969,1,5.78808325608969,"Average"
"371830543041",5.78808325608969,6.6264224413069,1.27294127183951,-0.434602086622302,"Health Contribution",5.78808325608969,1.27294127183951,7.0610245279292,2,7.0610245279292,"Small Above"
"371830543041",5.78808325608969,6.6264224413069,1.27294127183951,-0.434602086622302,"Heat Contribution",7.0610245279292,-0.434602086622302,6.6264224413069,3,7.0610245279292,"Small Below"
"371830543041",5.78808325608969,6.6264224413069,1.27294127183951,-0.434602086622302,"CBG Attributable Rate",0,6.6264224413069,6.6264224413069,4,6.6264224413069,"CBG"
"371830543063",5.78808325608969,11.2227971172958,5.40664425335297,0.0280696078531276,"RT Summer Avg. Rate",0,5.78808325608969,5.78808325608969,1,5.78808325608969,"Average"
"371830543063",5.78808325608969,11.2227971172958,5.40664425335297,0.0280696078531276,"Health Contribution",5.78808325608969,5.40664425335297,11.1947275094427,2,11.1947275094427,"Large Above"
"371830543063",5.78808325608969,11.2227971172958,5.40664425335297,0.0280696078531276,"Heat Contribution",11.1947275094427,0.0280696078531276,11.2227971172958,3,11.2227971172958,"Small Above"
"371830543063",5.78808325608969,11.2227971172958,5.40664425335297,0.0280696078531276,"CBG Attributable Rate",0,11.2227971172958,11.2227971172958,4,11.2227971172958,"CBG"
"371830521023",5.78808325608969,9.71744844290509,1.99184158271419,1.9375236041012,"RT Summer Avg. Rate",0,5.78808325608969,5.78808325608969,1,5.78808325608969,"Average"
"371830521023",5.78808325608969,9.71744844290509,1.99184158271419,1.9375236041012,"Health Contribution",5.78808325608969,1.99184158271419,7.77992483880388,2,7.77992483880388,"Small Above"
"371830521023",5.78808325608969,9.71744844290509,1.99184158271419,1.9375236041012,"Heat Contribution",7.77992483880388,1.9375236041012,9.71744844290508,3,9.71744844290508,"Small Above"
"371830521023",5.78808325608969,9.71744844290509,1.99184158271419,1.9375236041012,"CBG Attributable Rate",0,9.71744844290509,9.71744844290509,4,9.71744844290509,"CBG"
"371830545024",5.78808325608969,8.70947232676903,1.22450644491568,1.69688262576366,"RT Summer Avg. Rate",0,5.78808325608969,5.78808325608969,1,5.78808325608969,"Average"
"371830545024",5.78808325608969,8.70947232676903,1.22450644491568,1.69688262576366,"Health Contribution",5.78808325608969,1.22450644491568,7.01258970100537,2,7.01258970100537,"Small Above"
"371830545024",5.78808325608969,8.70947232676903,1.22450644491568,1.69688262576366,"Heat Contribution",7.01258970100537,1.69688262576366,8.70947232676903,3,8.70947232676903,"Small Above"
"371830545024",5.78808325608969,8.70947232676903,1.22450644491568,1.69688262576366,"CBG Attributable Rate",0,8.70947232676903,8.70947232676903,4,8.70947232676903,"CBG"
"371830545011",5.78808325608969,4.44850845624387,-1.90622733510016,0.566652535254329,"RT Summer Avg. Rate",0,5.78808325608969,5.78808325608969,1,5.78808325608969,"Average"
"371830545011",5.78808325608969,4.44850845624387,-1.90622733510016,0.566652535254329,"Health Contribution",5.78808325608969,-1.90622733510016,3.88185592098953,2,5.78808325608969,"Small Below"
"371830545011",5.78808325608969,4.44850845624387,-1.90622733510016,0.566652535254329,"Heat Contribution",3.88185592098953,0.566652535254329,4.44850845624386,3,4.44850845624386,"Small Above"
"371830545011",5.78808325608969,4.44850845624387,-1.90622733510016,0.566652535254329,"CBG Attributable Rate",0,4.44850845624387,4.44850845624387,4,4.44850845624387,"CBG"
"371830536091",5.7880832560897,5.67402019802643,-0.645247198652417,0.531184140589152,"RT Summer Avg. Rate",0,5.7880832560897,5.7880832560897,1,5.7880832560897,"Average"
"371830536091",5.7880832560897,5.67402019802643,-0.645247198652417,0.531184140589152,"Health Contribution",5.7880832560897,-0.645247198652417,5.14283605743728,2,5.7880832560897,"Small Below"
"371830536091",5.7880832560897,5.67402019802643,-0.645247198652417,0.531184140589152,"Heat Contribution",5.14283605743728,0.531184140589152,5.67402019802643,3,5.67402019802643,"Small Above"
"371830536091",5.7880832560897,5.67402019802643,-0.645247198652417,0.531184140589152,"CBG Attributable Rate",0,5.67402019802643,5.67402019802643,4,5.67402019802643,"CBG"
"371830541061",5.78808325608969,6.19357108262153,-0.729190633199445,1.13467845973128,"RT Summer Avg. Rate",0,5.78808325608969,5.78808325608969,1,5.78808325608969,"Average"
"371830541061",5.78808325608969,6.19357108262153,-0.729190633199445,1.13467845973128,"Health Contribution",5.78808325608969,-0.729190633199445,5.05889262289025,2,5.78808325608969,"Small Below"
"371830541061",5.78808325608969,6.19357108262153,-0.729190633199445,1.13467845973128,"Heat Contribution",5.05889262289025,1.13467845973128,6.19357108262153,3,6.19357108262153,"Small Above"
"371830541061",5.78808325608969,6.19357108262153,-0.729190633199445,1.13467845973128,"CBG Attributable Rate",0,6.19357108262153,6.19357108262153,4,6.19357108262153,"CBG"
"371830541151",5.78808325608969,5.55308552465327,-0.974803318937406,0.739805587500983,"RT Summer Avg. Rate",0,5.78808325608969,5.78808325608969,1,5.78808325608969,"Average"
"371830541151",5.78808325608969,5.55308552465327,-0.974803318937406,0.739805587500983,"Health Contribution",5.78808325608969,-0.974803318937406,4.81327993715228,2,5.78808325608969,"Small Below"
"371830541151",5.78808325608969,5.55308552465327,-0.974803318937406,0.739805587500983,"Heat Contribution",4.81327993715228,0.739805587500983,5.55308552465327,3,5.55308552465327,"Small Above"
"371830541151",5.78808325608969,5.55308552465327,-0.974803318937406,0.739805587500983,"CBG Attributable Rate",0,5.55308552465327,5.55308552465327,4,5.55308552465327,"CBG"
"371830537243",5.78808325608969,3.72617243549545,-1.82865947933231,-0.23325134126193,"RT Summer Avg. Rate",0,5.78808325608969,5.78808325608969,1,5.78808325608969,"Average"
"371830537243",5.78808325608969,3.72617243549545,-1.82865947933231,-0.23325134126193,"Health Contribution",5.78808325608969,-1.82865947933231,3.95942377675738,2,5.78808325608969,"Small Below"
"371830537243",5.78808325608969,3.72617243549545,-1.82865947933231,-0.23325134126193,"Heat Contribution",3.95942377675738,-0.23325134126193,3.72617243549545,3,3.95942377675738,"Small Below"
"371830537243",5.78808325608969,3.72617243549545,-1.82865947933231,-0.23325134126193,"CBG Attributable Rate",0,3.72617243549545,3.72617243549545,4,3.72617243549545,"CBG"
"371830530063",5.78808325608969,3.16180561474726,-2.39034121325915,-0.235936428083288,"RT Summer Avg. Rate",0,5.78808325608969,5.78808325608969,1,5.78808325608969,"Average"
"371830530063",5.78808325608969,3.16180561474726,-2.39034121325915,-0.235936428083288,"Health Contribution",5.78808325608969,-2.39034121325915,3.39774204283054,2,5.78808325608969,"Large Below"
"371830530063",5.78808325608969,3.16180561474726,-2.39034121325915,-0.235936428083288,"Heat Contribution",3.39774204283054,-0.235936428083288,3.16180561474725,3,3.39774204283054,"Small Below"
"371830530063",5.78808325608969,3.16180561474726,-2.39034121325915,-0.235936428083288,"CBG Attributable Rate",0,3.16180561474726,3.16180561474726,4,3.16180561474726,"CBG"
"371830530092",5.78808325608969,7.77946314552697,1.72264362046532,0.26873626897195,"RT Summer Avg. Rate",0,5.78808325608969,5.78808325608969,1,5.78808325608969,"Average"
"371830530092",5.78808325608969,7.77946314552697,1.72264362046532,0.26873626897195,"Health Contribution",5.78808325608969,1.72264362046532,7.51072687655501,2,7.51072687655501,"Small Above"
"371830530092",5.78808325608969,7.77946314552697,1.72264362046532,0.26873626897195,"Heat Contribution",7.51072687655501,0.26873626897195,7.77946314552696,3,7.77946314552696,"Small Above"
"371830530092",5.78808325608969,7.77946314552697,1.72264362046532,0.26873626897195,"CBG Attributable Rate",0,7.77946314552697,7.77946314552697,4,7.77946314552697,"CBG"
"371830531121",5.78808325608969,7.36937029229708,0.608398529023024,0.972888507184357,"RT Summer Avg. Rate",0,5.78808325608969,5.78808325608969,1,5.78808325608969,"Average"
"371830531121",5.78808325608969,7.36937029229708,0.608398529023024,0.972888507184357,"Health Contribution",5.78808325608969,0.608398529023024,6.39648178511271,2,6.39648178511271,"Small Above"
"371830531121",5.78808325608969,7.36937029229708,0.608398529023024,0.972888507184357,"Heat Contribution",6.39648178511271,0.972888507184357,7.36937029229707,3,7.36937029229707,"Small Above"
"371830531121",5.78808325608969,7.36937029229708,0.608398529023024,0.972888507184357,"CBG Attributable Rate",0,7.36937029229708,7.36937029229708,4,7.36937029229708,"CBG"
"371830541172",5.78808325608969,7.710287994068,0.54139269133085,1.38081204664746,"RT Summer Avg. Rate",0,5.78808325608969,5.78808325608969,1,5.78808325608969,"Average"
"371830541172",5.78808325608969,7.710287994068,0.54139269133085,1.38081204664746,"Health Contribution",5.78808325608969,0.54139269133085,6.32947594742054,2,6.32947594742054,"Small Above"
"371830541172",5.78808325608969,7.710287994068,0.54139269133085,1.38081204664746,"Heat Contribution",6.32947594742054,1.38081204664746,7.710287994068,3,7.710287994068,"Small Above"
"371830541172",5.78808325608969,7.710287994068,0.54139269133085,1.38081204664746,"CBG Attributable Rate",0,7.710287994068,7.710287994068,4,7.710287994068,"CBG"
"371830529052",5.78808325608969,5.07616083842027,-1.00165282278381,0.28973040511439,"RT Summer Avg. Rate",0,5.78808325608969,5.78808325608969,1,5.78808325608969,"Average"
"371830529052",5.78808325608969,5.07616083842027,-1.00165282278381,0.28973040511439,"Health Contribution",5.78808325608969,-1.00165282278381,4.78643043330588,2,5.78808325608969,"Small Below"
"371830529052",5.78808325608969,5.07616083842027,-1.00165282278381,0.28973040511439,"Heat Contribution",4.78643043330588,0.28973040511439,5.07616083842027,3,5.07616083842027,"Small Above"
"371830529052",5.78808325608969,5.07616083842027,-1.00165282278381,0.28973040511439,"CBG Attributable Rate",0,5.07616083842027,5.07616083842027,4,5.07616083842027,"CBG"
"371830531143",5.78808325608969,5.16119017985168,-1.10755207743126,0.480659001193245,"RT Summer Avg. Rate",0,5.78808325608969,5.78808325608969,1,5.78808325608969,"Average"
"371830531143",5.78808325608969,5.16119017985168,-1.10755207743126,0.480659001193245,"Health Contribution",5.78808325608969,-1.10755207743126,4.68053117865843,2,5.78808325608969,"Small Below"
"371830531143",5.78808325608969,5.16119017985168,-1.10755207743126,0.480659001193245,"Heat Contribution",4.68053117865843,0.480659001193245,5.16119017985168,3,5.16119017985168,"Small Above"
"371830531143",5.78808325608969,5.16119017985168,-1.10755207743126,0.480659001193245,"CBG Attributable Rate",0,5.16119017985168,5.16119017985168,4,5.16119017985168,"CBG"
"371830528102",5.78808325608969,7.30380331334284,0.4739614035404,1.04175865371274,"RT Summer Avg. Rate",0,5.78808325608969,5.78808325608969,1,5.78808325608969,"Average"
"371830528102",5.78808325608969,7.30380331334284,0.4739614035404,1.04175865371274,"Health Contribution",5.78808325608969,0.4739614035404,6.26204465963009,2,6.26204465963009,"Small Above"
"371830528102",5.78808325608969,7.30380331334284,0.4739614035404,1.04175865371274,"Heat Contribution",6.26204465963009,1.04175865371274,7.30380331334283,3,7.30380331334283,"Small Above"
"371830528102",5.78808325608969,7.30380331334284,0.4739614035404,1.04175865371274,"CBG Attributable Rate",0,7.30380331334284,7.30380331334284,4,7.30380331334284,"CBG"
"371830525081",5.78808325608969,5.5264869524157,-0.695156444306724,0.433560140632728,"RT Summer Avg. Rate",0,5.78808325608969,5.78808325608969,1,5.78808325608969,"Average"
"371830525081",5.78808325608969,5.5264869524157,-0.695156444306724,0.433560140632728,"Health Contribution",5.78808325608969,-0.695156444306724,5.09292681178297,2,5.78808325608969,"Small Below"
"371830525081",5.78808325608969,5.5264869524157,-0.695156444306724,0.433560140632728,"Heat Contribution",5.09292681178297,0.433560140632728,5.52648695241569,3,5.52648695241569,"Small Above"
"371830525081",5.78808325608969,5.5264869524157,-0.695156444306724,0.433560140632728,"CBG Attributable Rate",0,5.5264869524157,5.5264869524157,4,5.5264869524157,"CBG"
"371830532063",5.78808325608969,5.60074546825382,0.0647302173782198,-0.25206800521409,"RT Summer Avg. Rate",0,5.78808325608969,5.78808325608969,1,5.78808325608969,"Average"
"371830532063",5.78808325608969,5.60074546825382,0.0647302173782198,-0.25206800521409,"Health Contribution",5.78808325608969,0.0647302173782198,5.85281347346791,2,5.85281347346791,"Small Above"
"371830532063",5.78808325608969,5.60074546825382,0.0647302173782198,-0.25206800521409,"Heat Contribution",5.85281347346791,-0.25206800521409,5.60074546825382,3,5.85281347346791,"Small Below"
"371830532063",5.78808325608969,5.60074546825382,0.0647302173782198,-0.25206800521409,"CBG Attributable Rate",0,5.60074546825382,5.60074546825382,4,5.60074546825382,"CBG"
"371830539013",5.78808325608969,3.4965596622302,-1.73118518029078,-0.56033841356871,"RT Summer Avg. Rate",0,5.78808325608969,5.78808325608969,1,5.78808325608969,"Average"
"371830539013",5.78808325608969,3.4965596622302,-1.73118518029078,-0.56033841356871,"Health Contribution",5.78808325608969,-1.73118518029078,4.05689807579891,2,5.78808325608969,"Small Below"
"371830539013",5.78808325608969,3.4965596622302,-1.73118518029078,-0.56033841356871,"Heat Contribution",4.05689807579891,-0.56033841356871,3.4965596622302,3,4.05689807579891,"Small Below"
"371830539013",5.78808325608969,3.4965596622302,-1.73118518029078,-0.56033841356871,"CBG Attributable Rate",0,3.4965596622302,3.4965596622302,4,3.4965596622302,"CBG"
"371830530112",5.78808325608969,4.08360479074886,-1.97595866859784,0.271480203257006,"RT Summer Avg. Rate",0,5.78808325608969,5.78808325608969,1,5.78808325608969,"Average"
"371830530112",5.78808325608969,4.08360479074886,-1.97595866859784,0.271480203257006,"Health Contribution",5.78808325608969,-1.97595866859784,3.81212458749185,2,5.78808325608969,"Small Below"
"371830530112",5.78808325608969,4.08360479074886,-1.97595866859784,0.271480203257006,"Heat Contribution",3.81212458749185,0.271480203257006,4.08360479074886,3,4.08360479074886,"Small Above"
"371830530112",5.78808325608969,4.08360479074886,-1.97595866859784,0.271480203257006,"CBG Attributable Rate",0,4.08360479074886,4.08360479074886,4,4.08360479074886,"CBG"
"371830530113",5.78808325608969,5.24118414998734,-0.937629895278646,0.390730789176295,"RT Summer Avg. Rate",0,5.78808325608969,5.78808325608969,1,5.78808325608969,"Average"
"371830530113",5.78808325608969,5.24118414998734,-0.937629895278646,0.390730789176295,"Health Contribution",5.78808325608969,-0.937629895278646,4.85045336081104,2,5.78808325608969,"Small Below"
"371830530113",5.78808325608969,5.24118414998734,-0.937629895278646,0.390730789176295,"Heat Contribution",4.85045336081104,0.390730789176295,5.24118414998734,3,5.24118414998734,"Small Above"
"371830530113",5.78808325608969,5.24118414998734,-0.937629895278646,0.390730789176295,"CBG Attributable Rate",0,5.24118414998734,5.24118414998734,4,5.24118414998734,"CBG"
"371830523052",5.78808325608969,4.75311970298413,-1.71839172181352,0.683428168707951,"RT Summer Avg. Rate",0,5.78808325608969,5.78808325608969,1,5.78808325608969,"Average"
"371830523052",5.78808325608969,4.75311970298413,-1.71839172181352,0.683428168707951,"Health Contribution",5.78808325608969,-1.71839172181352,4.06969153427617,2,5.78808325608969,"Small Below"
"371830523052",5.78808325608969,4.75311970298413,-1.71839172181352,0.683428168707951,"Heat Contribution",4.06969153427617,0.683428168707951,4.75311970298412,3,4.75311970298412,"Small Above"
"371830523052",5.78808325608969,4.75311970298413,-1.71839172181352,0.683428168707951,"CBG Attributable Rate",0,4.75311970298413,4.75311970298413,4,4.75311970298413,"CBG"
"371830534311",5.78808325608969,5.22194610770703,-0.435585493130428,-0.130551655252238,"RT Summer Avg. Rate",0,5.78808325608969,5.78808325608969,1,5.78808325608969,"Average"
"371830534311",5.78808325608969,5.22194610770703,-0.435585493130428,-0.130551655252238,"Health Contribution",5.78808325608969,-0.435585493130428,5.35249776295926,2,5.78808325608969,"Small Below"
"371830534311",5.78808325608969,5.22194610770703,-0.435585493130428,-0.130551655252238,"Heat Contribution",5.35249776295926,-0.130551655252238,5.22194610770702,3,5.35249776295926,"Small Below"
"371830534311",5.78808325608969,5.22194610770703,-0.435585493130428,-0.130551655252238,"CBG Attributable Rate",0,5.22194610770703,5.22194610770703,4,5.22194610770703,"CBG"
"371830541173",5.78808325608969,6.69864064705938,-0.361452212685146,1.27200960365483,"RT Summer Avg. Rate",0,5.78808325608969,5.78808325608969,1,5.78808325608969,"Average"
"371830541173",5.78808325608969,6.69864064705938,-0.361452212685146,1.27200960365483,"Health Contribution",5.78808325608969,-0.361452212685146,5.42663104340454,2,5.78808325608969,"Small Below"
"371830541173",5.78808325608969,6.69864064705938,-0.361452212685146,1.27200960365483,"Heat Contribution",5.42663104340454,1.27200960365483,6.69864064705937,3,6.69864064705937,"Small Above"
"371830541173",5.78808325608969,6.69864064705938,-0.361452212685146,1.27200960365483,"CBG Attributable Rate",0,6.69864064705938,6.69864064705938,4,6.69864064705938,"CBG"
"371830536152",5.78808325608969,4.7948236994224,-1.11974616316313,0.126486606495834,"RT Summer Avg. Rate",0,5.78808325608969,5.78808325608969,1,5.78808325608969,"Average"
"371830536152",5.78808325608969,4.7948236994224,-1.11974616316313,0.126486606495834,"Health Contribution",5.78808325608969,-1.11974616316313,4.66833709292656,2,5.78808325608969,"Small Below"
"371830536152",5.78808325608969,4.7948236994224,-1.11974616316313,0.126486606495834,"Heat Contribution",4.66833709292656,0.126486606495834,4.79482369942239,3,4.79482369942239,"Small Above"
"371830536152",5.78808325608969,4.7948236994224,-1.11974616316313,0.126486606495834,"CBG Attributable Rate",0,4.7948236994224,4.7948236994224,4,4.7948236994224,"CBG"
"371830536113",5.78808325608969,4.80836843290592,-1.69041874774137,0.710703924557594,"RT Summer Avg. Rate",0,5.78808325608969,5.78808325608969,1,5.78808325608969,"Average"
"371830536113",5.78808325608969,4.80836843290592,-1.69041874774137,0.710703924557594,"Health Contribution",5.78808325608969,-1.69041874774137,4.09766450834832,2,5.78808325608969,"Small Below"
"371830536113",5.78808325608969,4.80836843290592,-1.69041874774137,0.710703924557594,"Heat Contribution",4.09766450834832,0.710703924557594,4.80836843290591,3,4.80836843290591,"Small Above"
"371830536113",5.78808325608969,4.80836843290592,-1.69041874774137,0.710703924557594,"CBG Attributable Rate",0,4.80836843290592,4.80836843290592,4,4.80836843290592,"CBG"
"371830540202",5.78808325608969,6.04686269898074,-0.450892877258045,0.709672320149088,"RT Summer Avg. Rate",0,5.78808325608969,5.78808325608969,1,5.78808325608969,"Average"
"371830540202",5.78808325608969,6.04686269898074,-0.450892877258045,0.709672320149088,"Health Contribution",5.78808325608969,-0.450892877258045,5.33719037883164,2,5.78808325608969,"Small Below"
"371830540202",5.78808325608969,6.04686269898074,-0.450892877258045,0.709672320149088,"Heat Contribution",5.33719037883164,0.709672320149088,6.04686269898073,3,6.04686269898073,"Small Above"
"371830540202",5.78808325608969,6.04686269898074,-0.450892877258045,0.709672320149088,"CBG Attributable Rate",0,6.04686269898074,6.04686269898074,4,6.04686269898074,"CBG"
"371830542123",5.78808325608969,6.11428777917436,-0.50167264169414,0.827877164778809,"RT Summer Avg. Rate",0,5.78808325608969,5.78808325608969,1,5.78808325608969,"Average"
"371830542123",5.78808325608969,6.11428777917436,-0.50167264169414,0.827877164778809,"Health Contribution",5.78808325608969,-0.50167264169414,5.28641061439555,2,5.78808325608969,"Small Below"
"371830542123",5.78808325608969,6.11428777917436,-0.50167264169414,0.827877164778809,"Heat Contribution",5.28641061439555,0.827877164778809,6.11428777917436,3,6.11428777917436,"Small Above"
"371830542123",5.78808325608969,6.11428777917436,-0.50167264169414,0.827877164778809,"CBG Attributable Rate",0,6.11428777917436,6.11428777917436,4,6.11428777917436,"CBG"
"371830527074",5.78808325608969,6.474742422344,-0.61538974590961,1.30204891216391,"RT Summer Avg. Rate",0,5.78808325608969,5.78808325608969,1,5.78808325608969,"Average"
"371830527074",5.78808325608969,6.474742422344,-0.61538974590961,1.30204891216391,"Health Contribution",5.78808325608969,-0.61538974590961,5.17269351018008,2,5.78808325608969,"Small Below"
"371830527074",5.78808325608969,6.474742422344,-0.61538974590961,1.30204891216391,"Heat Contribution",5.17269351018008,1.30204891216391,6.47474242234399,3,6.47474242234399,"Small Above"
"371830527074",5.78808325608969,6.474742422344,-0.61538974590961,1.30204891216391,"CBG Attributable Rate",0,6.474742422344,6.474742422344,4,6.474742422344,"CBG"
"371830537242",5.78808325608969,3.4304606497142,-2.06144651883497,-0.296176087540522,"RT Summer Avg. Rate",0,5.78808325608969,5.78808325608969,1,5.78808325608969,"Average"
"371830537242",5.78808325608969,3.4304606497142,-2.06144651883497,-0.296176087540522,"Health Contribution",5.78808325608969,-2.06144651883497,3.72663673725472,2,5.78808325608969,"Large Below"
"371830537242",5.78808325608969,3.4304606497142,-2.06144651883497,-0.296176087540522,"Heat Contribution",3.72663673725472,-0.296176087540522,3.4304606497142,3,3.72663673725472,"Small Below"
"371830537242",5.78808325608969,3.4304606497142,-2.06144651883497,-0.296176087540522,"CBG Attributable Rate",0,3.4304606497142,3.4304606497142,4,3.4304606497142,"CBG"
"371830537272",5.78808325608969,3.95022776563658,-1.60294734772002,-0.234908142733096,"RT Summer Avg. Rate",0,5.78808325608969,5.78808325608969,1,5.78808325608969,"Average"
"371830537272",5.78808325608969,3.95022776563658,-1.60294734772002,-0.234908142733096,"Health Contribution",5.78808325608969,-1.60294734772002,4.18513590836967,2,5.78808325608969,"Small Below"
"371830537272",5.78808325608969,3.95022776563658,-1.60294734772002,-0.234908142733096,"Heat Contribution",4.18513590836967,-0.234908142733096,3.95022776563657,3,4.18513590836967,"Small Below"
"371830537272",5.78808325608969,3.95022776563658,-1.60294734772002,-0.234908142733096,"CBG Attributable Rate",0,3.95022776563658,3.95022776563658,4,3.95022776563658,"CBG"
"371830541163",5.78808325608969,10.1633122734396,2.83373171795028,1.54149729939962,"RT Summer Avg. Rate",0,5.78808325608969,5.78808325608969,1,5.78808325608969,"Average"
"371830541163",5.78808325608969,10.1633122734396,2.83373171795028,1.54149729939962,"Health Contribution",5.78808325608969,2.83373171795028,8.62181497403997,2,8.62181497403997,"Large Above"
"371830541163",5.78808325608969,10.1633122734396,2.83373171795028,1.54149729939962,"Heat Contribution",8.62181497403997,1.54149729939962,10.1633122734396,3,10.1633122734396,"Small Above"
"371830541163",5.78808325608969,10.1633122734396,2.83373171795028,1.54149729939962,"CBG Attributable Rate",0,10.1633122734396,10.1633122734396,4,10.1633122734396,"CBG"
"371830530052",5.78808325608969,3.32846505586119,-2.20704847404065,-0.252569726187853,"RT Summer Avg. Rate",0,5.78808325608969,5.78808325608969,1,5.78808325608969,"Average"
"371830530052",5.78808325608969,3.32846505586119,-2.20704847404065,-0.252569726187853,"Health Contribution",5.78808325608969,-2.20704847404065,3.58103478204904,2,5.78808325608969,"Large Below"
"371830530052",5.78808325608969,3.32846505586119,-2.20704847404065,-0.252569726187853,"Heat Contribution",3.58103478204904,-0.252569726187853,3.32846505586119,3,3.58103478204904,"Small Below"
"371830530052",5.78808325608969,3.32846505586119,-2.20704847404065,-0.252569726187853,"CBG Attributable Rate",0,3.32846505586119,3.32846505586119,4,3.32846505586119,"CBG"
"371830539022",5.78808325608969,4.13998122661832,-1.21900341953434,-0.429098609937043,"RT Summer Avg. Rate",0,5.78808325608969,5.78808325608969,1,5.78808325608969,"Average"
"371830539022",5.78808325608969,4.13998122661832,-1.21900341953434,-0.429098609937043,"Health Contribution",5.78808325608969,-1.21900341953434,4.56907983655535,2,5.78808325608969,"Small Below"
"371830539022",5.78808325608969,4.13998122661832,-1.21900341953434,-0.429098609937043,"Heat Contribution",4.56907983655535,-0.429098609937043,4.13998122661831,3,4.56907983655535,"Small Below"
"371830539022",5.78808325608969,4.13998122661832,-1.21900341953434,-0.429098609937043,"CBG Attributable Rate",0,4.13998122661832,4.13998122661832,4,4.13998122661832,"CBG"
"371830541152",5.78808325608969,6.55694168599489,0.441662624660276,0.32719580524492,"RT Summer Avg. Rate",0,5.78808325608969,5.78808325608969,1,5.78808325608969,"Average"
"371830541152",5.78808325608969,6.55694168599489,0.441662624660276,0.32719580524492,"Health Contribution",5.78808325608969,0.441662624660276,6.22974588074997,2,6.22974588074997,"Small Above"
"371830541152",5.78808325608969,6.55694168599489,0.441662624660276,0.32719580524492,"Heat Contribution",6.22974588074997,0.32719580524492,6.55694168599489,3,6.55694168599489,"Small Above"
"371830541152",5.78808325608969,6.55694168599489,0.441662624660276,0.32719580524492,"CBG Attributable Rate",0,6.55694168599489,6.55694168599489,4,6.55694168599489,"CBG"
"371830530032",5.78808325608969,4.39217621447969,-1.53927448934208,0.143367447732077,"RT Summer Avg. Rate",0,5.78808325608969,5.78808325608969,1,5.78808325608969,"Average"
"371830530032",5.78808325608969,4.39217621447969,-1.53927448934208,0.143367447732077,"Health Contribution",5.78808325608969,-1.53927448934208,4.24880876674761,2,5.78808325608969,"Small Below"
"371830530032",5.78808325608969,4.39217621447969,-1.53927448934208,0.143367447732077,"Heat Contribution",4.24880876674761,0.143367447732077,4.39217621447969,3,4.39217621447969,"Small Above"
"371830530032",5.78808325608969,4.39217621447969,-1.53927448934208,0.143367447732077,"CBG Attributable Rate",0,4.39217621447969,4.39217621447969,4,4.39217621447969,"CBG"
"371830523032",5.78808325608969,5.80004952132374,-0.105584682382416,0.117550947616461,"RT Summer Avg. Rate",0,5.78808325608969,5.78808325608969,1,5.78808325608969,"Average"
"371830523032",5.78808325608969,5.80004952132374,-0.105584682382416,0.117550947616461,"Health Contribution",5.78808325608969,-0.105584682382416,5.68249857370727,2,5.78808325608969,"Small Below"
"371830523032",5.78808325608969,5.80004952132374,-0.105584682382416,0.117550947616461,"Heat Contribution",5.68249857370727,0.117550947616461,5.80004952132374,3,5.80004952132374,"Small Above"
"371830523032",5.78808325608969,5.80004952132374,-0.105584682382416,0.117550947616461,"CBG Attributable Rate",0,5.80004952132374,5.80004952132374,4,5.80004952132374,"CBG"
"371830543042",5.78808325608969,6.32175828844387,0.616901562410398,-0.0832265300562204,"RT Summer Avg. Rate",0,5.78808325608969,5.78808325608969,1,5.78808325608969,"Average"
"371830543042",5.78808325608969,6.32175828844387,0.616901562410398,-0.0832265300562204,"Health Contribution",5.78808325608969,0.616901562410398,6.40498481850009,2,6.40498481850009,"Small Above"
"371830543042",5.78808325608969,6.32175828844387,0.616901562410398,-0.0832265300562204,"Heat Contribution",6.40498481850009,-0.0832265300562204,6.32175828844387,3,6.40498481850009,"Small Below"
"371830543042",5.78808325608969,6.32175828844387,0.616901562410398,-0.0832265300562204,"CBG Attributable Rate",0,6.32175828844387,6.32175828844387,4,6.32175828844387,"CBG"
"371830536111",5.78808325608969,4.37540625541136,-1.77438187500034,0.361704874322004,"RT Summer Avg. Rate",0,5.78808325608969,5.78808325608969,1,5.78808325608969,"Average"
"371830536111",5.78808325608969,4.37540625541136,-1.77438187500034,0.361704874322004,"Health Contribution",5.78808325608969,-1.77438187500034,4.01370138108935,2,5.78808325608969,"Small Below"
"371830536111",5.78808325608969,4.37540625541136,-1.77438187500034,0.361704874322004,"Heat Contribution",4.01370138108935,0.361704874322004,4.37540625541135,3,4.37540625541135,"Small Above"
"371830536111",5.78808325608969,4.37540625541136,-1.77438187500034,0.361704874322004,"CBG Attributable Rate",0,4.37540625541136,4.37540625541136,4,4.37540625541136,"CBG"
"371830524071",5.78808325608969,4.46882113165363,-1.3835862195477,0.0643240951116311,"RT Summer Avg. Rate",0,5.78808325608969,5.78808325608969,1,5.78808325608969,"Average"
"371830524071",5.78808325608969,4.46882113165363,-1.3835862195477,0.0643240951116311,"Health Contribution",5.78808325608969,-1.3835862195477,4.40449703654199,2,5.78808325608969,"Small Below"
"371830524071",5.78808325608969,4.46882113165363,-1.3835862195477,0.0643240951116311,"Heat Contribution",4.40449703654199,0.0643240951116311,4.46882113165362,3,4.46882113165362,"Small Above"
"371830524071",5.78808325608969,4.46882113165363,-1.3835862195477,0.0643240951116311,"CBG Attributable Rate",0,4.46882113165363,4.46882113165363,4,4.46882113165363,"CBG"
"371830521022",5.78808325608969,7.99034485299381,0.88034698473503,1.32191461216909,"RT Summer Avg. Rate",0,5.78808325608969,5.78808325608969,1,5.78808325608969,"Average"
"371830521022",5.78808325608969,7.99034485299381,0.88034698473503,1.32191461216909,"Health Contribution",5.78808325608969,0.88034698473503,6.66843024082472,2,6.66843024082472,"Small Above"
"371830521022",5.78808325608969,7.99034485299381,0.88034698473503,1.32191461216909,"Heat Contribution",6.66843024082472,1.32191461216909,7.99034485299381,3,7.99034485299381,"Small Above"
"371830521022",5.78808325608969,7.99034485299381,0.88034698473503,1.32191461216909,"CBG Attributable Rate",0,7.99034485299381,7.99034485299381,4,7.99034485299381,"CBG"
"371830531131",5.78808325608969,6.23474295292571,0.209378155400423,0.237281541435597,"RT Summer Avg. Rate",0,5.78808325608969,5.78808325608969,1,5.78808325608969,"Average"
"371830531131",5.78808325608969,6.23474295292571,0.209378155400423,0.237281541435597,"Health Contribution",5.78808325608969,0.209378155400423,5.99746141149011,2,5.99746141149011,"Small Above"
"371830531131",5.78808325608969,6.23474295292571,0.209378155400423,0.237281541435597,"Heat Contribution",5.99746141149011,0.237281541435597,6.23474295292571,3,6.23474295292571,"Small Above"
"371830531131",5.78808325608969,6.23474295292571,0.209378155400423,0.237281541435597,"CBG Attributable Rate",0,6.23474295292571,6.23474295292571,4,6.23474295292571,"CBG"
"371830532091",5.78808325608969,4.29282345439549,-1.26343570188406,-0.231824099810146,"RT Summer Avg. Rate",0,5.78808325608969,5.78808325608969,1,5.78808325608969,"Average"
"371830532091",5.78808325608969,4.29282345439549,-1.26343570188406,-0.231824099810146,"Health Contribution",5.78808325608969,-1.26343570188406,4.52464755420563,2,5.78808325608969,"Small Below"
"371830532091",5.78808325608969,4.29282345439549,-1.26343570188406,-0.231824099810146,"Heat Contribution",4.52464755420563,-0.231824099810146,4.29282345439548,3,4.52464755420563,"Small Below"
"371830532091",5.78808325608969,4.29282345439549,-1.26343570188406,-0.231824099810146,"CBG Attributable Rate",0,4.29282345439549,4.29282345439549,4,4.29282345439549,"CBG"
"371830531091",5.78808325608969,6.23698883907696,-0.134374165922742,0.583279748910008,"RT Summer Avg. Rate",0,5.78808325608969,5.78808325608969,1,5.78808325608969,"Average"
"371830531091",5.78808325608969,6.23698883907696,-0.134374165922742,0.583279748910008,"Health Contribution",5.78808325608969,-0.134374165922742,5.65370909016695,2,5.78808325608969,"Small Below"
"371830531091",5.78808325608969,6.23698883907696,-0.134374165922742,0.583279748910008,"Heat Contribution",5.65370909016695,0.583279748910008,6.23698883907696,3,6.23698883907696,"Small Above"
"371830531091",5.78808325608969,6.23698883907696,-0.134374165922742,0.583279748910008,"CBG Attributable Rate",0,6.23698883907696,6.23698883907696,4,6.23698883907696,"CBG"
"371830528101",5.78808325608969,4.96124098504105,-1.56145101416757,0.734608743118924,"RT Summer Avg. Rate",0,5.78808325608969,5.78808325608969,1,5.78808325608969,"Average"
"371830528101",5.78808325608969,4.96124098504105,-1.56145101416757,0.734608743118924,"Health Contribution",5.78808325608969,-1.56145101416757,4.22663224192212,2,5.78808325608969,"Small Below"
"371830528101",5.78808325608969,4.96124098504105,-1.56145101416757,0.734608743118924,"Heat Contribution",4.22663224192212,0.734608743118924,4.96124098504104,3,4.96124098504104,"Small Above"
"371830528101",5.78808325608969,4.96124098504105,-1.56145101416757,0.734608743118924,"CBG Attributable Rate",0,4.96124098504105,4.96124098504105,4,4.96124098504105,"CBG"
"371830537192",5.78808325608969,2.76786488538908,-2.36960318706657,-0.650615183634042,"RT Summer Avg. Rate",0,5.78808325608969,5.78808325608969,1,5.78808325608969,"Average"
"371830537192",5.78808325608969,2.76786488538908,-2.36960318706657,-0.650615183634042,"Health Contribution",5.78808325608969,-2.36960318706657,3.41848006902312,2,5.78808325608969,"Large Below"
"371830537192",5.78808325608969,2.76786488538908,-2.36960318706657,-0.650615183634042,"Heat Contribution",3.41848006902312,-0.650615183634042,2.76786488538908,3,3.41848006902312,"Small Below"
"371830537192",5.78808325608969,2.76786488538908,-2.36960318706657,-0.650615183634042,"CBG Attributable Rate",0,2.76786488538908,2.76786488538908,4,2.76786488538908,"CBG"
"371830523042",5.78808325608969,5.67198434234599,-0.307544276641831,0.191445362898127,"RT Summer Avg. Rate",0,5.78808325608969,5.78808325608969,1,5.78808325608969,"Average"
"371830523042",5.78808325608969,5.67198434234599,-0.307544276641831,0.191445362898127,"Health Contribution",5.78808325608969,-0.307544276641831,5.48053897944786,2,5.78808325608969,"Small Below"
"371830523042",5.78808325608969,5.67198434234599,-0.307544276641831,0.191445362898127,"Heat Contribution",5.48053897944786,0.191445362898127,5.67198434234599,3,5.67198434234599,"Small Above"
"371830523042",5.78808325608969,5.67198434234599,-0.307544276641831,0.191445362898127,"CBG Attributable Rate",0,5.67198434234599,5.67198434234599,4,5.67198434234599,"CBG"
"371830503003",5.78808325608969,4.98563269709323,-2.10914672864175,1.30669616964529,"RT Summer Avg. Rate",0,5.78808325608969,5.78808325608969,1,5.78808325608969,"Average"
"371830503003",5.78808325608969,4.98563269709323,-2.10914672864175,1.30669616964529,"Health Contribution",5.78808325608969,-2.10914672864175,3.67893652744794,2,5.78808325608969,"Large Below"
"371830503003",5.78808325608969,4.98563269709323,-2.10914672864175,1.30669616964529,"Heat Contribution",3.67893652744794,1.30669616964529,4.98563269709323,3,4.98563269709323,"Small Above"
"371830503003",5.78808325608969,4.98563269709323,-2.10914672864175,1.30669616964529,"CBG Attributable Rate",0,4.98563269709323,4.98563269709323,4,4.98563269709323,"CBG"
"371830537281",5.78808325608969,7.66664044770438,1.64040877847097,0.238148413143716,"RT Summer Avg. Rate",0,5.78808325608969,5.78808325608969,1,5.78808325608969,"Average"
"371830537281",5.78808325608969,7.66664044770438,1.64040877847097,0.238148413143716,"Health Contribution",5.78808325608969,1.64040877847097,7.42849203456066,2,7.42849203456066,"Small Above"
"371830537281",5.78808325608969,7.66664044770438,1.64040877847097,0.238148413143716,"Heat Contribution",7.42849203456066,0.238148413143716,7.66664044770438,3,7.66664044770438,"Small Above"
"371830537281",5.78808325608969,7.66664044770438,1.64040877847097,0.238148413143716,"CBG Attributable Rate",0,7.66664044770438,7.66664044770438,4,7.66664044770438,"CBG"
"371830543052",5.78808325608969,7.43721657956225,1.52353253761313,0.125600785859432,"RT Summer Avg. Rate",0,5.78808325608969,5.78808325608969,1,5.78808325608969,"Average"
"371830543052",5.78808325608969,7.43721657956225,1.52353253761313,0.125600785859432,"Health Contribution",5.78808325608969,1.52353253761313,7.31161579370282,2,7.31161579370282,"Small Above"
"371830543052",5.78808325608969,7.43721657956225,1.52353253761313,0.125600785859432,"Heat Contribution",7.31161579370282,0.125600785859432,7.43721657956225,3,7.43721657956225,"Small Above"
"371830543052",5.78808325608969,7.43721657956225,1.52353253761313,0.125600785859432,"CBG Attributable Rate",0,7.43721657956225,7.43721657956225,4,7.43721657956225,"CBG"
"371830542133",5.78808325608969,4.71309916243162,-1.70293775801058,0.627953664352507,"RT Summer Avg. Rate",0,5.78808325608969,5.78808325608969,1,5.78808325608969,"Average"
"371830542133",5.78808325608969,4.71309916243162,-1.70293775801058,0.627953664352507,"Health Contribution",5.78808325608969,-1.70293775801058,4.08514549807911,2,5.78808325608969,"Small Below"
"371830542133",5.78808325608969,4.71309916243162,-1.70293775801058,0.627953664352507,"Heat Contribution",4.08514549807911,0.627953664352507,4.71309916243162,3,4.71309916243162,"Small Above"
"371830542133",5.78808325608969,4.71309916243162,-1.70293775801058,0.627953664352507,"CBG Attributable Rate",0,4.71309916243162,4.71309916243162,4,4.71309916243162,"CBG"
"371830534283",5.78808325608969,4.80346365789445,-1.2797777466231,0.295158148427858,"RT Summer Avg. Rate",0,5.78808325608969,5.78808325608969,1,5.78808325608969,"Average"
"371830534283",5.78808325608969,4.80346365789445,-1.2797777466231,0.295158148427858,"Health Contribution",5.78808325608969,-1.2797777466231,4.50830550946659,2,5.78808325608969,"Small Below"
"371830534283",5.78808325608969,4.80346365789445,-1.2797777466231,0.295158148427858,"Heat Contribution",4.50830550946659,0.295158148427858,4.80346365789445,3,4.80346365789445,"Small Above"
"371830534283",5.78808325608969,4.80346365789445,-1.2797777466231,0.295158148427858,"CBG Attributable Rate",0,4.80346365789445,4.80346365789445,4,4.80346365789445,"CBG"
"371830542151",5.78808325608969,5.78648142792139,-0.0692590244806928,0.0676571963123924,"RT Summer Avg. Rate",0,5.78808325608969,5.78808325608969,1,5.78808325608969,"Average"
"371830542151",5.78808325608969,5.78648142792139,-0.0692590244806928,0.0676571963123924,"Health Contribution",5.78808325608969,-0.0692590244806928,5.718824231609,2,5.78808325608969,"Small Below"
"371830542151",5.78808325608969,5.78648142792139,-0.0692590244806928,0.0676571963123924,"Heat Contribution",5.718824231609,0.0676571963123924,5.78648142792139,3,5.78648142792139,"Small Above"
"371830542151",5.78808325608969,5.78648142792139,-0.0692590244806928,0.0676571963123924,"CBG Attributable Rate",0,5.78648142792139,5.78648142792139,4,5.78648142792139,"CBG"
"371830536182",5.78808325608969,3.64683719377806,-2.20847684594254,0.0672307836309103,"RT Summer Avg. Rate",0,5.78808325608969,5.78808325608969,1,5.78808325608969,"Average"
"371830536182",5.78808325608969,3.64683719377806,-2.20847684594254,0.0672307836309103,"Health Contribution",5.78808325608969,-2.20847684594254,3.57960641014715,2,5.78808325608969,"Large Below"
"371830536182",5.78808325608969,3.64683719377806,-2.20847684594254,0.0672307836309103,"Heat Contribution",3.57960641014715,0.0672307836309103,3.64683719377806,3,3.64683719377806,"Small Above"
"371830536182",5.78808325608969,3.64683719377806,-2.20847684594254,0.0672307836309103,"CBG Attributable Rate",0,3.64683719377806,3.64683719377806,4,3.64683719377806,"CBG"
"371830542191",5.78808325608969,4.01516943418667,-1.88818971485509,0.115275892952065,"RT Summer Avg. Rate",0,5.78808325608969,5.78808325608969,1,5.78808325608969,"Average"
"371830542191",5.78808325608969,4.01516943418667,-1.88818971485509,0.115275892952065,"Health Contribution",5.78808325608969,-1.88818971485509,3.8998935412346,2,5.78808325608969,"Small Below"
"371830542191",5.78808325608969,4.01516943418667,-1.88818971485509,0.115275892952065,"Heat Contribution",3.8998935412346,0.115275892952065,4.01516943418667,3,4.01516943418667,"Small Above"
"371830542191",5.78808325608969,4.01516943418667,-1.88818971485509,0.115275892952065,"CBG Attributable Rate",0,4.01516943418667,4.01516943418667,4,4.01516943418667,"CBG"
"371830543032",5.78808325608969,8.37325311979526,3.37096140298849,-0.785791539282923,"RT Summer Avg. Rate",0,5.78808325608969,5.78808325608969,1,5.78808325608969,"Average"
"371830543032",5.78808325608969,8.37325311979526,3.37096140298849,-0.785791539282923,"Health Contribution",5.78808325608969,3.37096140298849,9.15904465907818,2,9.15904465907818,"Large Above"
"371830543032",5.78808325608969,8.37325311979526,3.37096140298849,-0.785791539282923,"Heat Contribution",9.15904465907818,-0.785791539282923,8.37325311979526,3,9.15904465907818,"Small Below"
"371830543032",5.78808325608969,8.37325311979526,3.37096140298849,-0.785791539282923,"CBG Attributable Rate",0,8.37325311979526,8.37325311979526,4,8.37325311979526,"CBG"
"371459206023",5.78808325608969,2.87559885985275,-0.393751204069736,-2.51873319216721,"RT Summer Avg. Rate",0,5.78808325608969,5.78808325608969,1,5.78808325608969,"Average"
"371459206023",5.78808325608969,2.87559885985275,-0.393751204069736,-2.51873319216721,"Health Contribution",5.78808325608969,-0.393751204069736,5.39433205201995,2,5.78808325608969,"Small Below"
"371459206023",5.78808325608969,2.87559885985275,-0.393751204069736,-2.51873319216721,"Heat Contribution",5.39433205201995,-2.51873319216721,2.87559885985274,3,5.39433205201995,"Large Below"
"371459206023",5.78808325608969,2.87559885985275,-0.393751204069736,-2.51873319216721,"CBG Attributable Rate",0,2.87559885985275,2.87559885985275,4,2.87559885985275,"CBG"
"370850710041",5.78808325608969,6.43965141965143,0.235696116905941,0.415872046655794,"RT Summer Avg. Rate",0,5.78808325608969,5.78808325608969,1,5.78808325608969,"Average"
"370850710041",5.78808325608969,6.43965141965143,0.235696116905941,0.415872046655794,"Health Contribution",5.78808325608969,0.235696116905941,6.02377937299563,2,6.02377937299563,"Small Above"
"370850710041",5.78808325608969,6.43965141965143,0.235696116905941,0.415872046655794,"Heat Contribution",6.02377937299563,0.415872046655794,6.43965141965143,3,6.43965141965143,"Small Above"
"370850710041",5.78808325608969,6.43965141965143,0.235696116905941,0.415872046655794,"CBG Attributable Rate",0,6.43965141965143,6.43965141965143,4,6.43965141965143,"CBG"
"370850710031",5.78808325608969,5.78286909905265,-0.0111161366127015,0.00590197957566068,"RT Summer Avg. Rate",0,5.78808325608969,5.78808325608969,1,5.78808325608969,"Average"
"370850710031",5.78808325608969,5.78286909905265,-0.0111161366127015,0.00590197957566068,"Health Contribution",5.78808325608969,-0.0111161366127015,5.77696711947699,2,5.78808325608969,"Small Below"
"370850710031",5.78808325608969,5.78286909905265,-0.0111161366127015,0.00590197957566068,"Heat Contribution",5.77696711947699,0.00590197957566068,5.78286909905265,3,5.78286909905265,"Small Above"
"370850710031",5.78808325608969,5.78286909905265,-0.0111161366127015,0.00590197957566068,"CBG Attributable Rate",0,5.78286909905265,5.78286909905265,4,5.78286909905265,"CBG"
"370850710033",5.78808325608969,7.53466223785669,1.20946089966207,0.537118082104927,"RT Summer Avg. Rate",0,5.78808325608969,5.78808325608969,1,5.78808325608969,"Average"
"370850710033",5.78808325608969,7.53466223785669,1.20946089966207,0.537118082104927,"Health Contribution",5.78808325608969,1.20946089966207,6.99754415575176,2,6.99754415575176,"Small Above"
"370850710033",5.78808325608969,7.53466223785669,1.20946089966207,0.537118082104927,"Heat Contribution",6.99754415575176,0.537118082104927,7.53466223785669,3,7.53466223785669,"Small Above"
"370850710033",5.78808325608969,7.53466223785669,1.20946089966207,0.537118082104927,"CBG Attributable Rate",0,7.53466223785669,7.53466223785669,4,7.53466223785669,"CBG"
"371830520012",5.78808325608969,10.8396878633571,2.72896291826125,2.32264168900619,"RT Summer Avg. Rate",0,5.78808325608969,5.78808325608969,1,5.78808325608969,"Average"
"371830520012",5.78808325608969,10.8396878633571,2.72896291826125,2.32264168900619,"Health Contribution",5.78808325608969,2.72896291826125,8.51704617435094,2,8.51704617435094,"Large Above"
"371830520012",5.78808325608969,10.8396878633571,2.72896291826125,2.32264168900619,"Heat Contribution",8.51704617435094,2.32264168900619,10.8396878633571,3,10.8396878633571,"Large Above"
"371830520012",5.78808325608969,10.8396878633571,2.72896291826125,2.32264168900619,"CBG Attributable Rate",0,10.8396878633571,10.8396878633571,4,10.8396878633571,"CBG"
